,NU_ANO_CENSO,CO_IES,NO_IES,SG_UF_IES,NO_MUNICIPIO_IES,QT_MAT,QT_ING,QT_CONC
3808,2024,829,UNIVERSIDADE ESTADUAL DO TOCANTINS,TO,Palmas,1491,861,470
4196,2024,4786,"INSTITUTO FEDERAL DE EDUCAÇÃO, CIÊNCIA E TECNOLOGIA DO TOCANTINS",TO,Palmas,710,155,65
4203,2024,4969,Centro Universitário Itop,TO,Palmas,144,60,36
4223,2024,5544,FACULDADE PRESIDENTE ANTÔNIO CARLOS,TO,Porto Nacional,38,13,9
4317,2024,16759,Faculdade do Bico,TO,Augustinópolis,17,3,3
4521,2024,29118,Universidade Federal do Norte do Tocantins,TO,Araguaína,164,33,25
2905,2023,829,UNIVERSIDADE ESTADUAL DO TOCANTINS,TO,Palmas,619,619,0
3316,2023,4786,"INSTITUTO FEDERAL DE EDUCAÇÃO, CIÊNCIA E TECNOLOGIA DO TOCANTINS",TO,Palmas,638,208,109
3326,2023,4969,Centro Universitário Itop,TO,Palmas,139,26,14
3627,2023,29118,Universidade Federal do Norte do Tocantins,TO,Araguaína,172,41,35
2342,2022,3849,FUNDAÇÃO UNIVERSIDADE FEDERAL DO TOCANTINS,TO,Palmas,200,5,45
2429,2022,4786,"INSTITUTO FEDERAL DE EDUCAÇÃO, CIÊNCIA E TECNOLOGIA DO TOCANTINS",TO,Palmas,692,199,75
2438,2022,4969,Centro Universitário Itop,TO,Palmas,96,17,10
1371,2021,2741,FACULDADE CATÓLICA DOM ORIONE,TO,Araguaína,12,0,12
1439,2021,3849,FUNDAÇÃO UNIVERSIDADE FEDERAL DO TOCANTINS,TO,Palmas,228,0,32
1530,2021,4786,"INSTITUTO FEDERAL DE EDUCAÇÃO, CIÊNCIA E TECNOLOGIA DO TOCANTINS",TO,Palmas,633,208,52
1539,2021,4969,FACULDADE ITOP,TO,Palmas,113,15,5
475,2020,2741,FACULDADE CATÓLICA DOM ORIONE,TO,Araguaína,21,0,9
546,2020,3849,FUNDAÇÃO UNIVERSIDADE FEDERAL DO TOCANTINS,TO,Palmas,280,1,31
634,2020,4786,"INSTITUTO FEDERAL DE EDUCAÇÃO, CIÊNCIA E TECNOLOGIA DO TOCANTINS",TO,Palmas,636,252,46
645,2020,4969,FACULDADE ITOP,TO,Palmas,150,43,8
3639,2024,22,UNIVERSIDADE PRESBITERIANA MACKENZIE,SP,São Paulo,443,305,126
3644,2024,33,FACULDADE DE TECNOLOGIA DE SOROCABA,SP,Sorocaba,251,150,57
3645,2024,34,FACULDADE DE TECNOLOGIA DE SÃO PAULO,SP,São Paulo,7183,4386,1057
3646,2024,35,"FACULDADE DE TECNOLOGIA DE AMERICANA ""MINISTRO RALPH BIASI""",SP,Americana,551,208,110
3647,2024,36,FACULDADE DE TECNOLOGIA RUBENS LARA,SP,Santos,893,387,187
3648,2024,37,FACULDADE DE TECNOLOGIA DE JAHU,SP,Jaú,341,142,83
3658,2024,124,UNIVERSIDADE DE ARARAQUARA,SP,Araraquara,31,0,20
3659,2024,125,CENTRO UNIVERSITÁRIO DE ARARAS -,SP,Araras,179,256,26
3660,2024,135,Claretiano - Centro Universitário,SP,Batatais,238,218,67
3661,2024,137,CENTRO UNIVERSITÁRIO SAGRADO CORAÇÃO,SP,Bauru,100,94,7
3662,2024,138,CENTRO UNIVERSITÁRIO BARÃO DE MAUÁ,SP,Ribeirão Preto,12,9,6
3665,2024,146,CENTRO UNIVERSITÁRIO DE RIO PRETO,SP,São José do Rio Preto,74,48,20
3666,2024,150,UNIVERSIDADE DE SOROCABA,SP,Sorocaba,231,152,52
3668,2024,162,CENTRO UNIVERSITÁRIO BELAS ARTES DE SÃO PAULO,SP,São Paulo,64,56,11
3671,2024,167,UNIVERSIDADE METODISTA DE SÃO PAULO,SP,São Bernardo do Campo,509,159,188
3672,2024,203,UNIVERSIDADE SÃO JUDAS TADEU,SP,São Paulo,2483,1781,678
3673,2024,206,Centro Universitário Católico Ítalo Brasileiro,SP,São Paulo,1055,855,132
3674,2024,207,CENTRO UNIVERSITÁRIO MOURA LACERDA,SP,Ribeirão Preto,33,4,25
3676,2024,221,UNIVERSIDADE CRUZEIRO DO SUL,SP,São Paulo,16501,11846,3114
3677,2024,224,Centro Universitário FMABC,SP,Santo André,40,7,9
3678,2024,227,UNIVERSIDADE CATÓLICA DE SANTOS,SP,Santos,623,483,6
3679,2024,242,CENTRO UNIVERSITÁRIO ANHANGUERA PITÁGORAS AMPLI,SP,Santo André,7199,5831,1078
3680,2024,244,CENTRO UNIVERSITÁRIO FIEO,SP,Osasco,90,60,28
3681,2024,254,CENTRO UNIVERSITÁRIO UNI-BAN,SP,São Paulo,0,0,0
3682,2024,263,FACULDADES INTEGRADAS CAMPOS SALLES,SP,São Paulo,188,8,13
3683,2024,265,CENTRO UNIVERSITÁRIO DAS FACULDADES INTEGRADAS DE OURINHOS,SP,Ourinhos,54,19,21
3685,2024,271,UNIVERSIDADE DO OESTE PAULISTA,SP,Presidente Prudente,95,57,31
3686,2024,275,UNIVERSIDADE DO VALE DO PARAÍBA,SP,São José dos Campos,32,59,0
3691,2024,316,UNIVERSIDADE NOVE DE JULHO,SP,São Paulo,14988,6482,4596
3692,2024,319,UNIVERSIDADE BRASIL,SP,São Paulo,31,58,4
3693,2024,322,UNIVERSIDADE PAULISTA,SP,São Paulo,14532,12109,3797
3702,2024,360,Centro Universitário Paulistana,SP,São Paulo,24,7,13
3703,2024,363,FACULDADE MOZARTEUM DE SÃO PAULO,SP,São Paulo,3,0,3
3705,2024,368,FACULDADE DE EDUCAÇÃO FÍSICA DA ASSOCIAÇÃO CRISTÃ DE MOÇOS DE SOROCABA,SP,Sorocaba,9,0,9
3706,2024,374,CENTRO UNIVERSITÁRIO DAS FACULDADES METROPOLITANAS UNIDAS,SP,São Paulo,6067,4430,663
3707,2024,375,UNIVERSIDADE SANTO AMARO,SP,São Paulo,1925,1232,429
3708,2024,376,CENTRO UNIVERSITÁRIO ANHANGUERA DE SÃO PAULO,SP,São Paulo,312,264,129
3720,2024,417,UNIVERSIDADE CIDADE DE SÃO PAULO,SP,São Paulo,10809,7050,2341
3721,2024,420,UNIVERSIDADE DE MARÍLIA,SP,Marília,3673,1704,1161
3725,2024,434,FACULDADE SANTA MARCELINA,SP,São Paulo,63,39,12
3727,2024,438,FACULDADE DE FILOSOFIA CIÊNCIAS E LETRAS DE ITUVERAVA,SP,Ituverava,7,4,0
3728,2024,440,FACULDADE DE DIREITO DE ITÚ,SP,Itu,30,20,4
3733,2024,456,CENTRO UNIVERSITÁRIO SANT¿ANNA,SP,São Paulo,65,60,56
3734,2024,466,UNIVERSIDADE ANHEMBI MORUMBI,SP,São Paulo,8869,4415,2299
3738,2024,481,Universidade Universus Veritas Guarulhos,SP,Guarulhos,1331,665,277
3740,2024,483,CENTRO UNIVERSITÁRIO METROPOLITANO DE SÃO PAULO,SP,Guarulhos,15,18,0
3743,2024,491,CENTRO UNIVERSITÁRIO DON DOMÊNICO,SP,Guarujá,130,117,32
3745,2024,496,UNIVERSIDADE DE FRANCA,SP,Franca,4026,2705,808
3746,2024,502,CENTRO UNIVERSITÁRIO SÃO JUDAS TADEU,SP,Santos,58,16,30
3752,2024,521,UNIVERSIDADE DE MOGI DAS CRUZES,SP,Mogi das Cruzes,705,501,238
3754,2024,526,CENTRO UNIVERSITÁRIO BRAZ CUBAS,SP,Mogi das Cruzes,1496,1036,330
3769,2024,605,UNIVERSIDADE MUNICIPAL DE SÃO CAETANO DO SUL,SP,São Caetano do Sul,387,251,122
3778,2024,652,Centro Universitário Santa Cecília,SP,Pindamonhangaba,71,31,27
3781,2024,665,UNIVERSIDADE DE TAUBATÉ,SP,Taubaté,202,100,42
3783,2024,670,UNIVERSIDADE SÃO FRANCISCO,SP,Bragança Paulista,1586,948,337
3791,2024,707,CENTRO UNIVERSITÁRIO CENTRAL PAULISTA,SP,São Carlos,66,77,6
3799,2024,737,CENTRO UNIVERSITÁRIO SÃO CAMILO,SP,São Paulo,272,220,39
3800,2024,738,CENTRO UNIVERSITÁRIO TERESA D'ÁVILA,SP,Lorena,5,2,0
3802,2024,793,Centro Universitário Estácio de São Paulo,SP,São Paulo,241,145,85
3810,2024,898,Centro Universitário Unisan,SP,São Paulo,1,0,1
3813,2024,923,CENTRO UNIVERSITÁRIO SÃO ROQUE,SP,São Roque,65,42,18
3816,2024,952,UNIVERSIDADE SANTA CECÍLIA,SP,Santos,1623,1241,400
3817,2024,953,UNIVERSIDADE METROPOLITANA DE SANTOS,SP,Santos,715,529,145
3819,2024,967,FACULDADE DE TECNOLOGIA DE TAQUARITINGA,SP,Taquaritinga,566,242,129
3820,2024,997,Centro Universitário de Bauru,SP,Bauru,50,25,4
3823,2024,1032,CENTRO UNIVERSITÁRIO SALESIANO DE SÃO PAULO,SP,Americana,22,24,10
3827,2024,1046,UNIÃO DAS FACULDADES DOS GRANDES LAGOS,SP,São José do Rio Preto,66,43,2
3828,2024,1048,FACULDADE CAMPOS ELÍSEOS,SP,São Paulo,479,155,221
3838,2024,1092,FACULDADES INTEGRADAS DE BAURU,SP,Bauru,31,26,5
3839,2024,1100,Centro Universitário Carlos Drummond de Andrade,SP,São Paulo,234,70,98
3847,2024,1149,CENTRO UNIVERSITÁRIO NOSSA SENHORA DO PATROCÍNIO,SP,Itu,467,280,181
3854,2024,1187,CENTRO UNIVERSITÁRIO MÓDULO,SP,Caraguatatuba,34,26,14
3855,2024,1195,FACULDADE SENAI DE TECNOLOGIA MECATRÔNICA,SP,São Caetano do Sul,54,35,17
3858,2024,1224,CENTRO UNIVERSITÁRIO DE JALES,SP,Jales,2,0,1
3859,2024,1225,CENTRO UNIVERSITÁRIO AMPARENSE,SP,Amparo,21,0,12
3864,2024,1270,CENTRO UNIVERSITÁRIO ESTÁCIO DE RIBEIRÃO PRETO,SP,Ribeirão Preto,14576,11949,3110
3865,2024,1273,Centro Universitário Campo Limpo Paulista,SP,Campo Limpo Paulista,209,69,52
3866,2024,1276,INSTITUTO TAUBATÉ DE ENSINO SUPERIOR,SP,Taubaté,1,3,1
3867,2024,1294,Centro Universitário das Américas,SP,São Paulo,4534,2390,1182
3868,2024,1295,FACULDADE DE EDUCAÇÃO E TECNOLOGIA IRACEMA,SP,São Paulo,0,0,0
3870,2024,1310,FACULDADE DE AMERICANA,SP,Americana,282,170,80
3874,2024,1345,FACULDADE ANHANGUERA DE OSASCO,SP,Osasco,232,205,65
3879,2024,1365,CENTRO UNIVERSITÁRIO ADVENTISTA DE SÃO PAULO,SP,São Paulo,433,220,29
3884,2024,1386,FACULDADE ESAMC CAMPINAS,SP,Campinas,338,232,128
3885,2024,1388,CENTRO UNIVERSITÁRIO SUMARÉ,SP,São Paulo,509,348,74
3889,2024,1418,Centro Universitário Toledo Wyden,SP,Araçatuba,68,52,17
3894,2024,1432,FACULDADE BERTIOGA,SP,Bertioga,4,0,4
3895,2024,1433,Faculdade Vilas Boas,SP,Lençóis Paulista,0,0,0
3896,2024,1434,Centro Universitário de Itapira Uniesi,SP,Itapira,0,2,0
3899,2024,1444,Centro Universitário Einstein de Limeira,SP,Limeira,20,21,0
3903,2024,1478,FACULDADE ANHANGUERA DE SÃO BERNARDO,SP,São Bernardo do Campo,105,67,44
3906,2024,1490,CENTRO UNIVERSITÁRIO DE JAGUARIÚNA,SP,Jaguariúna,411,276,128
3910,2024,1499,FACULDADE ANHANGUERA DE TABOÃO DA SERRA,SP,Taboão da Serra,30,31,15
3916,2024,1526,Centro Universitário Senai São Paulo,SP,São Paulo,37,36,0
3920,2024,1541,FACULDADE FLAMINGO,SP,São Paulo,224,82,91
3922,2024,1554,CENTRO UNIVERSITÁRIO DO VALE DO RIBEIRA,SP,Registro,309,147,32
3924,2024,1561,FACULDADE ESAMC SOROCABA,SP,Sorocaba,119,80,32
3930,2024,1583,FACULDADE DE TECNOLOGIA DE INDAIATUBA,SP,Indaiatuba,848,410,175
3931,2024,1584,FACULDADE DE TECNOLOGIA DE GUARATINGUETÁ,SP,Guaratinguetá,513,236,105
3940,2024,1659,FACULDADE ESTÁCIO DE SÁ DE OURINHOS,SP,Ourinhos,2,0,2
3946,2024,1690,FACULDADE DE SÃO VICENTE,SP,São Vicente,279,164,55
3951,2024,1713,FACULDADE DE TECNOLOGIA DE SÃO VICENTE,SP,São Vicente,39,18,18
3955,2024,1723,STRONG BUSINESS SCHOOL,SP,Santo André,41,20,10
3956,2024,1725,FACULDADE XV DE AGOSTO,SP,Socorro,6,6,0
3959,2024,1732,FACULDADE GENNARI E PEARTREE,SP,Pederneiras,61,31,13
3961,2024,1742,Centro Universitário de Tecnologia Carlos Drummond de Andrade,SP,São Paulo,108,107,27
3962,2024,1745,Faculdade Interativa de São Paulo,SP,São Paulo,23,18,8
3964,2024,1762,Centro Universitário de Tecnologia e Negócios Carlos Drummond de Andrade,SP,São Paulo,25,27,7
3969,2024,1776,Faculdade Anhanguera de Tecnologia de Jundiaí,SP,Jundiaí,26,34,9
3972,2024,1788,FACULDADE DE ADMINISTRAÇÃO E ARTES DE LIMEIRA,SP,Limeira,39,19,16
3976,2024,1810,"INSTITUTO FEDERAL DE EDUCAÇÃO, CIÊNCIA E TECNOLOGIA DE SÃO PAULO",SP,São Paulo,954,419,206
3984,2024,1834,FACULDADE DE AGUDOS,SP,Agudos,32,22,5
3985,2024,1836,CENTRO UNIVERSITÁRIO FUNDAÇÃO DE ENSINO OCTÁVIO BASTOS - FEOB,SP,São João da Boa Vista,119,84,56
3986,2024,1838,FACULDADES INTEGRADAS RIO BRANCO,SP,São Paulo,10,10,0
3987,2024,1841,CENTRO UNIVERSITÁRIO ANTÔNIO EUFRÁSIO DE TOLEDO DE PRESIDENTE PRUDENTE - TOLEDO PRUDENTE,SP,Presidente Prudente,56,32,18
3989,2024,1846,CENTRO UNIVERSITÁRIO DE LINS,SP,Lins,932,203,261
3990,2024,1853,Centro Universitário UNIBTA,SP,São Paulo,796,463,55
3991,2024,1854,CLARETIANO - CENTRO UNIVERSITÁRIO,SP,Rio Claro,155,87,71
3995,2024,1874,FACULDADE DE TECNOLOGIA DE OURINHOS,SP,Ourinhos,264,129,38
3999,2024,1892,Centro Universitário de Excelência Eniac,SP,Guarulhos,1421,709,296
4008,2024,1949,CENTRO UNIVERSITÁRIO DE PAULÍNIA,SP,Paulínia,92,61,33
4023,2024,2123,CENTRO UNIVERSITÁRIO MAX PLANCK,SP,Indaiatuba,162,124,34
4029,2024,2183,CENTRO UNIVERSITÁRIO FUNDAÇÃO SANTO ANDRÉ,SP,Santo André,98,85,21
4035,2024,2279,Centro Universitário Metrocamp Wyden,SP,Campinas,338,404,34
4040,2024,2408,FACULDADE ESAMC SANTOS,SP,Santos,97,87,2
4056,2024,2625,CENTRO UNIVERSITÁRIO UFBRA,SP,São José dos Campos,1620,2490,0
4059,2024,2688,FACULDADE INESP - INSTITUTO NACIONAL DE ENSINO E PESQUISA,SP,Jacareí,60,32,19
4074,2024,3008,FACULDADE DO INSTITUTO NACIONAL DE PÓS-GRADUAÇÃO DE SÃO JOSÉ DOS CAMPOS,SP,São José dos Campos,15,15,0
4092,2024,3294,CENTRO UNIVERSITÁRIO FAVENI,SP,Guarulhos,607,217,20
4108,2024,3529,CENTRO UNIVERSITÁRIO EURÍPEDES DE MARÍLIA,SP,Marília,63,46,25
4111,2024,3603,FACULDADE ANHANGUERA DE GUARULHOS,SP,Guarulhos,104,130,22
4112,2024,3612,FACULDADE ANHANGUERA DE VALINHOS,SP,Valinhos,0,0,0
4117,2024,3779,CENTRO UNIVERSITÁRIO ESTÁCIO DE SANTO ANDRÉ,SP,Santo André,127,57,56
4131,2024,3937,Faculdade Anhanguera de Indaiatuba,SP,Indaiatuba,0,0,0
4135,2024,3985,CENTRO UNIVERSITÁRIO SENAC,SP,São Paulo,2428,1911,583
4138,2024,4007,"FATECE - FACULDADE DE TECNOLOGIA, CIÊNCIAS E EDUCAÇÃO",SP,Pirassununga,29,20,11
4140,2024,4017,CENTRO UNIVERSITÁRIO PADRE ANCHIETA,SP,Jundiaí,930,714,172
4141,2024,4020,FACULDADE DE TECNOLOGIA DE BOTUCATU,SP,Botucatu,423,232,79
4142,2024,4021,FACULDADE DE TECNOLOGIA DE GARÇA,SP,Garça,255,131,58
4143,2024,4022,FACULDADE DE TECNOLOGIA DE JUNDIAÍ,SP,Jundiaí,334,156,65
4144,2024,4023,FACULDADE DE TECNOLOGIA DE MAUÁ,SP,Mauá,265,149,41
4145,2024,4024,FACULDADE DE TECNOLOGIA DE MOCOCA,SP,Mococa,333,141,49
4146,2024,4025,FACULDADE DE TECNOLOGIA DE SÃO JOSÉ DO RIO PRETO,SP,São José do Rio Preto,262,144,51
4147,2024,4026,FACULDADE DE TECNOLOGIA ZONA LESTE,SP,São Paulo,1145,528,238
4150,2024,4059,"FACULDADE DE SAÚDE, CIÊNCIAS E TECNOLOGIA - FACESB",SP,São Joaquim da Barra,26,21,5
4152,2024,4086,FACULDADE DE TECNOLOGIA JARDIM,SP,Santo André,229,89,170
4159,2024,4150,FACULDADE DE TECNOLOGIA DE PIRACICABA,SP,Piracicaba,213,112,64
4161,2024,4169,Faculdade Estácio de Carapicuíba,SP,Carapicuíba,112,98,43
4162,2024,4211,Faculdade ESAMC São Paulo - ESAMC,SP,São Paulo,1,0,1
4177,2024,4597,FACULDADE FUTURA,SP,Votuporanga,16,7,8
4180,2024,4652,FACULDADE ANHANGÜERA DE SÃO JOSÉ,SP,São José dos Campos,29,39,16
4181,2024,4655,FACULDADE ANHANGÜERA DE SOROCABA,SP,Sorocaba,76,88,27
4182,2024,4656,FACULDADE ANHANGÜERA DE PIRACICABA,SP,Piracicaba,63,60,27
4189,2024,4724,FACULDADE DE CIÊNCIAS HUMANAS DO ESTADO DE SÃO PAULO,SP,Cruzeiro,51,22,10
4197,2024,4826,FACULDADE ANHANGÜERA DE CAMPINAS,SP,Campinas,62,37,35
4198,2024,4878,FACULDADE ANHANGUERA DE ITAPECERICA DA SERRA,SP,Itapecerica da Serra,9,6,9
4201,2024,4926,FACULDADE DE TECNOLOGIA DE PRAIA GRANDE,SP,Praia Grande,561,186,135
4204,2024,4983,FACULDADE IBRA DE TECNOLOGIA,SP,São José dos Campos,16,0,6
4206,2024,4995,Faculdade Educamais,SP,São Paulo,41,38,1
4212,2024,5215,CENTRO UNIVERSITÁRIO PADRE ALBINO,SP,Catanduva,289,137,110
4214,2024,5288,FACULDADE ANHANGÜERA DE RIBEIRÃO PRETO,SP,Ribeirão Preto,9,6,6
4215,2024,5312,Centro Universitário UNIFAAT,SP,Atibaia,217,91,80
4219,2024,5387,FACULDADE IMPACTA,SP,São Paulo,0,0,0
4224,2024,5555,FACULDADE ANHANGUERA DE JACAREÍ,SP,Jacareí,52,51,16
4225,2024,5627,FACULDADE DE TECNOLOGIA DE PRESIDENTE PRUDENTE,SP,Presidente Prudente,314,145,58
4226,2024,5633,FACULDADE DE TECNOLOGIA DE BRAGANÇA PAULISTA,SP,Bragança Paulista,193,107,41
4227,2024,5669,CENTRO UNIVERSITÁRIO ETEP,SP,São José dos Campos,16,0,4
4232,2024,11308,FACULDADE ANHANGUERA DE SUMARÉ,SP,Sumaré,95,91,29
4239,2024,12522,FACULDADE MOGIANA DO ESTADO DE SÃO PAULO,SP,Mogi Guaçu,51,21,26
4241,2024,12723,FACULDADE FINACI,SP,São Paulo,29,25,1
4244,2024,12817,FACULDADE IMESP MONITOR,SP,São Paulo,8,5,2
4253,2024,13488,FACULDADE SEQÜENCIAL,SP,São Paulo,54,21,10
4258,2024,13752,FACULDADE METROPOLITANA DE GUARULHOS,SP,Guarulhos,7,7,0
4264,2024,14194,FATEC - FACULDADE DE TEOLOGIA E CIÊNCIAS DE VOTUPORANGA,SP,Votuporanga,120,40,0
4267,2024,14401,FACULDADE DE TECNOLOGIA PORTO DAS MONÇÕES,SP,Porto Feliz,12,8,3
4272,2024,14715,Centro Universitário Piaget,SP,Suzano,160,112,66
4289,2024,15576,Faculdade de Tecnologia de Mogi das Cruzes,SP,Mogi das Cruzes,669,318,133
4290,2024,15581,Faculdade de Tecnologia de São José dos Campos - Jessen Vidal,SP,São José dos Campos,534,237,98
4291,2024,15680,Fatec Cruzeiro - Prof. Waldomiro May,SP,Cruzeiro,376,126,55
4292,2024,15682,Faculdade de Tecnologia de Piracicaba,SP,Piracicaba,347,155,63
4293,2024,15687,Faculdade de Tecnologia de Pindamonhangaba,SP,Pindamonhangaba,157,65,35
4294,2024,15688,FACULDADE DE TECONOLOGIA DA ZONA SUL,SP,São Paulo,626,281,143
4295,2024,15689,Faculdade de Tecnologia de Bauru,SP,Bauru,90,57,12
4296,2024,15693,Faculdade de Tecnologia de Itapetininga - Prof.Antônio Belizandro Barbosa Rezende,SP,Itapetininga,614,358,92
4297,2024,15695,Faculdade de Tecnologia Dom Amaury Castanho,SP,Itu,180,103,37
4298,2024,15696,Faculdade de Tecnologia de Sertãozinho,SP,Sertãozinho,528,235,73
4299,2024,15708,Faculdade de Tecnologia Dr. Thomaz Novelino,SP,Franca,753,351,177
4300,2024,15715,FACULDADE DE TECNOLOGIA PROFESSOR ANTÔNIO SEABRA,SP,Lins,396,180,56
4301,2024,15745,Faculdade de Tecnologia de São Caetano do Sul,SP,São Caetano do Sul,118,66,35
4302,2024,15746,Faculdade de Tecnologia do Ipiranga,SP,São Paulo,274,90,47
4303,2024,15752,Faculdade de Tecnologia de Guarulhos,SP,Guarulhos,833,388,157
4304,2024,15757,Faculdade de Tecnologia de Barueri,SP,Barueri,451,76,148
4305,2024,15769,Faculdade de Tecnologia de Jales,SP,Jales,299,85,68
4306,2024,15793,Faculdade de Tecnologia de São Sebastião,SP,São Sebastião,293,108,106
4307,2024,15803,FACULDADE DE TECNOLOGIA DE TATUÍ - PROF. WILSON ROBERTO RIBEIRO DE CAMARGO,SP,Tatuí,486,207,100
4308,2024,15859,Faculdade Católica Paulista,SP,Marília,1022,237,294
4310,2024,15922,Faculdade FABAD,SP,Pindamonhangaba,2,13,0
4313,2024,16395,Faculdade de Tecnologia de Carapicuiba,SP,Carapicuíba,278,167,59
4314,2024,16410,Faculdade de Tecnologia de Catanduva,SP,Catanduva,313,138,68
4315,2024,16543,Faculdade Metropolitana do Estado de São Paulo,SP,Ribeirão Preto,1754,1005,399
4325,2024,17355,Faculdade de Educação em Ciências da Saúde,SP,São Paulo,56,19,13
4331,2024,17593,Faculdade de Botucatu,SP,Botucatu,12,5,4
4332,2024,17608,Centro Universitário Faep,SP,São Paulo,18,3,11
4339,2024,17854,Centro Universitário Unifecaf,SP,Taboão da Serra,4866,5594,325
4340,2024,17902,FACULDADE ESAMC JUNDIAÍ,SP,Jundiaí,22,16,7
4341,2024,17928,Faculdade Aliança Educacional do Estado de São Paulo,SP,Itapevi,37,0,26
4344,2024,18035,Escola Brasileira de Medicina Chinesa,SP,São Paulo,8,10,0
4345,2024,18049,Faculdade de Tecnologia de Taubaté,SP,Taubaté,148,48,11
4347,2024,18099,Faculdade de Tecnologia de Diadema Luigi Papaiz,SP,Diadema,211,85,55
4349,2024,18165,Fundação Universidade Virtual do Estado de São Paulo,SP,São Paulo,2877,1390,0
4352,2024,18258,FACULDADE UNIFICADA DO ESTADO DE SÃO PAULO,SP,Mauá,24,12,0
4359,2024,18667,FACULDADE SANTO ANTÔNIO,SP,Caçapava,53,52,5
4362,2024,18711,FACULDADE INOVA MAIS DE SÃO PAULO,SP,São Paulo,20,20,0
4369,2024,19252,FACULDADE DE TECNOLOGIA ALPHA CHANNEL,SP,São Paulo,0,0,0
4372,2024,19325,Faculdade do Centro Oeste Paulista,SP,Piratininga,18,18,0
4376,2024,19500,Faculdade de Tecnologia de São Carlos,SP,São Carlos,392,159,102
4377,2024,19501,Faculdade de Tecnologia Sebrae,SP,São Paulo,393,168,27
4379,2024,19578,Faculdade de Tecnologia de Cotia,SP,Cotia,667,358,70
4383,2024,19739,Faculdade de Tecnologia de Campinas,SP,Campinas,241,167,25
4385,2024,19861,Faculdade de Santana de Parnaíba,SP,Santana de Parnaíba,19,6,15
4386,2024,19862,Faculdade de Tecnologia Jorge Caram Sabbag,SP,Bebedouro,129,53,31
4387,2024,19864,Faculdade de Tecnologia de Itapira,SP,Itapira,266,114,64
4390,2024,19879,Faculdade IPESSP,SP,São Paulo,24,12,7
4395,2024,20340,FACULDADE PAULISTA DE CIÊNCIAS DA SAÚDE,SP,São Paulo,46,33,3
4409,2024,21431,Faculdade IBECO,SP,São Paulo,19,33,0
4411,2024,21502,FACULDADES INTEGRADAS POTENCIAL,SP,Cotia,33,24,9
4412,2024,21573,Faculdade Ana Carolina Puga,SP,São Paulo,10,11,0
4415,2024,21638,Faculdade PECEGE,SP,Piracicaba,30,0,26
4418,2024,21713,Faculdade de Tecnologia - Fatec de Ribeirão Preto,SP,Ribeirão Preto,293,171,61
4422,2024,21826,Faculdade Sebrae,SP,São Paulo,15,15,0
4428,2024,21940,Faculdade Phorte de Educação e Tecnologia,SP,São Paulo,66,63,25
4435,2024,22176,Faculdade ENAU,SP,Ribeirão Pires,58,31,21
4438,2024,22316,FACULDADE NOVE DE JULHO MAUÁ,SP,Mauá,57,23,24
4439,2024,22319,Faculdade de Tecnologia de Itatiba,SP,Itatiba,158,93,25
4450,2024,22603,FACULDADE ANCLIVEPA DE GESTÃO E HUMANOLOGIA,SP,São Paulo,3,0,3
4460,2024,22814,Faculdade Auden Educacional,SP,São Paulo,1324,708,414
4461,2024,22862,FranklinCovey Business School,SP,São Paulo,22,3,17
4462,2024,22866,Faculdade Associada Brasil - EAD,SP,São Paulo,80,72,5
4465,2024,22939,Faculdade de Tecnologia de Araraquara,SP,Araraquara,123,63,33
4466,2024,23022,Faculdade Cetrus Sanar,SP,São Paulo,59,29,0
4467,2024,23139,BRAIN BUSINESS SCHOOL,SP,São Paulo,16,16,0
4468,2024,23147,Faculdade do Comércio de São Paulo,SP,São Paulo,437,227,111
4469,2024,23194,Faculdade PSICOLOG,SP,Ribeirão Preto,5,3,4
4472,2024,23241,Instituto Universitário São Judas de São Bernardo do Campo,SP,São Bernardo do Campo,144,75,59
4477,2024,23438,Faculdade de Tecnologia de Araras,SP,Araras,137,72,22
4479,2024,23459,Faculdade de Tecnologia de Adamantina,SP,Adamantina,14,16,0
4480,2024,23700,Faculdade de Tecnologia de Ferraz de Vasconcelos,SP,Ferraz de Vasconcelos,250,152,39
4482,2024,23723,FACULDADE VOLPE MIELE,SP,Ribeirão Preto,28,19,0
4487,2024,23867,Faculdade de Tecnologia de Sumaré,SP,Sumaré,456,179,90
4490,2024,24046,Faculdade da Associação Médica Paulista,SP,São Paulo,24,0,0
4491,2024,24196,FACULDADE CLEBER LEITE - EAD,SP,Santo André,3,0,0
4495,2024,24300,Faculdade Unida de São Paulo - EAD,SP,São Paulo,16,16,0
4499,2024,24507,Escola de Ensino Superior da Fipe,SP,São Paulo,40,26,16
4505,2024,24709,Instituto Racine de Educação Superior,SP,São Paulo,12,0,0
4506,2024,24864,INSTITUTO DE EDUCAÇÃO SUPERIOR E INOVAÇÃO INVENIO,SP,São Paulo,26,11,8
4508,2024,25181,FACULDADE ALPHAVILLE,SP,Osasco,60,50,6
4510,2024,25451,Faculdade Prepara,SP,São José do Rio Preto,9,0,0
4511,2024,25474,Faculdade Microlins,SP,Catanduva,27,0,5
4514,2024,25576,Faculdade TERZIUS,SP,Campinas,10,1,0
4517,2024,26265,Faculdade ITA Educacional,SP,São Paulo,33,44,0
4520,2024,28986,Faculdade de Tecnologia de Barretos,SP,Barretos,161,72,29
2735,2023,22,UNIVERSIDADE PRESBITERIANA MACKENZIE,SP,São Paulo,630,301,252
2740,2023,33,FACULDADE DE TECNOLOGIA DE SOROCABA,SP,Sorocaba,282,174,61
2741,2023,34,FACULDADE DE TECNOLOGIA DE SÃO PAULO,SP,São Paulo,6311,4634,612
2742,2023,35,"FACULDADE DE TECNOLOGIA DE AMERICANA ""MINISTRO RALPH BIASI""",SP,Americana,709,304,149
2743,2023,36,FACULDADE DE TECNOLOGIA RUBENS LARA,SP,Santos,853,411,120
2744,2023,37,FACULDADE DE TECNOLOGIA DE JAHU,SP,Jaú,380,169,92
2754,2023,124,UNIVERSIDADE DE ARARAQUARA,SP,Araraquara,81,34,22
2755,2023,125,CENTRO UNIVERSITÁRIO DE ARARAS -,SP,Araras,232,189,68
2756,2023,135,Claretiano - Centro Universitário,SP,Batatais,264,203,91
2757,2023,137,CENTRO UNIVERSITÁRIO SAGRADO CORAÇÃO,SP,Bauru,89,202,0
2758,2023,138,CENTRO UNIVERSITÁRIO BARÃO DE MAUÁ,SP,Ribeirão Preto,22,9,12
2761,2023,146,CENTRO UNIVERSITÁRIO DE RIO PRETO,SP,São José do Rio Preto,106,111,33
2762,2023,150,UNIVERSIDADE DE SOROCABA,SP,Sorocaba,211,169,39
2764,2023,162,CENTRO UNIVERSITÁRIO BELAS ARTES DE SÃO PAULO,SP,São Paulo,61,49,8
2767,2023,167,UNIVERSIDADE METODISTA DE SÃO PAULO,SP,São Bernardo do Campo,586,362,135
2769,2023,203,UNIVERSIDADE SÃO JUDAS TADEU,SP,São Paulo,2156,1950,341
2770,2023,206,Centro Universitário Católico Ítalo Brasileiro,SP,São Paulo,881,714,128
2771,2023,207,CENTRO UNIVERSITÁRIO MOURA LACERDA,SP,Ribeirão Preto,55,31,23
2773,2023,221,UNIVERSIDADE CRUZEIRO DO SUL,SP,São Paulo,15647,12906,2875
2774,2023,224,Centro Universitário FMABC,SP,Santo André,57,38,11
2775,2023,227,UNIVERSIDADE CATÓLICA DE SANTOS,SP,Santos,588,665,0
2776,2023,242,CENTRO UNIVERSITÁRIO ANHANGUERA PITÁGORAS AMPLI,SP,Santo André,4229,3245,632
2777,2023,244,CENTRO UNIVERSITÁRIO FIEO,SP,Osasco,84,87,9
2778,2023,254,CENTRO UNIVERSITÁRIO UNI-BAN,SP,São Paulo,0,0,0
2779,2023,263,FACULDADES INTEGRADAS CAMPOS SALLES,SP,São Paulo,216,11,38
2780,2023,265,CENTRO UNIVERSITÁRIO DAS FACULDADES INTEGRADAS DE OURINHOS,SP,Ourinhos,57,39,9
2782,2023,271,UNIVERSIDADE DO OESTE PAULISTA,SP,Presidente Prudente,111,23,56
2788,2023,316,UNIVERSIDADE NOVE DE JULHO,SP,São Paulo,15467,8043,4487
2789,2023,319,UNIVERSIDADE BRASIL,SP,São Paulo,28,12,16
2790,2023,322,UNIVERSIDADE PAULISTA,SP,São Paulo,16615,10500,4359
2799,2023,360,Centro Universitário Paulistana,SP,São Paulo,27,25,4
2800,2023,363,FACULDADE MOZARTEUM DE SÃO PAULO,SP,São Paulo,5,2,1
2802,2023,368,FACULDADE DE EDUCAÇÃO FÍSICA DA ASSOCIAÇÃO CRISTÃ DE MOÇOS DE SOROCABA,SP,Sorocaba,12,6,0
2803,2023,374,CENTRO UNIVERSITÁRIO DAS FACULDADES METROPOLITANAS UNIDAS,SP,São Paulo,5077,4381,806
2804,2023,375,UNIVERSIDADE SANTO AMARO,SP,São Paulo,1804,1066,499
2805,2023,376,CENTRO UNIVERSITÁRIO ANHANGUERA DE SÃO PAULO,SP,São Paulo,333,380,77
2817,2023,417,UNIVERSIDADE CIDADE DE SÃO PAULO,SP,São Paulo,10950,7864,2520
2818,2023,420,UNIVERSIDADE DE MARÍLIA,SP,Marília,3562,2539,731
2822,2023,434,FACULDADE SANTA MARCELINA,SP,São Paulo,49,22,11
2824,2023,438,FACULDADE DE FILOSOFIA CIÊNCIAS E LETRAS DE ITUVERAVA,SP,Ituverava,6,4,0
2825,2023,440,FACULDADE DE DIREITO DE ITÚ,SP,Itu,5,5,0
2829,2023,456,CENTRO UNIVERSITÁRIO SANT¿ANNA,SP,São Paulo,44,127,25
2830,2023,458,UNIVERSIDADE IBIRAPUERA,SP,São Paulo,1,0,1
2831,2023,466,UNIVERSIDADE ANHEMBI MORUMBI,SP,São Paulo,11110,5862,2967
2835,2023,481,Universidade Universus Veritas Guarulhos,SP,Guarulhos,918,333,273
2837,2023,483,CENTRO UNIVERSITÁRIO METROPOLITANO DE SÃO PAULO,SP,Guarulhos,0,4,0
2840,2023,491,CENTRO UNIVERSITÁRIO DON DOMÊNICO,SP,Guarujá,76,38,27
2842,2023,496,UNIVERSIDADE DE FRANCA,SP,Franca,4331,3121,999
2843,2023,502,CENTRO UNIVERSITÁRIO SÃO JUDAS TADEU,SP,Santos,157,69,50
2849,2023,521,UNIVERSIDADE DE MOGI DAS CRUZES,SP,Mogi das Cruzes,756,629,206
2851,2023,526,CENTRO UNIVERSITÁRIO BRAZ CUBAS,SP,Mogi das Cruzes,1511,1128,352
2864,2023,605,UNIVERSIDADE MUNICIPAL DE SÃO CAETANO DO SUL,SP,São Caetano do Sul,333,236,64
2873,2023,652,Centro Universitário Santa Cecília,SP,Pindamonhangaba,61,43,3
2876,2023,665,UNIVERSIDADE DE TAUBATÉ,SP,Taubaté,216,177,21
2878,2023,670,UNIVERSIDADE SÃO FRANCISCO,SP,Bragança Paulista,1410,880,259
2886,2023,707,CENTRO UNIVERSITÁRIO CENTRAL PAULISTA,SP,São Carlos,89,152,1
2889,2023,716,FACULDADES INTEGRADAS DE BOTUCATU,SP,Botucatu,0,0,0
2895,2023,737,CENTRO UNIVERSITÁRIO SÃO CAMILO,SP,São Paulo,236,207,31
2897,2023,793,Centro Universitário Estácio de São Paulo,SP,São Paulo,305,193,68
2907,2023,886,FACULDADE DE HORTOLÂNDIA,SP,Hortolândia,0,0,0
2908,2023,898,Centro Universitário Unisan,SP,São Paulo,64,0,61
2911,2023,923,CENTRO UNIVERSITÁRIO SÃO ROQUE,SP,São Roque,65,52,5
2914,2023,952,UNIVERSIDADE SANTA CECÍLIA,SP,Santos,1485,556,409
2915,2023,953,UNIVERSIDADE METROPOLITANA DE SANTOS,SP,Santos,793,340,324
2916,2023,997,Centro Universitário de Bauru,SP,Bauru,36,36,0
2919,2023,1032,CENTRO UNIVERSITÁRIO SALESIANO DE SÃO PAULO,SP,Americana,34,3,13
2923,2023,1046,UNIÃO DAS FACULDADES DOS GRANDES LAGOS,SP,São José do Rio Preto,49,59,18
2924,2023,1048,FACULDADE CAMPOS ELÍSEOS,SP,São Paulo,882,591,87
2935,2023,1092,FACULDADES INTEGRADAS DE BAURU,SP,Bauru,17,23,2
2936,2023,1100,Centro Universitário Carlos Drummond de Andrade,SP,São Paulo,282,231,24
2944,2023,1149,CENTRO UNIVERSITÁRIO NOSSA SENHORA DO PATROCÍNIO,SP,Itu,510,346,168
2951,2023,1187,CENTRO UNIVERSITÁRIO MÓDULO,SP,Caraguatatuba,32,28,8
2952,2023,1195,FACULDADE SENAI DE TECNOLOGIA MECATRÔNICA,SP,São Caetano do Sul,27,27,0
2955,2023,1224,CENTRO UNIVERSITÁRIO DE JALES,SP,Jales,3,1,1
2956,2023,1225,CENTRO UNIVERSITÁRIO AMPARENSE,SP,Amparo,45,16,12
2962,2023,1270,CENTRO UNIVERSITÁRIO ESTÁCIO DE RIBEIRÃO PRETO,SP,Ribeirão Preto,16450,13280,3779
2963,2023,1273,Centro Universitário Campo Limpo Paulista,SP,Campo Limpo Paulista,255,74,75
2964,2023,1276,INSTITUTO TAUBATÉ DE ENSINO SUPERIOR,SP,Taubaté,1,13,1
2965,2023,1294,Centro Universitário das Américas,SP,São Paulo,5385,2475,2555
2966,2023,1295,FACULDADE DE EDUCAÇÃO E TECNOLOGIA IRACEMA,SP,São Paulo,3,0,3
2968,2023,1310,FACULDADE DE AMERICANA,SP,Americana,259,211,64
2972,2023,1345,FACULDADE ANHANGUERA DE OSASCO,SP,Osasco,250,253,69
2977,2023,1365,CENTRO UNIVERSITÁRIO ADVENTISTA DE SÃO PAULO,SP,São Paulo,363,232,39
2983,2023,1386,FACULDADE ESAMC CAMPINAS,SP,Campinas,264,282,29
2984,2023,1388,CENTRO UNIVERSITÁRIO SUMARÉ,SP,São Paulo,485,347,139
2988,2023,1418,Centro Universitário Toledo Wyden,SP,Araçatuba,70,61,14
2994,2023,1432,FACULDADE BERTIOGA,SP,Bertioga,10,0,4
2995,2023,1434,Centro Universitário de Itapira Uniesi,SP,Itapira,1,3,1
3003,2023,1478,FACULDADE ANHANGUERA DE SÃO BERNARDO,SP,São Bernardo do Campo,123,75,43
3006,2023,1490,CENTRO UNIVERSITÁRIO DE JAGUARIÚNA,SP,Jaguariúna,441,249,79
3010,2023,1499,FACULDADE ANHANGUERA DE TABOÃO DA SERRA,SP,Taboão da Serra,42,68,16
3016,2023,1526,Faculdade SENAI São Paulo,SP,São Paulo,31,25,14
3019,2023,1541,FACULDADE FLAMINGO,SP,São Paulo,282,146,88
3021,2023,1554,CENTRO UNIVERSITÁRIO DO VALE DO RIBEIRA,SP,Registro,308,174,53
3023,2023,1561,FACULDADE ESAMC SOROCABA,SP,Sorocaba,101,57,30
3029,2023,1583,FACULDADE DE TECNOLOGIA DE INDAIATUBA,SP,Indaiatuba,925,445,180
3030,2023,1584,FACULDADE DE TECNOLOGIA DE GUARATINGUETÁ,SP,Guaratinguetá,514,251,100
3039,2023,1659,FACULDADE ESTÁCIO DE SÁ DE OURINHOS,SP,Ourinhos,19,8,7
3046,2023,1690,FACULDADE DE SÃO VICENTE,SP,São Vicente,220,128,54
3047,2023,1693,FACULDADE ITANHAÉM,SP,Itanhaém,0,0,0
3053,2023,1713,FACULDADE DE TECNOLOGIA DE SÃO VICENTE,SP,São Vicente,23,13,0
3056,2023,1723,STRONG BUSINESS SCHOOL,SP,Santo André,35,22,7
3057,2023,1725,FACULDADE XV DE AGOSTO,SP,Socorro,13,0,13
3059,2023,1732,FACULDADE GENNARI E PEARTREE,SP,Pederneiras,43,50,16
3062,2023,1742,Centro Universitário de Tecnologia Carlos Drummond de Andrade,SP,São Paulo,100,88,27
3063,2023,1745,Faculdade Interativa de São Paulo,SP,São Paulo,24,17,12
3065,2023,1762,Centro Universitário de Tecnologia e Negócios Carlos Drummond de Andrade,SP,São Paulo,31,8,19
3070,2023,1776,Faculdade Anhanguera de Tecnologia de Jundiaí,SP,Jundiaí,42,68,5
3073,2023,1788,FACULDADE DE ADMINISTRAÇÃO E ARTES DE LIMEIRA,SP,Limeira,38,17,13
3077,2023,1810,"INSTITUTO FEDERAL DE EDUCAÇÃO, CIÊNCIA E TECNOLOGIA DE SÃO PAULO",SP,São Paulo,911,410,181
3086,2023,1834,FACULDADE DE AGUDOS,SP,Agudos,31,16,4
3087,2023,1836,CENTRO UNIVERSITÁRIO FUNDAÇÃO DE ENSINO OCTÁVIO BASTOS - FEOB,SP,São João da Boa Vista,128,105,48
3088,2023,1838,FACULDADES INTEGRADAS RIO BRANCO,SP,São Paulo,0,0,0
3089,2023,1841,CENTRO UNIVERSITÁRIO ANTÔNIO EUFRÁSIO DE TOLEDO DE PRESIDENTE PRUDENTE - TOLEDO PRUDENTE,SP,Presidente Prudente,64,35,25
3091,2023,1846,CENTRO UNIVERSITÁRIO DE LINS,SP,Lins,1779,223,505
3094,2023,1853,Centro Universitário UNIBTA,SP,São Paulo,582,254,60
3095,2023,1854,CLARETIANO - CENTRO UNIVERSITÁRIO,SP,Rio Claro,154,77,48
3103,2023,1892,Centro Universitário de Excelência Eniac,SP,Guarulhos,1046,472,163
3116,2023,1949,CENTRO UNIVERSITÁRIO DE PAULÍNIA,SP,Paulínia,96,0,39
3131,2023,2123,CENTRO UNIVERSITÁRIO MAX PLANCK,SP,Indaiatuba,67,72,2
3139,2023,2183,CENTRO UNIVERSITÁRIO FUNDAÇÃO SANTO ANDRÉ,SP,Santo André,30,22,8
3148,2023,2279,Centro Universitário Metrocamp Wyden,SP,Campinas,122,97,26
3155,2023,2408,FACULDADE ESAMC SANTOS,SP,Santos,459,268,91
3170,2023,2625,CENTRO UNIVERSITÁRIO UFBRA,SP,São José dos Campos,125,106,19
3173,2023,2688,FACULDADE INESP - INSTITUTO NACIONAL DE ENSINO E PESQUISA,SP,Jacareí,39,37,1
3182,2023,2814,FACULDADE SÃO SEBASTIÃO,SP,São Sebastião,0,0,0
3189,2023,3008,FACULDADE DO INSTITUTO NACIONAL DE PÓS-GRADUAÇÃO DE SÃO JOSÉ DOS CAMPOS,SP,São José dos Campos,2,0,2
3207,2023,3294,CENTRO UNIVERSITÁRIO FAVENI,SP,Guarulhos,531,498,6
3224,2023,3529,CENTRO UNIVERSITÁRIO EURÍPEDES DE MARÍLIA,SP,Marília,81,36,28
3227,2023,3603,FACULDADE ANHANGUERA DE GUARULHOS,SP,Guarulhos,99,117,18
3228,2023,3612,FACULDADE ANHANGUERA DE VALINHOS,SP,Valinhos,1,0,1
3229,2023,3618,FACULDADE LUSÓFONA DE SÃO PAULO,SP,Cotia,4,0,4
3234,2023,3779,FACULDADE ESTÁCIO DE SANTO ANDRÉ,SP,Santo André,133,97,19
3246,2023,3937,Faculdade Anhanguera de Indaiatuba,SP,Indaiatuba,3,8,3
3251,2023,3985,CENTRO UNIVERSITÁRIO SENAC,SP,São Paulo,2024,1419,555
3255,2023,4007,"FATECE - FACULDADE DE TECNOLOGIA, CIÊNCIAS E EDUCAÇÃO",SP,Pirassununga,42,32,17
3257,2023,4017,CENTRO UNIVERSITÁRIO PADRE ANCHIETA,SP,Jundiaí,785,441,156
3258,2023,4020,FACULDADE DE TECNOLOGIA DE BOTUCATU,SP,Botucatu,124,29,32
3259,2023,4021,FACULDADE DE TECNOLOGIA DE GARÇA,SP,Garça,257,144,44
3260,2023,4022,FACULDADE DE TECNOLOGIA DE JUNDIAÍ,SP,Jundiaí,353,170,71
3261,2023,4023,FACULDADE DE TECNOLOGIA DE MAUÁ,SP,Mauá,272,178,78
3262,2023,4024,FACULDADE DE TECNOLOGIA DE MOCOCA,SP,Mococa,264,181,41
3263,2023,4026,FACULDADE DE TECNOLOGIA ZONA LESTE,SP,São Paulo,1167,529,220
3266,2023,4059,"FACULDADE DE SAÚDE, CIÊNCIAS E TECNOLOGIA - FACESB",SP,São Joaquim da Barra,14,11,5
3268,2023,4086,FACULDADE DE TECNOLOGIA JARDIM,SP,Santo André,296,223,157
3276,2023,4138,FACULDADE ANHANGUERA DE SANTA BÁRBARA,SP,Santa Bárbara d'Oeste,4,0,4
3277,2023,4150,FACULDADE DE TECNOLOGIA DE PIRACICABA,SP,Piracicaba,218,137,39
3279,2023,4169,Faculdade Estácio de Carapicuíba,SP,Carapicuíba,138,70,29
3280,2023,4211,Faculdade ESAMC São Paulo - ESAMC,SP,São Paulo,1,0,1
3286,2023,4357,FACULDADE QUALITTAS,SP,São Paulo,7,0,7
3297,2023,4597,FACULDADE FUTURA,SP,Votuporanga,13,8,3
3301,2023,4652,FACULDADE ANHANGÜERA DE SÃO JOSÉ,SP,São José dos Campos,41,54,7
3302,2023,4655,FACULDADE ANHANGÜERA DE SOROCABA,SP,Sorocaba,101,119,21
3303,2023,4656,FACULDADE ANHANGÜERA DE PIRACICABA,SP,Piracicaba,83,82,30
3309,2023,4724,FACULDADE DE CIÊNCIAS HUMANAS DO ESTADO DE SÃO PAULO,SP,Cruzeiro,68,30,14
3317,2023,4793,Faculdades Integradas Vale do Rio Verde,SP,Itararé,6,0,0
3318,2023,4826,FACULDADE ANHANGÜERA DE CAMPINAS,SP,Campinas,84,81,21
3320,2023,4878,FACULDADE ANHANGUERA DE ITAPECERICA DA SERRA,SP,Itapecerica da Serra,11,29,0
3323,2023,4926,FACULDADE DE TECNOLOGIA DE PRAIA GRANDE,SP,Praia Grande,695,356,119
3327,2023,4983,FACULDADE IBRA DE TECNOLOGIA,SP,São José dos Campos,35,21,7
3328,2023,4995,Faculdade Educamais,SP,São Paulo,14,1,5
3334,2023,5215,CENTRO UNIVERSITÁRIO PADRE ALBINO,SP,Catanduva,197,128,0
3336,2023,5288,FACULDADE ANHANGÜERA DE RIBEIRÃO PRETO,SP,Ribeirão Preto,17,24,8
3337,2023,5312,Centro Universitário UNIFAAT,SP,Atibaia,289,131,82
3343,2023,5451,FACULDADE ANHANGÜERA DE BAURU,SP,Bauru,0,6,0
3346,2023,5555,FACULDADE ANHANGUERA DE JACAREÍ,SP,Jacareí,48,46,5
3347,2023,5627,FACULDADE DE TECNOLOGIA DE PRESIDENTE PRUDENTE,SP,Presidente Prudente,188,87,31
3348,2023,5633,FACULDADE DE TECNOLOGIA DE BRAGANÇA PAULISTA,SP,Bragança Paulista,226,130,42
3350,2023,5669,CENTRO UNIVERSITÁRIO ETEP,SP,São José dos Campos,19,19,0
3353,2023,11308,FACULDADE ANHANGUERA DE SUMARÉ,SP,Sumaré,98,136,25
3360,2023,12522,FACULDADE MOGIANA DO ESTADO DE SÃO PAULO,SP,Mogi Guaçu,66,39,20
3362,2023,12723,FACULDADE FINACI,SP,São Paulo,6,3,2
3365,2023,12817,FACULDADE IMESP MONITOR,SP,São Paulo,12,3,7
3373,2023,13488,FACULDADE SEQÜENCIAL,SP,São Paulo,56,29,16
3384,2023,14069,FACULDADE DE TECNOLOGIA PORTO SUL,SP,Praia Grande,0,0,0
3389,2023,14401,FACULDADE DE TECNOLOGIA PORTO DAS MONÇÕES,SP,Porto Feliz,14,7,7
3395,2023,14715,Centro Universitário Piaget,SP,Suzano,73,3,40
3397,2023,14727,FACULDADE PROGRESSO,SP,Guarulhos,2,0,1
3398,2023,14858,FACULDADE DE TECNOLOGIA FRANCISCO MORATO,SP,Francisco Morato,0,0,0
3414,2023,15576,Faculdade de Tecnologia de Mogi das Cruzes,SP,Mogi das Cruzes,689,343,113
3415,2023,15581,Faculdade de Tecnologia de São José dos Campos - Jessen Vidal,SP,São José dos Campos,528,264,101
3416,2023,15680,Fatec Cruzeiro - Prof. Waldomiro May,SP,Cruzeiro,189,80,38
3417,2023,15682,Faculdade de Tecnologia de Piracicaba,SP,Piracicaba,366,175,75
3418,2023,15687,Faculdade de Tecnologia de Pindamonhangaba,SP,Pindamonhangaba,154,73,27
3419,2023,15688,FACULDADE DE TECONOLOGIA DA ZONA SUL,SP,São Paulo,967,338,169
3420,2023,15689,Faculdade de Tecnologia de Bauru,SP,Bauru,66,51,0
3421,2023,15693,Faculdade de Tecnologia de Itapetininga - Prof.Antônio Belizandro Barbosa Rezende,SP,Itapetininga,292,167,47
3422,2023,15695,Faculdade de Tecnologia Dom Amaury Castanho,SP,Itu,142,99,17
3423,2023,15696,Faculdade de Tecnologia de Sertãozinho,SP,Sertãozinho,488,266,69
3424,2023,15708,Faculdade de Tecnologia Dr. Thomaz Novelino,SP,Franca,430,189,91
3425,2023,15715,FACULDADE DE TECNOLOGIA PROFESSOR ANTÔNIO SEABRA,SP,Lins,410,216,90
3426,2023,15745,Faculdade de Tecnologia de São Caetano do Sul,SP,São Caetano do Sul,123,41,41
3427,2023,15746,Faculdade de Tecnologia do Ipiranga,SP,São Paulo,225,95,29
3428,2023,15752,Faculdade de Tecnologia de Guarulhos,SP,Guarulhos,671,323,153
3429,2023,15757,Faculdade de Tecnologia de Barueri,SP,Barueri,595,225,120
3430,2023,15769,Faculdade de Tecnologia de Jales,SP,Jales,203,86,41
3431,2023,15793,Faculdade de Tecnologia de São Sebastião,SP,São Sebastião,321,47,1
3432,2023,15803,FACULDADE DE TECNOLOGIA DE TATUÍ - PROF. WILSON ROBERTO RIBEIRO DE CAMARGO,SP,Tatuí,429,214,88
3433,2023,15859,Faculdade Católica Paulista,SP,Marília,1108,575,247
3435,2023,15922,Faculdade FABAD,SP,Pindamonhangaba,20,42,0
3438,2023,16395,Faculdade de Tecnologia de Carapicuiba,SP,Carapicuíba,310,185,61
3439,2023,16410,Faculdade de Tecnologia de Catanduva,SP,Catanduva,335,153,77
3440,2023,16543,Faculdade Metropolitana do Estado de São Paulo,SP,Ribeirão Preto,1521,1513,143
3448,2023,17355,Faculdade de Educação em Ciências da Saúde,SP,São Paulo,43,38,10
3455,2023,17593,Faculdade de Botucatu,SP,Botucatu,23,13,8
3456,2023,17608,Faculdade de Educação Paulistana,SP,São Paulo,38,11,13
3464,2023,17854,Centro Universitário Unifecaf,SP,Taboão da Serra,3281,3846,250
3465,2023,17902,FACULDADE ESAMC JUNDIAÍ,SP,Jundiaí,16,12,5
3466,2023,17928,Faculdade Aliança Educacional do Estado de São Paulo,SP,Itapevi,73,27,34
3470,2023,18035,Escola Brasileira de Medicina Chinesa,SP,São Paulo,6,1,6
3471,2023,18049,Faculdade de Tecnologia de Taubaté,SP,Taubaté,125,73,14
3473,2023,18099,Faculdade de Tecnologia de Diadema Luigi Papaiz,SP,Diadema,195,79,34
3474,2023,18165,Fundação Universidade Virtual do Estado de São Paulo,SP,São Paulo,2143,1421,0
3476,2023,18258,FACULDADE UNIFICADA DO ESTADO DE SÃO PAULO,SP,Mauá,2,0,2
3484,2023,18667,FACULDADE SANTO ANTÔNIO,SP,Caçapava,38,54,7
3487,2023,18711,FACULDADE INOVA MAIS DE SÃO PAULO,SP,São Paulo,3,2,3
3494,2023,19252,FACULDADE DE TECNOLOGIA ALPHA CHANNEL,SP,São Paulo,20,0,11
3500,2023,19500,Faculdade de Tecnologia de São Carlos,SP,São Carlos,462,188,97
3501,2023,19501,Faculdade de Tecnologia Sebrae,SP,São Paulo,359,189,78
3504,2023,19578,Faculdade de Tecnologia de Cotia,SP,Cotia,334,168,66
3508,2023,19739,Faculdade de Tecnologia de Campinas,SP,Campinas,189,114,21
3510,2023,19861,Faculdade de Santana de Parnaíba,SP,Santana de Parnaíba,22,12,7
3511,2023,19862,Faculdade de Tecnologia Jorge Caram Sabbag,SP,Bebedouro,162,70,27
3512,2023,19864,Faculdade de Tecnologia de Itapira,SP,Itapira,185,88,32
3515,2023,19879,Faculdade IPESSP,SP,São Paulo,17,7,2
3519,2023,20340,FACULDADE PAULISTA DE CIÊNCIAS DA SAÚDE,SP,São Paulo,62,102,1
3536,2023,21502,FACULDADES INTEGRADAS POTENCIAL,SP,Cotia,27,16,5
3537,2023,21573,Faculdade Ana Carolina Puga,SP,São Paulo,10,19,0
3539,2023,21638,Faculdade PECEGE,SP,Piracicaba,39,24,9
3542,2023,21713,Faculdade de Tecnologia - Fatec de Ribeirão Preto,SP,Ribeirão Preto,178,84,10
3545,2023,21826,Faculdade Sebrae,SP,São Paulo,1,3,0
3549,2023,21940,Faculdade Phorte de Educação e Tecnologia,SP,São Paulo,37,23,19
3556,2023,22176,Faculdade ENAU,SP,Ribeirão Pires,47,20,17
3559,2023,22316,FACULDADE NOVE DE JULHO MAUÁ,SP,Mauá,60,25,20
3560,2023,22319,Faculdade de Tecnologia de Itatiba,SP,Itatiba,44,18,15
3570,2023,22603,FACULDADE ANCLIVEPA DE GESTÃO E HUMANOLOGIA,SP,São Paulo,9,10,2
3578,2023,22814,Faculdade Auden Educacional,SP,São Paulo,1232,628,360
3579,2023,22862,FranklinCovey Business School,SP,São Paulo,58,13,13
3580,2023,22866,Faculdade Associada Brasil - EAD,SP,São Paulo,14,15,0
3582,2023,22939,Faculdade de Tecnologia de Araraquara,SP,Araraquara,124,57,25
3583,2023,23022,Faculdade Cetrus Sanar,SP,São Paulo,44,55,0
3584,2023,23147,Faculdade do Comércio de São Paulo,SP,São Paulo,394,369,97
3585,2023,23194,Faculdade PSICOLOG,SP,Ribeirão Preto,10,5,6
3588,2023,23241,Instituto Universitário São Judas de São Bernardo do Campo,SP,São Bernardo do Campo,133,107,9
3592,2023,23438,Faculdade de Tecnologia de Araras,SP,Araras,151,81,34
3594,2023,23700,Faculdade de Tecnologia de Ferraz de Vasconcelos,SP,Ferraz de Vasconcelos,220,86,50
3596,2023,23723,FACULDADE VOLPE MIELE,SP,Ribeirão Preto,9,9,0
3601,2023,23867,Faculdade de Tecnologia de Sumaré,SP,Sumaré,539,227,103
3604,2023,24046,Faculdade da Associação Médica Paulista,SP,São Paulo,27,28,0
3605,2023,24196,FACULDADE CLEBER LEITE - EAD,SP,Santo André,15,15,0
3609,2023,24507,Escola de Ensino Superior da Fipe,SP,São Paulo,16,23,0
3614,2023,24709,Instituto Racine de Educação Superior,SP,São Paulo,20,20,0
3615,2023,24864,INSTITUTO DE EDUCAÇÃO SUPERIOR E INOVAÇÃO INVENIO,SP,São Paulo,30,31,5
3617,2023,25181,FACULDADE ALPHAVILLE,SP,Osasco,57,76,0
3619,2023,25451,Faculdade Prepara,SP,São José do Rio Preto,22,27,0
3620,2023,25474,Faculdade Microlins,SP,Catanduva,38,46,0
3622,2023,25576,Faculdade TERZIUS,SP,Campinas,10,18,0
3626,2023,28986,Faculdade de Tecnologia de Barretos,SP,Barretos,138,87,0
1817,2022,22,UNIVERSIDADE PRESBITERIANA MACKENZIE,SP,São Paulo,650,323,50
1822,2022,33,FACULDADE DE TECNOLOGIA DE SOROCABA,SP,Sorocaba,246,152,37
1823,2022,34,FACULDADE DE TECNOLOGIA DE SÃO PAULO,SP,São Paulo,4559,2722,425
1824,2022,35,FACULDADE DE TECNOLOGIA DE AMERICANA,SP,Americana,775,327,161
1825,2022,36,FACULDADE DE TECNOLOGIA RUBENS LARA,SP,Santos,741,356,134
1826,2022,37,FACULDADE DE TECNOLOGIA DE JAHU,SP,Jaú,384,181,78
1835,2022,124,UNIVERSIDADE DE ARARAQUARA,SP,Araraquara,140,74,32
1836,2022,125,CENTRO UNIVERSITÁRIO DE ARARAS -,SP,Araras,200,141,51
1837,2022,135,Claretiano - Centro Universitário,SP,Batatais,412,364,128
1838,2022,137,CENTRO UNIVERSITÁRIO SAGRADO CORAÇÃO,SP,Bauru,42,97,0
1839,2022,138,CENTRO UNIVERSITÁRIO BARÃO DE MAUÁ,SP,Ribeirão Preto,27,24,7
1842,2022,146,CENTRO UNIVERSITÁRIO DE RIO PRETO,SP,São José do Rio Preto,100,147,26
1843,2022,150,UNIVERSIDADE DE SOROCABA,SP,Sorocaba,137,113,25
1845,2022,162,CENTRO UNIVERSITÁRIO BELAS ARTES DE SÃO PAULO,SP,São Paulo,56,51,7
1848,2022,167,UNIVERSIDADE METODISTA DE SÃO PAULO,SP,São Bernardo do Campo,509,286,168
1850,2022,203,UNIVERSIDADE SÃO JUDAS TADEU,SP,São Paulo,1202,1127,156
1851,2022,206,CENTRO UNIVERSITÁRIO ÍTALO-BRASILEIRO,SP,São Paulo,750,557,174
1852,2022,207,CENTRO UNIVERSITÁRIO MOURA LACERDA,SP,Ribeirão Preto,74,47,29
1854,2022,221,UNIVERSIDADE CRUZEIRO DO SUL,SP,São Paulo,12801,10586,2124
1855,2022,224,Centro Universitário FMABC,SP,Santo André,36,10,10
1856,2022,227,UNIVERSIDADE CATÓLICA DE SANTOS,SP,Santos,291,600,0
1857,2022,242,CENTRO UNIVERSITÁRIO ANHANGUERA PITÁGORAS AMPLI,SP,Santo André,2935,3071,61
1858,2022,244,CENTRO UNIVERSITÁRIO FIEO,SP,Osasco,52,39,10
1859,2022,254,CENTRO UNIVERSITÁRIO UNI-BAN,SP,São Paulo,2,2,0
1860,2022,263,FACULDADES INTEGRADAS CAMPOS SALLES,SP,São Paulo,211,59,4
1861,2022,265,CENTRO UNIVERSITÁRIO DAS FACULDADES INTEGRADAS DE OURINHOS,SP,Ourinhos,35,30,4
1863,2022,271,UNIVERSIDADE DO OESTE PAULISTA,SP,Presidente Prudente,190,71,70
1869,2022,316,UNIVERSIDADE NOVE DE JULHO,SP,São Paulo,12265,9358,2823
1870,2022,319,UNIVERSIDADE BRASIL,SP,São Paulo,59,43,36
1871,2022,322,UNIVERSIDADE PAULISTA,SP,São Paulo,23305,20993,3994
1880,2022,360,CENTRO UNIVERSITÁRIO PAULISTANO,SP,São Paulo,16,0,13
1881,2022,363,FACULDADE MOZARTEUM DE SÃO PAULO,SP,São Paulo,9,4,3
1883,2022,368,FACULDADE DE EDUCAÇÃO FÍSICA DA ASSOCIAÇÃO CRISTÃ DE MOÇOS DE SOROCABA,SP,Sorocaba,11,17,0
1884,2022,374,CENTRO UNIVERSITÁRIO DAS FACULDADES METROPOLITANAS UNIDAS,SP,São Paulo,6010,4304,1215
1885,2022,375,UNIVERSIDADE SANTO AMARO,SP,São Paulo,2098,1368,607
1886,2022,376,CENTRO UNIVERSITÁRIO ANHANGUERA DE SÃO PAULO,SP,São Paulo,299,395,53
1898,2022,417,UNIVERSIDADE CIDADE DE SÃO PAULO,SP,São Paulo,9761,6928,1992
1899,2022,420,UNIVERSIDADE DE MARÍLIA,SP,Marília,2721,2067,255
1903,2022,434,FACULDADE SANTA MARCELINA,SP,São Paulo,69,44,18
1905,2022,438,FACULDADE DE FILOSOFIA CIÊNCIAS E LETRAS DE ITUVERAVA,SP,Ituverava,3,3,0
1910,2022,456,CENTRO UNIVERSITÁRIO SANT¿ANNA,SP,São Paulo,44,155,34
1911,2022,457,UNIVERSIDADE ANHANGUERA DE SÃO PAULO,SP,São Paulo,14,5,8
1912,2022,458,UNIVERSIDADE IBIRAPUERA,SP,São Paulo,6,0,4
1913,2022,466,UNIVERSIDADE ANHEMBI MORUMBI,SP,São Paulo,11033,7960,839
1916,2022,481,Universidade Universus Veritas Guarulhos,SP,Guarulhos,1190,768,207
1918,2022,483,CENTRO UNIVERSITÁRIO METROPOLITANO DE SÃO PAULO,SP,Guarulhos,0,1,0
1920,2022,491,CENTRO UNIVERSITÁRIO DON DOMÊNICO,SP,Guarujá,133,73,64
1922,2022,496,UNIVERSIDADE DE FRANCA,SP,Franca,4202,2858,895
1923,2022,502,CENTRO UNIVERSITÁRIO SÃO JUDAS TADEU,SP,Santos,333,175,193
1929,2022,521,UNIVERSIDADE DE MOGI DAS CRUZES,SP,Mogi das Cruzes,624,557,79
1931,2022,526,CENTRO UNIVERSITÁRIO BRAZ CUBAS,SP,Mogi das Cruzes,1422,1036,333
1944,2022,605,UNIVERSIDADE MUNICIPAL DE SÃO CAETANO DO SUL,SP,São Caetano do Sul,237,254,22
1953,2022,652,Centro Universitário Santa Cecília,SP,Pindamonhangaba,58,23,3
1956,2022,665,UNIVERSIDADE DE TAUBATÉ,SP,Taubaté,167,94,25
1959,2022,670,UNIVERSIDADE SÃO FRANCISCO,SP,Bragança Paulista,1333,979,188
1967,2022,707,CENTRO UNIVERSITÁRIO CENTRAL PAULISTA,SP,São Carlos,48,58,14
1970,2022,716,FACULDADES INTEGRADAS DE BOTUCATU,SP,Botucatu,0,6,0
1975,2022,737,CENTRO UNIVERSITÁRIO SÃO CAMILO,SP,São Paulo,218,122,71
1978,2022,793,Centro Universitário Estácio de São Paulo,SP,São Paulo,328,279,96
1987,2022,886,FACULDADE DE HORTOLÂNDIA,SP,Hortolândia,1,1,0
1988,2022,898,Centro Universitário Unisan,SP,São Paulo,20,1,16
1991,2022,923,CENTRO UNIVERSITÁRIO SÃO ROQUE,SP,São Roque,48,53,8
1994,2022,952,UNIVERSIDADE SANTA CECÍLIA,SP,Santos,1409,976,392
1995,2022,953,UNIVERSIDADE METROPOLITANA DE SANTOS,SP,Santos,894,627,96
1998,2022,1032,CENTRO UNIVERSITÁRIO SALESIANO DE SÃO PAULO,SP,Americana,65,63,25
2002,2022,1045,CENTRO UNIVERSITÁRIO ANHANGÜERA,SP,Leme,0,0,0
2003,2022,1046,UNIÃO DAS FACULDADES DOS GRANDES LAGOS,SP,São José do Rio Preto,14,11,1
2004,2022,1048,FACULDADE CAMPOS ELÍSEOS,SP,São Paulo,740,1057,58
2016,2022,1092,FACULDADES INTEGRADAS DE BAURU,SP,Bauru,2,7,0
2017,2022,1100,Centro Universitário Carlos Drummond de Andrade,SP,São Paulo,325,17,35
2024,2022,1149,CENTRO UNIVERSITÁRIO NOSSA SENHORA DO PATROCÍNIO,SP,Itu,451,342,131
2030,2022,1182,INSTITUTO DE ENSINO SUPERIOR DE AMERICANA,SP,Americana,5,3,5
2032,2022,1187,CENTRO UNIVERSITÁRIO MÓDULO,SP,Caraguatatuba,33,38,11
2035,2022,1219,INSTITUTO ITAPETININGANO DE ENSINO SUPERIOR,SP,Itapetininga,0,0,0
2036,2022,1224,CENTRO UNIVERSITÁRIO DE JALES,SP,Jales,3,3,0
2037,2022,1225,CENTRO UNIVERSITÁRIO AMPARENSE,SP,Amparo,51,28,9
2045,2022,1270,CENTRO UNIVERSITÁRIO ESTÁCIO DE RIBEIRÃO PRETO,SP,Ribeirão Preto,14346,9845,3567
2046,2022,1273,Centro Universitário Campo Limpo Paulista,SP,Campo Limpo Paulista,309,144,67
2047,2022,1276,INSTITUTO TAUBATÉ DE ENSINO SUPERIOR,SP,Taubaté,4,5,4
2048,2022,1294,Centro Universitário das Américas,SP,São Paulo,5424,3017,1139
2049,2022,1295,FACULDADE DE EDUCAÇÃO E TECNOLOGIA IRACEMA,SP,São Paulo,3,0,1
2050,2022,1310,FACULDADE DE AMERICANA,SP,Americana,194,192,28
2054,2022,1345,FACULDADE ANHANGUERA DE OSASCO,SP,Osasco,250,292,65
2059,2022,1365,CENTRO UNIVERSITÁRIO ADVENTISTA DE SÃO PAULO,SP,São Paulo,228,187,26
2065,2022,1386,FACULDADE ESAMC CAMPINAS,SP,Campinas,89,0,40
2066,2022,1387,FACULDADE PENTÁGONO - FAPEN,SP,Santo André,4,0,4
2067,2022,1388,CENTRO UNIVERSITÁRIO SUMARÉ,SP,São Paulo,453,155,104
2073,2022,1418,Centro Universitário Toledo Wyden,SP,Araçatuba,56,70,7
2079,2022,1432,FACULDADE BERTIOGA,SP,Bertioga,14,8,4
2080,2022,1433,FACULDADE ORÍGENES LESSA,SP,Lençóis Paulista,8,3,6
2081,2022,1434,Centro Universitário de Itapira Uniesi,SP,Itapira,0,3,0
2089,2022,1478,FACULDADE ANHANGUERA DE SÃO BERNARDO,SP,São Bernardo do Campo,126,131,21
2092,2022,1490,CENTRO UNIVERSITÁRIO DE JAGUARIÚNA,SP,Jaguariúna,288,196,60
2097,2022,1499,FACULDADE ANHANGUERA DE TABOÃO DA SERRA,SP,Taboão da Serra,66,98,24
2103,2022,1526,Faculdade SENAI São Paulo,SP,São Paulo,23,0,7
2106,2022,1541,FACULDADE FLAMINGO,SP,São Paulo,297,213,70
2108,2022,1545,FACULDADE DE BOITUVA,SP,Boituva,0,0,0
2109,2022,1554,CENTRO UNIVERSITÁRIO DO VALE DO RIBEIRA,SP,Registro,247,100,31
2111,2022,1561,FACULDADE ESAMC SOROCABA,SP,Sorocaba,100,75,29
2118,2022,1583,FACULDADE DE TECNOLOGIA DE INDAIATUBA,SP,Indaiatuba,940,447,193
2119,2022,1584,FACULDADE DE TECNOLOGIA DE GUARATINGUETÁ,SP,Guaratinguetá,477,276,87
2129,2022,1659,FACULDADE ESTÁCIO DE SÁ DE OURINHOS,SP,Ourinhos,43,24,17
2136,2022,1690,FACULDADE DE SÃO VICENTE,SP,São Vicente,224,110,53
2137,2022,1693,FACULDADE ITANHAÉM,SP,Itanhaém,4,0,4
2144,2022,1713,FACULDADE DE TECNOLOGIA DE SÃO VICENTE,SP,São Vicente,14,18,0
2147,2022,1723,STRONG BUSINESS SCHOOL,SP,Santo André,21,19,0
2148,2022,1725,FACULDADE XV DE AGOSTO,SP,Socorro,18,10,4
2150,2022,1732,FACULDADE GENNARI E PEARTREE,SP,Pederneiras,73,69,15
2153,2022,1742,Centro Universitário de Tecnologia Carlos Drummond de Andrade,SP,São Paulo,133,97,29
2154,2022,1745,Faculdade Interativa de São Paulo,SP,São Paulo,39,8,25
2156,2022,1762,Centro Universitário de Tecnologia e Negócios Carlos Drummond de Andrade,SP,São Paulo,96,26,1
2161,2022,1776,Faculdade Anhanguera de Tecnologia de Jundiaí,SP,Jundiaí,39,54,15
2164,2022,1788,FACULDADE DE ADMINISTRAÇÃO E ARTES DE LIMEIRA,SP,Limeira,37,20,14
2165,2022,1804,FACULDADE DE MAUÁ - FAMA,SP,Mauá,0,0,0
2169,2022,1810,"INSTITUTO FEDERAL DE EDUCAÇÃO, CIÊNCIA E TECNOLOGIA DE SÃO PAULO",SP,São Paulo,923,451,172
2173,2022,1816,INSTITUTO DE ENSINO SUPERIOR DE BAURU,SP,Bauru,0,0,0
2179,2022,1834,FACULDADE DE AGUDOS,SP,Agudos,25,11,6
2180,2022,1836,CENTRO UNIVERSITÁRIO FUNDAÇÃO DE ENSINO OCTÁVIO BASTOS - FEOB,SP,São João da Boa Vista,148,166,41
2181,2022,1838,FACULDADES INTEGRADAS RIO BRANCO,SP,São Paulo,2,2,0
2182,2022,1841,CENTRO UNIVERSITÁRIO ANTÔNIO EUFRÁSIO DE TOLEDO DE PRESIDENTE PRUDENTE - TOLEDO PRUDENTE,SP,Presidente Prudente,65,40,12
2184,2022,1846,CENTRO UNIVERSITÁRIO DE LINS,SP,Lins,1922,584,162
2187,2022,1853,Centro Universitário UNIBTA,SP,São Paulo,15,0,8
2188,2022,1854,CLARETIANO - CENTRO UNIVERSITÁRIO,SP,Rio Claro,136,113,29
2195,2022,1892,Centro Universitário de Excelência Eniac,SP,Guarulhos,1039,352,202
2208,2022,1949,CENTRO UNIVERSITÁRIO DE PAULÍNIA,SP,Paulínia,162,113,10
2226,2022,2123,CENTRO UNIVERSITÁRIO MAX PLANCK,SP,Indaiatuba,0,0,0
2234,2022,2183,CENTRO UNIVERSITÁRIO FUNDAÇÃO SANTO ANDRÉ,SP,Santo André,33,10,18
2245,2022,2279,Centro Universitário Metrocamp Wyden,SP,Campinas,103,105,14
2251,2022,2408,FACULDADE ESAMC SANTOS,SP,Santos,236,137,79
2267,2022,2625,CENTRO UNIVERSITÁRIO UFBRA,SP,São José dos Campos,58,16,22
2270,2022,2688,FACULDADE INESP - INSTITUTO NACIONAL DE ENSINO E PESQUISA,SP,Jacareí,5,6,0
2280,2022,2814,FACULDADE SÃO SEBASTIÃO,SP,São Sebastião,3,0,2
2282,2022,2886,FACULDADE ZUMBI DOS PALMARES,SP,São Paulo,0,2,0
2289,2022,3008,FACULDADE DO INSTITUTO NACIONAL DE PÓS-GRADUAÇÃO DE SÃO JOSÉ DOS CAMPOS,SP,São José dos Campos,14,4,5
2307,2022,3294,CENTRO UNIVERSITÁRIO FAVENI,SP,Guarulhos,170,106,0
2310,2022,3323,INSTITUTO DE EDUCAÇÃO E ENSINO SUPERIOR DE CAMPINAS,SP,Campinas,4,0,4
2325,2022,3529,CENTRO UNIVERSITÁRIO EURÍPEDES DE MARÍLIA,SP,Marília,133,72,50
2328,2022,3603,FACULDADE ANHANGUERA DE GUARULHOS,SP,Guarulhos,82,104,18
2329,2022,3612,FACULDADE ANHANGUERA DE VALINHOS,SP,Valinhos,11,0,9
2330,2022,3618,FACULDADE LUSÓFONA DE SÃO PAULO,SP,Cotia,16,0,10
2334,2022,3779,FACULDADE ESTÁCIO DE SANTO ANDRÉ,SP,Santo André,101,87,25
2349,2022,3936,FACULDADE ANHANGUERA DE LIMEIRA,SP,Limeira,0,0,0
2350,2022,3937,Faculdade Anhanguera de Indaiatuba,SP,Indaiatuba,16,27,5
2355,2022,3985,CENTRO UNIVERSITÁRIO SENAC,SP,São Paulo,1849,1176,548
2360,2022,4007,"FATECE - FACULDADE DE TECNOLOGIA, CIÊNCIAS E EDUCAÇÃO",SP,Pirassununga,29,25,11
2362,2022,4017,CENTRO UNIVERSITÁRIO PADRE ANCHIETA,SP,Jundiaí,795,548,113
2363,2022,4020,FACULDADE DE TECNOLOGIA DE BOTUCATU,SP,Botucatu,186,89,26
2364,2022,4021,FACULDADE DE TECNOLOGIA DE GARÇA,SP,Garça,261,155,64
2365,2022,4022,FACULDADE DE TECNOLOGIA DE JUNDIAÍ,SP,Jundiaí,361,176,76
2366,2022,4023,FACULDADE DE TECNOLOGIA DE MAUÁ,SP,Mauá,235,46,73
2367,2022,4024,FACULDADE DE TECNOLOGIA DE MOCOCA,SP,Mococa,199,93,43
2368,2022,4026,FACULDADE DE TECNOLOGIA ZONA LESTE,SP,São Paulo,1182,541,249
2372,2022,4059,"FACULDADE DE SAÚDE, CIÊNCIAS E TECNOLOGIA - FACESB",SP,São Joaquim da Barra,7,3,2
2374,2022,4086,FACULDADE DE TECNOLOGIA JARDIM,SP,Santo André,163,138,75
2383,2022,4138,FACULDADE ANHANGUERA DE SANTA BÁRBARA,SP,Santa Bárbara d'Oeste,15,10,6
2384,2022,4141,FACULDADE ANHANGUERA DE TAUBATÉ,SP,Taubaté,0,0,0
2385,2022,4150,FACULDADE DE TECNOLOGIA DE PIRACICABA,SP,Piracicaba,186,128,49
2387,2022,4169,Faculdade Estácio de Carapicuíba,SP,Carapicuíba,203,153,75
2388,2022,4211,Faculdade ESAMC São Paulo - ESAMC,SP,São Paulo,3,0,1
2394,2022,4357,FACULDADE QUALITTAS,SP,São Paulo,17,0,10
2409,2022,4597,FACULDADE FUTURA,SP,Votuporanga,14,6,7
2413,2022,4652,FACULDADE ANHANGÜERA DE SÃO JOSÉ,SP,São José dos Campos,35,51,4
2414,2022,4655,FACULDADE ANHANGÜERA DE SOROCABA,SP,Sorocaba,58,91,17
2415,2022,4656,FACULDADE ANHANGÜERA DE PIRACICABA,SP,Piracicaba,110,112,34
2422,2022,4724,FACULDADE DE CIÊNCIAS HUMANAS DO ESTADO DE SÃO PAULO,SP,Cruzeiro,78,31,17
2430,2022,4826,FACULDADE ANHANGÜERA DE CAMPINAS,SP,Campinas,97,124,36
2432,2022,4878,FACULDADE ANHANGUERA DE ITAPECERICA DA SERRA,SP,Itapecerica da Serra,1,5,1
2435,2022,4926,FACULDADE DE TECNOLOGIA DE PRAIA GRANDE,SP,Praia Grande,777,346,238
2439,2022,4983,FACULDADE IBRA DE TECNOLOGIA,SP,São José dos Campos,101,93,0
2440,2022,4995,Faculdade Educamais,SP,São Paulo,121,11,6
2446,2022,5215,CENTRO UNIVERSITÁRIO PADRE ALBINO,SP,Catanduva,93,129,0
2448,2022,5288,FACULDADE ANHANGÜERA DE RIBEIRÃO PRETO,SP,Ribeirão Preto,32,34,13
2450,2022,5312,Centro Universitário UNIFAAT,SP,Atibaia,281,191,51
2455,2022,5387,FACULDADE IMPACTA,SP,São Paulo,0,0,0
2458,2022,5451,FACULDADE ANHANGÜERA DE BAURU,SP,Bauru,31,44,11
2460,2022,5555,FACULDADE ANHANGUERA DE JACAREÍ,SP,Jacareí,42,45,13
2461,2022,5627,FACULDADE DE TECNOLOGIA DE PRESIDENTE PRUDENTE,SP,Presidente Prudente,173,89,34
2462,2022,5633,FACULDADE DE TECNOLOGIA DE BRAGANÇA PAULISTA,SP,Bragança Paulista,250,162,42
2464,2022,5669,CENTRO UNIVERSITÁRIO ETEP,SP,São José dos Campos,0,0,0
2469,2022,11308,FACULDADE ANHANGUERA DE SUMARÉ,SP,Sumaré,109,133,32
2478,2022,12522,FACULDADE MOGIANA DO ESTADO DE SÃO PAULO,SP,Mogi Guaçu,73,32,38
2480,2022,12723,FACULDADE FINACI,SP,São Paulo,18,4,10
2483,2022,12817,FACULDADE IMESP MONITOR,SP,São Paulo,20,22,0
2492,2022,13481,FACULDADES INTEGRADAS RIO BRANCO GRANJA VIANNA,SP,Cotia,0,0,0
2493,2022,13488,FACULDADE SEQÜENCIAL,SP,São Paulo,35,18,6
2499,2022,13752,FACULDADE DOM RICARDO,SP,Guarulhos,1,1,1
2506,2022,14069,FACULDADE DE TECNOLOGIA PORTO SUL,SP,Praia Grande,2,0,1
2513,2022,14401,FACULDADE DE TECNOLOGIA PORTO DAS MONÇÕES,SP,Porto Feliz,13,9,5
2519,2022,14715,Centro Universitário Piaget,SP,Suzano,118,113,7
2521,2022,14727,FACULDADE PROGRESSO,SP,Guarulhos,1,1,0
2522,2022,14858,FACULDADE DE TECNOLOGIA FRANCISCO MORATO,SP,Francisco Morato,0,0,0
2539,2022,15576,Faculdade de Tecnologia de Mogi das Cruzes,SP,Mogi das Cruzes,680,346,117
2540,2022,15581,Faculdade de Tecnologia de São José dos Campos - Jessen Vidal,SP,São José dos Campos,532,260,128
2541,2022,15680,Fatec Cruzeiro - Prof. Waldomiro May,SP,Cruzeiro,194,80,56
2542,2022,15682,Faculdade de Tecnologia de Piracicaba,SP,Piracicaba,387,180,80
2543,2022,15687,Faculdade de Tecnologia de Pindamonhangaba,SP,Pindamonhangaba,161,83,27
2544,2022,15688,FACULDADE DE TECONOLOGIA DA ZONA SUL,SP,São Paulo,1012,325,175
2545,2022,15689,Faculdade de Tecnologia de Bauru,SP,Bauru,36,72,0
2546,2022,15693,Faculdade de Tecnologia de Itapetininga - Prof.Antônio Belizandro Barbosa Rezende,SP,Itapetininga,335,171,113
2547,2022,15695,Faculdade de Tecnologia Dom Amaury Castanho,SP,Itu,114,56,26
2548,2022,15696,Faculdade de Tecnologia de Sertãozinho,SP,Sertãozinho,422,265,68
2549,2022,15708,Faculdade de Tecnologia Dr. Thomaz Novelino,SP,Franca,386,176,63
2550,2022,15715,FACULDADE DE TECNOLOGIA PROFESSOR ANTÔNIO SEABRA,SP,Lins,415,163,74
2551,2022,15745,Faculdade de Tecnologia de São Caetano do Sul,SP,São Caetano do Sul,152,72,32
2552,2022,15746,Faculdade de Tecnologia do Ipiranga,SP,São Paulo,248,98,66
2553,2022,15752,Faculdade de Tecnologia de Guarulhos,SP,Guarulhos,649,343,118
2554,2022,15757,Faculdade de Tecnologia de Barueri,SP,Barueri,666,331,146
2555,2022,15769,Faculdade de Tecnologia de Jales,SP,Jales,130,15,35
2556,2022,15793,Faculdade de Tecnologia de São Sebastião,SP,São Sebastião,318,138,54
2557,2022,15803,FACULDADE DE TECNOLOGIA DE TATUÍ - PROF. WILSON ROBERTO RIBEIRO DE CAMARGO,SP,Tatuí,403,175,90
2558,2022,15859,Faculdade Católica Paulista,SP,Marília,1389,624,468
2562,2022,16395,Faculdade de Tecnologia de Carapicuiba,SP,Carapicuíba,273,176,38
2563,2022,16410,Faculdade de Tecnologia de Catanduva,SP,Catanduva,326,157,66
2564,2022,16543,Faculdade Metropolitana do Estado de São Paulo,SP,Ribeirão Preto,540,643,0
2572,2022,17355,Faculdade de Educação em Ciências da Saúde,SP,São Paulo,35,0,19
2579,2022,17593,Faculdade de Botucatu,SP,Botucatu,18,10,6
2580,2022,17608,Faculdade de Educação Paulistana,SP,São Paulo,78,60,10
2589,2022,17854,Centro Universitário Unifecaf,SP,Taboão da Serra,1458,1495,153
2590,2022,17902,FACULDADE ESAMC JUNDIAÍ,SP,Jundiaí,7,0,3
2591,2022,17928,Faculdade Aliança Educacional do Estado de São Paulo,SP,Itapevi,95,40,47
2595,2022,18035,Escola Brasileira de Medicina Chinesa,SP,São Paulo,11,9,5
2596,2022,18049,Faculdade de Tecnologia de Taubaté,SP,Taubaté,116,77,15
2598,2022,18099,Faculdade de Tecnologia de Diadema Luigi Papaiz,SP,Diadema,167,87,27
2599,2022,18165,Fundação Universidade Virtual do Estado de São Paulo,SP,São Paulo,1757,1808,0
2601,2022,18258,FACULDADE UNIFICADA DO ESTADO DE SÃO PAULO,SP,Mauá,1,0,0
2607,2022,18667,FACULDADE SANTO ANTÔNIO,SP,Caçapava,0,0,0
2610,2022,18711,FACULDADE INOVA MAIS DE SÃO PAULO,SP,São Paulo,12,4,0
2617,2022,19252,FACULDADE DE TECNOLOGIA ALPHA CHANNEL,SP,São Paulo,22,22,0
2625,2022,19500,Faculdade de Tecnologia de São Carlos,SP,São Carlos,476,166,141
2626,2022,19501,Faculdade de Tecnologia Sebrae,SP,São Paulo,367,166,110
2628,2022,19578,Faculdade de Tecnologia de Cotia,SP,Cotia,333,166,68
2630,2022,19739,Faculdade de Tecnologia de Campinas,SP,Campinas,147,88,20
2634,2022,19861,Faculdade de Santana de Parnaíba,SP,Santana de Parnaíba,22,11,6
2635,2022,19862,Faculdade de Tecnologia Jorge Caram Sabbag,SP,Bebedouro,186,82,48
2636,2022,19864,Faculdade de Tecnologia de Itapira,SP,Itapira,187,92,43
2638,2022,19879,Faculdade IPESSP,SP,São Paulo,26,7,15
2644,2022,20098,Faculdade Integração,SP,São Paulo,5,0,1
2645,2022,20340,FACULDADE PAULISTA DE CIÊNCIAS DA SAÚDE,SP,São Paulo,22,11,9
2662,2022,21502,FACULDADES INTEGRADAS POTENCIAL,SP,Cotia,23,23,1
2663,2022,21573,Faculdade Ana Carolina Puga,SP,São Paulo,0,0,0
2665,2022,21638,Faculdade PECEGE,SP,Piracicaba,24,13,10
2668,2022,21713,Faculdade de Tecnologia - Fatec de Ribeirão Preto,SP,Ribeirão Preto,180,83,34
2672,2022,21940,Faculdade Phorte de Educação e Tecnologia,SP,São Paulo,30,44,4
2679,2022,22176,Faculdade ENAU,SP,Ribeirão Pires,55,34,15
2682,2022,22316,FACULDADE NOVE DE JULHO MAUÁ,SP,Mauá,54,26,4
2683,2022,22319,Faculdade de Tecnologia de Itatiba,SP,Itatiba,92,31,24
2692,2022,22603,FACULDADE ANCLIVEPA DE GESTÃO E HUMANOLOGIA,SP,São Paulo,34,15,22
2698,2022,22814,Faculdade Auden Educacional,SP,São Paulo,898,366,0
2699,2022,22862,FranklinCovey Business School,SP,São Paulo,92,53,3
2700,2022,22866,Faculdade Associada Brasil - EAD,SP,São Paulo,10,10,0
2702,2022,22939,Faculdade de Tecnologia de Araraquara,SP,Araraquara,113,71,10
2703,2022,23022,Faculdade Cetrus Sanar,SP,São Paulo,1,0,0
2704,2022,23147,Faculdade do Comércio de São Paulo,SP,São Paulo,335,554,32
2706,2022,23194,Faculdade PSICOLOG,SP,Ribeirão Preto,10,17,0
2709,2022,23241,Instituto Universitário São Judas de São Bernardo do Campo,SP,São Bernardo do Campo,50,62,0
2710,2022,23438,Faculdade de Tecnologia de Araras,SP,Araras,141,81,20
2712,2022,23700,Faculdade de Tecnologia de Ferraz de Vasconcelos,SP,Ferraz de Vasconcelos,211,89,38
2715,2022,23867,Faculdade de Tecnologia de Sumaré,SP,Sumaré,443,168,82
2717,2022,24046,Faculdade da Associação Médica Paulista,SP,São Paulo,12,15,0
2723,2022,24864,INSTITUTO DE EDUCAÇÃO SUPERIOR E INOVAÇÃO INVENIO,SP,São Paulo,8,8,0
909,2021,22,UNIVERSIDADE PRESBITERIANA MACKENZIE,SP,São Paulo,502,300,66
913,2021,33,FACULDADE DE TECNOLOGIA DE SOROCABA,SP,Sorocaba,264,162,54
914,2021,34,FACULDADE DE TECNOLOGIA DE SÃO PAULO,SP,São Paulo,5834,4161,2028
915,2021,35,FACULDADE DE TECNOLOGIA DE AMERICANA,SP,Americana,831,353,142
916,2021,36,FACULDADE DE TECNOLOGIA RUBENS LARA,SP,Santos,714,296,118
917,2021,37,FACULDADE DE TECNOLOGIA DE JAHU,SP,Jaú,419,155,79
926,2021,124,UNIVERSIDADE DE ARARAQUARA,SP,Araraquara,155,166,6
927,2021,125,CENTRO UNIVERSITÁRIO DE ARARAS -,SP,Araras,158,111,51
928,2021,135,Claretiano - Centro Universitário,SP,Batatais,511,421,160
929,2021,138,CENTRO UNIVERSITÁRIO BARÃO DE MAUÁ,SP,Ribeirão Preto,24,34,2
932,2021,146,CENTRO UNIVERSITÁRIO DE RIO PRETO,SP,São José do Rio Preto,94,128,28
933,2021,150,UNIVERSIDADE DE SOROCABA,SP,Sorocaba,143,78,56
935,2021,162,CENTRO UNIVERSITÁRIO BELAS ARTES DE SÃO PAULO,SP,São Paulo,48,85,4
938,2021,167,UNIVERSIDADE METODISTA DE SÃO PAULO,SP,São Bernardo do Campo,715,311,225
940,2021,203,UNIVERSIDADE SÃO JUDAS TADEU,SP,São Paulo,350,335,24
941,2021,206,CENTRO UNIVERSITÁRIO ÍTALO-BRASILEIRO,SP,São Paulo,758,511,191
942,2021,207,CENTRO UNIVERSITÁRIO MOURA LACERDA,SP,Ribeirão Preto,66,43,34
944,2021,221,UNIVERSIDADE CRUZEIRO DO SUL,SP,São Paulo,12238,10861,2021
945,2021,224,Centro Universitário FMABC,SP,Santo André,49,21,18
946,2021,227,UNIVERSIDADE CATÓLICA DE SANTOS,SP,Santos,0,0,0
947,2021,242,CENTRO UNIVERSITÁRIO ANHANGUERA PITÁGORAS AMPLI,SP,Santo André,2467,4452,83
948,2021,244,CENTRO UNIVERSITÁRIO FIEO,SP,Osasco,32,13,12
949,2021,263,FACULDADES INTEGRADAS CAMPOS SALLES,SP,São Paulo,265,2,90
950,2021,265,CENTRO UNIVERSITÁRIO DAS FACULDADES INTEGRADAS DE OURINHOS,SP,Ourinhos,23,27,0
951,2021,266,UNIVERSIDADE METODISTA DE PIRACICABA,SP,Piracicaba,2,0,2
953,2021,271,UNIVERSIDADE DO OESTE PAULISTA,SP,Presidente Prudente,244,126,81
959,2021,316,UNIVERSIDADE NOVE DE JULHO,SP,São Paulo,14301,7804,5186
960,2021,319,UNIVERSIDADE BRASIL,SP,São Paulo,151,125,101
961,2021,322,UNIVERSIDADE PAULISTA,SP,São Paulo,31931,24966,8739
970,2021,360,CENTRO UNIVERSITÁRIO PAULISTANO,SP,São Paulo,48,19,31
971,2021,363,FACULDADE MOZARTEUM DE SÃO PAULO,SP,São Paulo,13,8,5
973,2021,374,CENTRO UNIVERSITÁRIO DAS FACULDADES METROPOLITANAS UNIDAS,SP,São Paulo,4401,4092,822
974,2021,375,UNIVERSIDADE SANTO AMARO,SP,São Paulo,2662,1595,796
975,2021,376,CENTRO UNIVERSITÁRIO ANHANGUERA DE SÃO PAULO,SP,São Paulo,334,319,199
987,2021,417,UNIVERSIDADE CIDADE DE SÃO PAULO,SP,São Paulo,9943,7507,2011
988,2021,420,UNIVERSIDADE DE MARÍLIA,SP,Marília,1613,2428,125
992,2021,434,FACULDADE SANTA MARCELINA,SP,São Paulo,59,14,8
998,2021,456,CENTRO UNIVERSITÁRIO SANT¿ANNA,SP,São Paulo,109,86,65
999,2021,457,UNIVERSIDADE ANHANGUERA DE SÃO PAULO,SP,São Paulo,74,54,49
1000,2021,458,UNIVERSIDADE IBIRAPUERA,SP,São Paulo,14,3,7
1001,2021,466,UNIVERSIDADE ANHEMBI MORUMBI,SP,São Paulo,8309,6628,225
1004,2021,481,Universidade Universus Veritas Guarulhos,SP,Guarulhos,866,556,226
1006,2021,483,CENTRO UNIVERSITÁRIO METROPOLITANO DE SÃO PAULO,SP,Guarulhos,0,0,0
1008,2021,491,CENTRO UNIVERSITÁRIO DON DOMÊNICO,SP,Guarujá,174,67,69
1010,2021,496,UNIVERSIDADE DE FRANCA,SP,Franca,4758,3542,1057
1011,2021,502,CENTRO UNIVERSITÁRIO SÃO JUDAS TADEU,SP,Santos,565,188,295
1017,2021,521,UNIVERSIDADE DE MOGI DAS CRUZES,SP,Mogi das Cruzes,444,544,64
1019,2021,526,CENTRO UNIVERSITÁRIO BRAZ CUBAS,SP,Mogi das Cruzes,1557,1003,399
1034,2021,605,UNIVERSIDADE MUNICIPAL DE SÃO CAETANO DO SUL,SP,São Caetano do Sul,122,95,34
1043,2021,652,FACULDADE SANTA CECÍLIA,SP,Pindamonhangaba,64,39,6
1046,2021,665,UNIVERSIDADE DE TAUBATÉ,SP,Taubaté,152,77,24
1049,2021,670,UNIVERSIDADE SÃO FRANCISCO,SP,Bragança Paulista,1073,887,147
1057,2021,707,CENTRO UNIVERSITÁRIO CENTRAL PAULISTA,SP,São Carlos,73,24,27
1060,2021,716,FACULDADES INTEGRADAS DE BOTUCATU,SP,Botucatu,3,0,3
1065,2021,737,CENTRO UNIVERSITÁRIO SÃO CAMILO,SP,São Paulo,238,121,45
1068,2021,793,Centro Universitário Estácio de São Paulo,SP,São Paulo,385,219,145
1077,2021,886,FACULDADE DE HORTOLÂNDIA,SP,Hortolândia,19,0,19
1078,2021,898,Centro Universitário Unisan,SP,São Paulo,77,0,48
1081,2021,923,CENTRO UNIVERSITÁRIO SÃO ROQUE,SP,São Roque,36,23,14
1084,2021,952,UNIVERSIDADE SANTA CECÍLIA,SP,Santos,1322,994,154
1085,2021,953,UNIVERSIDADE METROPOLITANA DE SANTOS,SP,Santos,963,789,168
1087,2021,1032,CENTRO UNIVERSITÁRIO SALESIANO DE SÃO PAULO,SP,Americana,44,34,8
1091,2021,1045,CENTRO UNIVERSITÁRIO ANHANGÜERA,SP,Leme,0,0,0
1092,2021,1046,UNIÃO DAS FACULDADES DOS GRANDES LAGOS,SP,São José do Rio Preto,28,4,8
1093,2021,1048,FACULDADE CAMPOS ELÍSEOS,SP,São Paulo,220,447,46
1105,2021,1092,FACULDADES INTEGRADAS DE BAURU,SP,Bauru,27,13,17
1106,2021,1100,Centro Universitário Carlos Drummond de Andrade,SP,São Paulo,321,277,6
1114,2021,1149,CENTRO UNIVERSITÁRIO NOSSA SENHORA DO PATROCÍNIO,SP,Itu,504,308,225
1120,2021,1182,INSTITUTO DE ENSINO SUPERIOR DE AMERICANA,SP,Americana,13,0,10
1122,2021,1187,CENTRO UNIVERSITÁRIO MÓDULO,SP,Caraguatatuba,37,27,15
1126,2021,1219,INSTITUTO ITAPETININGANO DE ENSINO SUPERIOR,SP,Itapetininga,11,0,10
1127,2021,1225,CENTRO UNIVERSITÁRIO AMPARENSE,SP,Amparo,57,5,31
1135,2021,1270,CENTRO UNIVERSITÁRIO ESTÁCIO DE RIBEIRÃO PRETO,SP,Ribeirão Preto,14656,11827,2716
1136,2021,1273,Centro Universitário Campo Limpo Paulista,SP,Campo Limpo Paulista,365,213,132
1137,2021,1276,INSTITUTO TAUBATÉ DE ENSINO SUPERIOR,SP,Taubaté,26,0,18
1138,2021,1292,Centro Universitário de Adamantina,SP,Adamantina,1,0,1
1139,2021,1294,Centro Universitário das Américas,SP,São Paulo,4682,2523,420
1140,2021,1295,FACULDADE DE EDUCAÇÃO E TECNOLOGIA IRACEMA,SP,São Paulo,33,3,30
1141,2021,1304,FACULDADE DE RIBEIRÃO PIRES,SP,Ribeirão Pires,13,0,13
1142,2021,1310,FACULDADE DE AMERICANA,SP,Americana,129,104,41
1143,2021,1311,TREVISAN ESCOLA SUPERIOR DE NEGÓCIOS,SP,São Paulo,0,0,0
1147,2021,1345,FACULDADE ANHANGUERA DE OSASCO,SP,Osasco,343,250,187
1152,2021,1365,CENTRO UNIVERSITÁRIO ADVENTISTA DE SÃO PAULO,SP,São Paulo,124,92,19
1158,2021,1386,FACULDADE ESAMC CAMPINAS,SP,Campinas,259,11,166
1159,2021,1387,FACULDADE PENTÁGONO - FAPEN,SP,Santo André,31,0,28
1160,2021,1388,CENTRO UNIVERSITÁRIO SUMARÉ,SP,São Paulo,786,651,220
1166,2021,1418,Centro Universitário Toledo Wyden,SP,Araçatuba,35,41,12
1172,2021,1432,FACULDADE BERTIOGA,SP,Bertioga,14,5,8
1173,2021,1433,FACULDADE ORÍGENES LESSA,SP,Lençóis Paulista,5,8,4
1174,2021,1434,Centro Universitário de Itapira Uniesi,SP,Itapira,6,0,6
1178,2021,1457,Faculdade Estácio de Cotia,SP,Cotia,13,21,13
1182,2021,1478,FACULDADE ANHANGUERA DE SÃO BERNARDO,SP,São Bernardo do Campo,199,113,129
1185,2021,1490,CENTRO UNIVERSITÁRIO DE JAGUARIÚNA,SP,Jaguariúna,252,259,91
1189,2021,1499,FACULDADE ANHANGUERA DE TABOÃO DA SERRA,SP,Taboão da Serra,127,165,83
1199,2021,1541,FACULDADE FLAMINGO,SP,São Paulo,444,222,188
1201,2021,1545,FACULDADE DE BOITUVA,SP,Boituva,5,0,4
1202,2021,1554,CENTRO UNIVERSITÁRIO DO VALE DO RIBEIRA,SP,Registro,276,97,61
1205,2021,1561,FACULDADE ESAMC SOROCABA,SP,Sorocaba,124,59,68
1213,2021,1583,FACULDADE DE TECNOLOGIA DE INDAIATUBA,SP,Indaiatuba,921,432,173
1214,2021,1584,FACULDADE DE TECNOLOGIA DE GUARATINGUETÁ,SP,Guaratinguetá,524,261,113
1225,2021,1659,FACULDADE ESTÁCIO DE SÁ DE OURINHOS,SP,Ourinhos,41,21,13
1233,2021,1690,FACULDADE DE SÃO VICENTE,SP,São Vicente,272,158,85
1234,2021,1693,FACULDADE ITANHAÉM,SP,Itanhaém,7,0,2
1243,2021,1723,STRONG BUSINESS SCHOOL,SP,Santo André,7,7,0
1244,2021,1725,FACULDADE XV DE AGOSTO,SP,Socorro,16,9,6
1247,2021,1732,FACULDADE GENNARI E PEARTREE,SP,Pederneiras,77,62,13
1249,2021,1742,FACULDADE DE TECNOLOGIA CARLOS DRUMMOND DE ANDRADE,SP,São Paulo,171,86,21
1250,2021,1745,Faculdade Interativa de São Paulo,SP,São Paulo,63,20,33
1252,2021,1762,FACULDADE DE TECNOLOGIA E NEGÓCIOS CARLOS DRUMMOND DE ANDRADE,SP,São Paulo,126,50,6
1257,2021,1776,Faculdade Anhanguera de Tecnologia de Jundiaí,SP,Jundiaí,74,70,40
1259,2021,1788,FACULDADE DE ADMINISTRAÇÃO E ARTES DE LIMEIRA,SP,Limeira,43,19,22
1261,2021,1804,FACULDADE DE MAUÁ - FAMA,SP,Mauá,14,0,11
1263,2021,1806,FACULDADE FERNÃO DIAS,SP,Osasco,9,0,9
1266,2021,1810,"INSTITUTO FEDERAL DE EDUCAÇÃO, CIÊNCIA E TECNOLOGIA DE SÃO PAULO",SP,São Paulo,966,380,185
1270,2021,1816,INSTITUTO DE ENSINO SUPERIOR DE BAURU,SP,Bauru,2,1,1
1276,2021,1834,FACULDADE DE AGUDOS,SP,Agudos,30,13,12
1277,2021,1836,CENTRO UNIVERSITÁRIO FUNDAÇÃO DE ENSINO OCTÁVIO BASTOS - FEOB,SP,São João da Boa Vista,167,136,65
1278,2021,1841,CENTRO UNIVERSITÁRIO ANTÔNIO EUFRÁSIO DE TOLEDO DE PRESIDENTE PRUDENTE - TOLEDO PRUDENTE,SP,Presidente Prudente,65,78,4
1280,2021,1846,CENTRO UNIVERSITÁRIO DE LINS,SP,Lins,2087,960,196
1283,2021,1853,Centro Universitário UNIBTA,SP,São Paulo,51,0,8
1284,2021,1854,CLARETIANO - CENTRO UNIVERSITÁRIO,SP,Rio Claro,115,89,54
1291,2021,1892,Centro Universitário de Excelência Eniac,SP,Guarulhos,1290,459,401
1304,2021,1949,CENTRO UNIVERSITÁRIO DE PAULÍNIA,SP,Paulínia,161,97,56
1321,2021,2123,CENTRO UNIVERSITÁRIO MAX PLANCK,SP,Indaiatuba,1,2,1
1329,2021,2183,CENTRO UNIVERSITÁRIO FUNDAÇÃO SANTO ANDRÉ,SP,Santo André,118,20,80
1343,2021,2279,Centro Universitário Metrocamp Wyden,SP,Campinas,87,92,37
1349,2021,2408,FACULDADE ESAMC SANTOS,SP,Santos,326,251,99
1366,2021,2625,FACULDADE APRIMORAR DE SÃO JOSÉ DOS CAMPOS,SP,São José dos Campos,75,136,0
1368,2021,2688,FACULDADE INESP - INSTITUTO NACIONAL DE ENSINO E PESQUISA,SP,Jacareí,3,4,0
1376,2021,2793,FACULDADE UBS,SP,São Paulo,0,0,0
1379,2021,2814,FACULDADE SÃO SEBASTIÃO,SP,São Sebastião,40,21,16
1381,2021,2886,FACULDADE ZUMBI DOS PALMARES,SP,São Paulo,0,1,0
1389,2021,3008,FACULDADE DO INSTITUTO NACIONAL DE PÓS-GRADUAÇÃO DE SÃO JOSÉ DOS CAMPOS,SP,São José dos Campos,35,6,21
1407,2021,3294,CENTRO UNIVERSITÁRIO FAVENI,SP,Guarulhos,63,18,0
1410,2021,3323,INSTITUTO DE EDUCAÇÃO E ENSINO SUPERIOR DE CAMPINAS,SP,Campinas,72,0,58
1424,2021,3529,CENTRO UNIVERSITÁRIO EURÍPEDES DE MARÍLIA,SP,Marília,249,147,114
1427,2021,3603,FACULDADE ANHANGUERA DE GUARULHOS,SP,Guarulhos,147,42,85
1428,2021,3612,FACULDADE ANHANGUERA DE VALINHOS,SP,Valinhos,24,5,9
1429,2021,3618,FACULDADE LUSÓFONA DE SÃO PAULO,SP,Cotia,44,25,15
1431,2021,3779,FACULDADE ESTÁCIO DE SANTO ANDRÉ,SP,Santo André,111,55,44
1446,2021,3936,FACULDADE ANHANGUERA DE LIMEIRA,SP,Limeira,32,19,22
1447,2021,3937,Faculdade Anhanguera de Indaiatuba,SP,Indaiatuba,32,36,20
1454,2021,3985,CENTRO UNIVERSITÁRIO SENAC,SP,São Paulo,2200,1371,783
1459,2021,4007,"FATECE - FACULDADE DE TECNOLOGIA, CIÊNCIAS E EDUCAÇÃO",SP,Pirassununga,29,15,14
1461,2021,4017,CENTRO UNIVERSITÁRIO PADRE ANCHIETA,SP,Jundiaí,700,538,101
1462,2021,4020,FACULDADE DE TECNOLOGIA DE BOTUCATU,SP,Botucatu,185,91,28
1463,2021,4021,FACULDADE DE TECNOLOGIA DE GARÇA,SP,Garça,317,160,58
1464,2021,4022,FACULDADE DE TECNOLOGIA DE JUNDIAÍ,SP,Jundiaí,396,136,71
1465,2021,4023,FACULDADE DE TECNOLOGIA DE MAUÁ,SP,Mauá,341,164,31
1466,2021,4024,FACULDADE DE TECNOLOGIA DE MOCOCA,SP,Mococa,222,89,45
1467,2021,4026,FACULDADE DE TECNOLOGIA ZONA LESTE,SP,São Paulo,1240,443,214
1468,2021,4029,FACULDADE DE SANTA BÁRBARA D'OESTE,SP,Santa Bárbara d'Oeste,5,0,5
1471,2021,4059,FACULDADE DE CIÊNCIAS GERENCIAIS,SP,São Joaquim da Barra,10,8,5
1473,2021,4086,FACULDADE DE TECNOLOGIA JARDIM,SP,Santo André,15,5,10
1482,2021,4138,FACULDADE ANHANGUERA DE SANTA BÁRBARA,SP,Santa Bárbara d'Oeste,27,19,12
1483,2021,4141,FACULDADE ANHANGUERA DE TAUBATÉ,SP,Taubaté,4,0,4
1484,2021,4150,FACULDADE DE TECNOLOGIA DE PIRACICABA,SP,Piracicaba,143,82,59
1487,2021,4169,Faculdade Estácio de Carapicuíba,SP,Carapicuíba,281,134,134
1488,2021,4211,Faculdade ESAMC São Paulo - ESAMC,SP,São Paulo,0,13,0
1495,2021,4357,FACULDADE QUALITTAS,SP,São Paulo,22,17,4
1511,2021,4597,FACULDADE FUTURA,SP,Votuporanga,14,21,5
1515,2021,4652,FACULDADE ANHANGÜERA DE SÃO JOSÉ,SP,São José dos Campos,27,19,14
1516,2021,4655,FACULDADE ANHANGÜERA DE SOROCABA,SP,Sorocaba,79,80,38
1517,2021,4656,FACULDADE ANHANGÜERA DE PIRACICABA,SP,Piracicaba,105,100,40
1523,2021,4724,FACULDADE DE CIÊNCIAS HUMANAS DO ESTADO DE SÃO PAULO,SP,Cruzeiro,76,48,8
1531,2021,4826,FACULDADE ANHANGÜERA DE CAMPINAS,SP,Campinas,116,99,70
1533,2021,4878,FACULDADE ANHANGUERA DE ITAPECERICA DA SERRA,SP,Itapecerica da Serra,23,11,19
1536,2021,4926,FACULDADE DE TECNOLOGIA DE PRAIA GRANDE,SP,Praia Grande,815,304,63
1540,2021,4983,FACULDADE IBRA DE TECNOLOGIA,SP,São José dos Campos,39,41,1
1541,2021,4995,Faculdade Educamais,SP,São Paulo,49,7,31
1544,2021,5046,FACULDADE POLIS DAS ARTES,SP,Embu das Artes,0,0,0
1549,2021,5288,FACULDADE ANHANGÜERA DE RIBEIRÃO PRETO,SP,Ribeirão Preto,35,43,14
1551,2021,5312,Centro Universitário UNIFAAT,SP,Atibaia,337,163,106
1556,2021,5387,FACULDADE IMPACTA,SP,São Paulo,23,0,21
1559,2021,5451,FACULDADE ANHANGÜERA DE BAURU,SP,Bauru,29,25,14
1561,2021,5555,FACULDADE ANHANGUERA DE JACAREÍ,SP,Jacareí,58,32,33
1562,2021,5627,FACULDADE DE TECNOLOGIA DE PRESIDENTE PRUDENTE,SP,Presidente Prudente,174,75,36
1563,2021,5633,FACULDADE DE TECNOLOGIA DE BRAGANÇA PAULISTA,SP,Bragança Paulista,249,172,22
1565,2021,5669,CENTRO UNIVERSITÁRIO ETEP,SP,São José dos Campos,1,0,0
1570,2021,11308,FACULDADE ANHANGUERA DE SUMARÉ,SP,Sumaré,219,88,142
1580,2021,12522,FACULDADE MOGIANA DO ESTADO DE SÃO PAULO,SP,Mogi Guaçu,87,35,34
1582,2021,12723,FACULDADE FINACI,SP,São Paulo,34,17,5
1593,2021,13481,FACULDADES INTEGRADAS RIO BRANCO GRANJA VIANNA,SP,Cotia,0,0,0
1594,2021,13488,FACULDADE SEQÜENCIAL,SP,São Paulo,48,15,31
1601,2021,13752,FACULDADE DOM RICARDO,SP,Guarulhos,50,1,48
1608,2021,14069,FACULDADE DE TECNOLOGIA PORTO SUL,SP,Praia Grande,3,0,3
1616,2021,14401,FACULDADE DE TECNOLOGIA PORTO DAS MONÇÕES,SP,Porto Feliz,18,23,7
1622,2021,14715,FACULDADE PIAGET,SP,Suzano,51,30,7
1624,2021,14727,FACULDADE PROGRESSO,SP,Guarulhos,6,7,2
1625,2021,14858,FACULDADE DE TECNOLOGIA FRANCISCO MORATO,SP,Francisco Morato,1,0,1
1639,2021,15501,Faculdade de Tecnologia SENAI Roberto Simonsen,SP,São Paulo,24,26,0
1643,2021,15576,Faculdade de Tecnologia de Mogi das Cruzes,SP,Mogi das Cruzes,746,353,117
1644,2021,15581,Faculdade de Tecnologia de São José dos Campos - Jessen Vidal,SP,São José dos Campos,564,261,95
1645,2021,15680,Fatec Cruzeiro - Prof. Waldomiro May,SP,Cruzeiro,223,80,51
1646,2021,15682,Faculdade de Tecnologia de Piracicaba,SP,Piracicaba,394,182,93
1647,2021,15687,Faculdade de Tecnologia de Pindamonhangaba,SP,Pindamonhangaba,167,83,41
1648,2021,15688,FACULDADE DE TECONOLOGIA DA ZONA SUL,SP,São Paulo,818,348,170
1649,2021,15693,Faculdade de Tecnologia de Itapetininga - Prof.Antônio Belizandro Barbosa Rezende,SP,Itapetininga,348,85,31
1650,2021,15695,Faculdade de Tecnologia Dom Amaury Castanho,SP,Itu,141,80,14
1651,2021,15696,Faculdade de Tecnologia de Sertãozinho,SP,Sertãozinho,423,168,73
1652,2021,15708,Faculdade de Tecnologia Dr. Thomaz Novelino,SP,Franca,366,187,53
1653,2021,15715,FACULDADE DE TECNOLOGIA PROFESSOR ANTÔNIO SEABRA,SP,Lins,409,178,62
1654,2021,15745,Faculdade de Tecnologia de São Caetano do Sul,SP,São Caetano do Sul,178,84,40
1655,2021,15746,Faculdade de Tecnologia do Ipiranga,SP,São Paulo,257,106,54
1656,2021,15752,Faculdade de Tecnologia de Guarulhos,SP,Guarulhos,727,335,153
1657,2021,15757,Faculdade de Tecnologia de Barueri,SP,Barueri,646,277,118
1658,2021,15769,Faculdade de Tecnologia de Jales,SP,Jales,186,84,34
1659,2021,15793,Faculdade de Tecnologia de São Sebastião,SP,São Sebastião,343,179,42
1660,2021,15803,FACULDADE DE TECNOLOGIA DE TATUÍ - PROF. WILSON ROBERTO RIBEIRO DE CAMARGO,SP,Tatuí,416,169,78
1661,2021,15859,Faculdade Católica Paulista,SP,Marília,1701,1007,251
1663,2021,15922,Faculdade FABAD,SP,Pindamonhangaba,0,0,0
1665,2021,16395,Faculdade de Tecnologia de Carapicuiba,SP,Carapicuíba,309,173,52
1666,2021,16410,Faculdade de Tecnologia de Catanduva,SP,Catanduva,367,166,74
1676,2021,17355,Faculdade de Educação em Ciências da Saúde,SP,São Paulo,43,81,0
1683,2021,17593,Faculdade de Botucatu,SP,Botucatu,40,9,12
1684,2021,17608,Faculdade de Educação Paulistana,SP,São Paulo,57,33,32
1692,2021,17854,FACULDADE CAPITAL FEDERAL,SP,Taboão da Serra,505,346,113
1693,2021,17902,FACULDADE ESAMC JUNDIAÍ,SP,Jundiaí,8,7,0
1694,2021,17928,Faculdade Aliança Educacional do Estado de São Paulo,SP,Itapevi,153,61,65
1698,2021,18035,Escola Brasileira de Medicina Chinesa,SP,São Paulo,9,10,3
1699,2021,18049,Faculdade de Tecnologia de Taubaté,SP,Taubaté,88,82,0
1702,2021,18099,Faculdade de Tecnologia de Diadema Luigi Papaiz,SP,Diadema,121,85,0
1706,2021,18258,FACULDADE UNIFICADA DO ESTADO DE SÃO PAULO,SP,Mauá,7,2,6
1713,2021,18667,FACULDADE SANTO ANTÔNIO,SP,Caçapava,0,27,0
1716,2021,18711,FACULDADE INOVA MAIS DE SÃO PAULO,SP,São Paulo,8,6,0
1724,2021,19325,Faculdade do Centro Oeste Paulista,SP,Piratininga,0,0,0
1729,2021,19500,Faculdade de Tecnologia de São Carlos,SP,São Carlos,429,185,2
1730,2021,19501,Faculdade de Tecnologia Sebrae,SP,São Paulo,351,115,33
1732,2021,19578,Faculdade de Tecnologia de Cotia,SP,Cotia,366,160,73
1734,2021,19739,Faculdade de Tecnologia de Campinas,SP,Campinas,120,83,0
1738,2021,19861,Faculdade de Santana de Parnaíba,SP,Santana de Parnaíba,21,15,6
1739,2021,19862,Faculdade de Tecnologia Jorge Caram Sabbag,SP,Bebedouro,177,44,8
1740,2021,19864,Faculdade de Tecnologia de Itapira,SP,Itapira,169,83,33
1741,2021,19879,Faculdade Integrada de Pesquisa e Educação em Saúde de SP,SP,São Paulo,29,16,0
1747,2021,20098,Faculdade Integração,SP,São Paulo,12,0,1
1748,2021,20340,FACULDADE PAULISTA DE CIÊNCIAS DA SAÚDE,SP,São Paulo,49,13,25
1764,2021,21502,FACULDADES INTEGRADAS POTENCIAL,SP,Cotia,6,0,4
1765,2021,21573,Faculdade Ana Carolina Puga,SP,São Paulo,8,0,0
1767,2021,21638,Faculdade PECEGE,SP,Piracicaba,40,14,17
1770,2021,21713,Faculdade de Tecnologia - Fatec de Ribeirão Preto,SP,Ribeirão Preto,174,83,31
1775,2021,21940,Faculdade Phorte de Educação e Tecnologia,SP,São Paulo,9,8,6
1781,2021,22176,Faculdade ENAU,SP,Ribeirão Pires,48,14,28
1783,2021,22316,FACULDADE NOVE DE JULHO MAUÁ,SP,Mauá,210,31,165
1789,2021,22603,FACULDADE ANCLIVEPA DE GESTÃO E HUMANOLOGIA,SP,São Paulo,51,56,16
1794,2021,22814,Faculdade Auden Educacional,SP,São Paulo,499,198,9
1795,2021,22862,FranklinCovey Business School,SP,São Paulo,52,63,0
1797,2021,22939,Faculdade de Tecnologia de Araraquara,SP,Araraquara,90,82,0
1798,2021,23022,Faculdade CETRUS,SP,São Paulo,13,17,0
1799,2021,23147,Faculdade do Comércio de São Paulo,SP,São Paulo,147,168,16
1801,2021,23194,Faculdade PSICOLOG,SP,Ribeirão Preto,7,5,0
1803,2021,23438,Faculdade de Tecnologia de Araras,SP,Araras,131,84,7
1804,2021,23700,Faculdade de Tecnologia de Ferraz de Vasconcelos,SP,Ferraz de Vasconcelos,211,77,42
1808,2021,23867,Faculdade de Tecnologia de Sumaré,SP,Sumaré,396,234,32
7,2020,22,UNIVERSIDADE PRESBITERIANA MACKENZIE,SP,São Paulo,309,156,118
11,2020,33,FACULDADE DE TECNOLOGIA DE SOROCABA,SP,Sorocaba,245,125,49
12,2020,34,FACULDADE DE TECNOLOGIA DE SÃO PAULO,SP,São Paulo,4148,0,736
13,2020,35,FACULDADE DE TECNOLOGIA DE AMERICANA,SP,Americana,877,296,142
14,2020,36,FACULDADE DE TECNOLOGIA RUBENS LARA,SP,Santos,701,306,112
15,2020,37,FACULDADE DE TECNOLOGIA DE JAHU,SP,Jaú,411,188,66
23,2020,124,UNIVERSIDADE DE ARARAQUARA,SP,Araraquara,58,48,8
24,2020,125,CENTRO UNIVERSITÁRIO DE ARARAS -,SP,Araras,189,169,55
25,2020,135,CENTRO UNIVERSITÁRIO CLARETIANO,SP,Batatais,530,443,173
26,2020,137,CENTRO UNIVERSITÁRIO SAGRADO CORAÇÃO,SP,Bauru,0,0,0
27,2020,138,CENTRO UNIVERSITÁRIO BARÃO DE MAUÁ,SP,Ribeirão Preto,19,13,9
30,2020,146,CENTRO UNIVERSITÁRIO DE RIO PRETO,SP,São José do Rio Preto,124,103,75
31,2020,150,UNIVERSIDADE DE SOROCABA,SP,Sorocaba,176,47,71
33,2020,162,CENTRO UNIVERSITÁRIO BELAS ARTES DE SÃO PAULO,SP,São Paulo,21,38,0
36,2020,167,UNIVERSIDADE METODISTA DE SÃO PAULO,SP,São Bernardo do Campo,821,277,262
38,2020,203,UNIVERSIDADE SÃO JUDAS TADEU,SP,São Paulo,189,166,68
39,2020,207,CENTRO UNIVERSITÁRIO MOURA LACERDA,SP,Ribeirão Preto,80,49,41
41,2020,221,UNIVERSIDADE CRUZEIRO DO SUL,SP,São Paulo,9383,7872,1450
42,2020,224,Centro Universitário FMABC,SP,Santo André,56,23,14
43,2020,225,FACULDADE DE SANTO ANDRÉ,SP,Santo André,12,11,0
44,2020,227,UNIVERSIDADE CATÓLICA DE SANTOS,SP,Santos,0,0,0
46,2020,242,CENTRO UNIVERSITÁRIO ANHANGUERA PITÁGORAS AMPLI,SP,Santo André,810,914,172
47,2020,244,CENTRO UNIVERSITÁRIO FIEO,SP,Osasco,47,23,12
48,2020,263,FACULDADES INTEGRADAS CAMPOS SALLES,SP,São Paulo,449,155,173
49,2020,266,UNIVERSIDADE METODISTA DE PIRACICABA,SP,Piracicaba,5,0,0
51,2020,271,UNIVERSIDADE DO OESTE PAULISTA,SP,Presidente Prudente,203,166,32
58,2020,316,UNIVERSIDADE NOVE DE JULHO,SP,São Paulo,15248,7382,4631
59,2020,319,UNIVERSIDADE BRASIL,SP,São Paulo,174,49,69
60,2020,322,UNIVERSIDADE PAULISTA,SP,São Paulo,37280,30057,8483
69,2020,360,CENTRO UNIVERSITÁRIO PAULISTANO,SP,São Paulo,73,24,45
70,2020,363,FACULDADE MOZARTEUM DE SÃO PAULO,SP,São Paulo,22,1,15
72,2020,374,CENTRO UNIVERSITÁRIO DAS FACULDADES METROPOLITANAS UNIDAS,SP,São Paulo,4627,5204,878
73,2020,375,UNIVERSIDADE SANTO AMARO,SP,São Paulo,2887,1646,709
74,2020,376,CENTRO UNIVERSITÁRIO ANHANGUERA DE SÃO PAULO,SP,São Paulo,762,766,378
86,2020,417,UNIVERSIDADE CIDADE DE SÃO PAULO,SP,São Paulo,8344,5988,1657
87,2020,420,UNIVERSIDADE DE MARÍLIA,SP,Marília,482,467,21
91,2020,434,FACULDADE SANTA MARCELINA,SP,São Paulo,77,52,5
97,2020,456,CENTRO UNIVERSITÁRIO SANT¿ANNA,SP,São Paulo,176,110,53
98,2020,457,UNIVERSIDADE ANHANGUERA DE SÃO PAULO,SP,São Paulo,195,114,114
99,2020,458,UNIVERSIDADE IBIRAPUERA,SP,São Paulo,21,17,7
100,2020,466,UNIVERSIDADE ANHEMBI MORUMBI,SP,São Paulo,8258,5038,2609
103,2020,481,Universidade Universus Veritas Guarulhos,SP,Guarulhos,932,418,288
105,2020,483,CENTRO UNIVERSITÁRIO METROPOLITANO DE SÃO PAULO,SP,Guarulhos,0,7,0
107,2020,491,CENTRO UNIVERSITÁRIO DON DOMÊNICO,SP,Guarujá,209,123,10
109,2020,496,UNIVERSIDADE DE FRANCA,SP,Franca,4280,2928,848
110,2020,502,CENTRO UNIVERSITÁRIO SÃO JUDAS TADEU,SP,Santos,801,526,253
116,2020,521,UNIVERSIDADE DE MOGI DAS CRUZES,SP,Mogi das Cruzes,199,88,110
118,2020,526,CENTRO UNIVERSITÁRIO BRAZ CUBAS,SP,Mogi das Cruzes,2039,1243,564
131,2020,605,UNIVERSIDADE MUNICIPAL DE SÃO CAETANO DO SUL,SP,São Caetano do Sul,172,76,81
140,2020,652,FACULDADE SANTA CECÍLIA,SP,Pindamonhangaba,91,30,46
143,2020,665,UNIVERSIDADE DE TAUBATÉ,SP,Taubaté,184,111,18
146,2020,670,UNIVERSIDADE SÃO FRANCISCO,SP,Bragança Paulista,737,690,108
154,2020,707,CENTRO UNIVERSITÁRIO CENTRAL PAULISTA,SP,São Carlos,144,51,64
157,2020,716,FACULDADES INTEGRADAS DE BOTUCATU,SP,Botucatu,4,4,0
162,2020,737,CENTRO UNIVERSITÁRIO SÃO CAMILO,SP,São Paulo,240,113,35
164,2020,778,FACULDADE IBRA DOS VALES,SP,Jacareí,19,0,19
166,2020,793,Centro Universitário Estácio de São Paulo,SP,São Paulo,678,406,175
175,2020,886,FACULDADE DE HORTOLÂNDIA,SP,Hortolândia,83,39,16
176,2020,898,Centro Universitário Unisan,SP,São Paulo,92,30,39
179,2020,923,CENTRO UNIVERSITÁRIO SÃO ROQUE,SP,São Roque,44,34,22
182,2020,952,UNIVERSIDADE SANTA CECÍLIA,SP,Santos,738,514,125
183,2020,953,UNIVERSIDADE METROPOLITANA DE SANTOS,SP,Santos,463,203,198
185,2020,1032,CENTRO UNIVERSITÁRIO SALESIANO DE SÃO PAULO,SP,Americana,85,70,45
190,2020,1045,CENTRO UNIVERSITÁRIO ANHANGÜERA,SP,Leme,6,1,6
191,2020,1046,UNIÃO DAS FACULDADES DOS GRANDES LAGOS,SP,São José do Rio Preto,35,13,8
192,2020,1048,FACULDADE CAMPOS ELÍSEOS,SP,São Paulo,229,475,80
205,2020,1092,FACULDADES INTEGRADAS DE BAURU,SP,Bauru,37,24,11
206,2020,1100,Centro Universitário Carlos Drummond de Andrade,SP,São Paulo,535,443,39
214,2020,1149,CENTRO UNIVERSITÁRIO NOSSA SENHORA DO PATROCÍNIO,SP,Salto,704,466,297
220,2020,1182,INSTITUTO DE ENSINO SUPERIOR DE AMERICANA,SP,Americana,35,24,14
222,2020,1187,CENTRO UNIVERSITÁRIO MÓDULO,SP,Caraguatatuba,73,46,33
226,2020,1219,INSTITUTO ITAPETININGANO DE ENSINO SUPERIOR,SP,Itapetininga,28,20,11
227,2020,1225,CENTRO UNIVERSITÁRIO AMPARENSE,SP,Amparo,82,29,37
236,2020,1270,CENTRO UNIVERSITÁRIO ESTÁCIO DE RIBEIRÃO PRETO,SP,Ribeirão Preto,12952,9277,2554
237,2020,1273,Centro Universitário Campo Limpo Paulista,SP,Campo Limpo Paulista,368,216,117
238,2020,1276,INSTITUTO TAUBATÉ DE ENSINO SUPERIOR,SP,Taubaté,54,31,19
239,2020,1292,Centro Universitário de Adamantina,SP,Adamantina,6,0,3
240,2020,1294,Centro Universitário das Américas,SP,São Paulo,4567,3978,371
241,2020,1295,FACULDADE DE EDUCAÇÃO E TECNOLOGIA IRACEMA,SP,São Paulo,15,0,15
242,2020,1304,FACULDADE DE RIBEIRÃO PIRES,SP,Ribeirão Pires,73,25,30
244,2020,1310,FACULDADE DE AMERICANA,SP,Americana,154,57,85
245,2020,1311,TREVISAN ESCOLA SUPERIOR DE NEGÓCIOS,SP,São Paulo,0,0,0
249,2020,1345,FACULDADE ANHANGUERA DE OSASCO,SP,Osasco,570,424,248
254,2020,1365,CENTRO UNIVERSITÁRIO ADVENTISTA DE SÃO PAULO,SP,São Paulo,112,106,18
260,2020,1386,FACULDADE ESAMC CAMPINAS,SP,Campinas,513,289,170
261,2020,1387,FACULDADE PENTÁGONO - FAPEN,SP,Santo André,84,23,43
262,2020,1388,CENTRO UNIVERSITÁRIO SUMARÉ,SP,São Paulo,981,1020,387
268,2020,1418,CENTRO UNIVERSITÁRIO TOLEDO,SP,Araçatuba,48,26,12
273,2020,1432,FACULDADE BERTIOGA,SP,Bertioga,18,7,8
274,2020,1433,FACULDADE ORÍGENES LESSA,SP,Lençóis Paulista,83,82,2
275,2020,1434,Centro Universitário de Itapira Uniesi,SP,Itapira,14,18,5
279,2020,1457,Faculdade Estácio de Cotia,SP,Cotia,146,89,32
283,2020,1478,FACULDADE ANHANGUERA DE SÃO BERNARDO,SP,São Bernardo do Campo,355,188,183
286,2020,1490,CENTRO UNIVERSITÁRIO DE JAGUARIÚNA,SP,Jaguariúna,286,161,67
290,2020,1499,FACULDADE ANHANGUERA DE TABOÃO DA SERRA,SP,Taboão da Serra,170,106,105
291,2020,1502,FACULDADE ANHANGUERA PITÁGORAS DE JUNDIAÍ,SP,Jundiaí,0,0,0
300,2020,1541,FACULDADE FLAMINGO,SP,São Paulo,534,177,242
302,2020,1545,FACULDADE DE BOITUVA,SP,Boituva,16,9,4
303,2020,1554,CENTRO UNIVERSITÁRIO DO VALE DO RIBEIRA,SP,Registro,263,147,73
306,2020,1561,FACULDADE ESAMC SOROCABA,SP,Sorocaba,148,136,46
313,2020,1583,FACULDADE DE TECNOLOGIA DE INDAIATUBA,SP,Indaiatuba,1067,438,214
314,2020,1584,FACULDADE DE TECNOLOGIA DE GUARATINGUETÁ,SP,Guaratinguetá,496,258,80
320,2020,1624,FACULDADE MARECHAL RONDON,SP,São Manuel,0,0,0
324,2020,1659,FACULDADE ESTÁCIO DE SÁ DE OURINHOS,SP,Ourinhos,83,36,20
332,2020,1690,FACULDADE DE SÃO VICENTE,SP,São Vicente,320,119,151
333,2020,1693,FACULDADE ITANHAÉM,SP,Itanhaém,8,0,4
342,2020,1725,FACULDADE XV DE AGOSTO,SP,Socorro,20,14,8
345,2020,1732,FACULDADE GENNARI E PEARTREE,SP,Pederneiras,28,11,10
347,2020,1742,FACULDADE DE TECNOLOGIA CARLOS DRUMMOND DE ANDRADE,SP,São Paulo,318,149,137
348,2020,1745,Faculdade Interativa de São Paulo,SP,São Paulo,69,29,21
350,2020,1762,FACULDADE DE TECNOLOGIA E NEGÓCIOS CARLOS DRUMMOND DE ANDRADE,SP,São Paulo,155,99,54
355,2020,1776,Faculdade Anhanguera de Tecnologia de Jundiaí,SP,Jundiaí,140,86,57
357,2020,1788,FACULDADE DE ADMINISTRAÇÃO E ARTES DE LIMEIRA,SP,Limeira,53,27,23
359,2020,1804,FACULDADE DE MAUÁ - FAMA,SP,Mauá,58,28,22
361,2020,1806,FACULDADE FERNÃO DIAS,SP,Osasco,18,8,10
365,2020,1810,"INSTITUTO FEDERAL DE EDUCAÇÃO, CIÊNCIA E TECNOLOGIA DE SÃO PAULO",SP,São Paulo,1012,378,213
369,2020,1816,INSTITUTO DE ENSINO SUPERIOR DE BAURU,SP,Bauru,24,21,9
375,2020,1834,FACULDADE DE AGUDOS,SP,Agudos,38,25,6
376,2020,1836,CENTRO UNIVERSITÁRIO FUNDAÇÃO DE ENSINO OCTÁVIO BASTOS - FEOB,SP,São João da Boa Vista,114,169,33
377,2020,1838,FACULDADES INTEGRADAS RIO BRANCO,SP,São Paulo,2,0,2
378,2020,1841,CENTRO UNIVERSITÁRIO ANTÔNIO EUFRÁSIO DE TOLEDO DE PRESIDENTE PRUDENTE - TOLEDO PRUDENTE,SP,Presidente Prudente,25,34,0
380,2020,1846,CENTRO UNIVERSITÁRIO DE LINS,SP,Lins,1758,1196,7
383,2020,1853,Centro Universitário UNIBTA,SP,São Paulo,61,58,0
384,2020,1854,CLARETIANO - CENTRO UNIVERSITÁRIO,SP,Rio Claro,185,93,97
392,2020,1892,Centro Universitário de Excelência Eniac,SP,Guarulhos,2119,907,564
405,2020,1949,CENTRO UNIVERSITÁRIO DE PAULÍNIA,SP,Paulínia,278,89,79
421,2020,2123,CENTRO UNIVERSITÁRIO MAX PLANCK,SP,Indaiatuba,164,66,75
429,2020,2177,Faculdade Instituto Paulista de Ensino,SP,Osasco,10,0,10
430,2020,2183,CENTRO UNIVERSITÁRIO FUNDAÇÃO SANTO ANDRÉ,SP,Santo André,154,88,39
444,2020,2279,Centro Universitário Metrocamp Wyden,SP,Campinas,95,40,28
452,2020,2408,FACULDADE ESAMC SANTOS,SP,Santos,301,181,123
471,2020,2625,FACULDADE APRIMORAR DE SÃO JOSÉ DOS CAMPOS,SP,São José dos Campos,3,0,0
479,2020,2793,FACULDADE UBS,SP,São Paulo,8,0,8
482,2020,2814,FACULDADE SÃO SEBASTIÃO,SP,São Sebastião,70,49,20
484,2020,2886,FACULDADE ZUMBI DOS PALMARES,SP,São Paulo,5,0,5
492,2020,3008,FACULDADE DO INSTITUTO NACIONAL DE PÓS-GRADUAÇÃO DE SÃO JOSÉ DOS CAMPOS,SP,São José dos Campos,60,24,21
513,2020,3294,CENTRO UNIVERSITÁRIO FAVENI,SP,Guarulhos,109,112,0
516,2020,3323,INSTITUTO DE EDUCAÇÃO E ENSINO SUPERIOR DE CAMPINAS,SP,Campinas,132,57,55
530,2020,3529,CENTRO UNIVERSITÁRIO EURÍPEDES DE MARÍLIA,SP,Marília,255,252,75
533,2020,3603,FACULDADE ANHANGUERA DE GUARULHOS,SP,Guarulhos,273,244,87
535,2020,3612,FACULDADE ANHANGUERA DE VALINHOS,SP,Valinhos,62,41,27
536,2020,3618,FACULDADE LUSÓFONA DE SÃO PAULO,SP,Cotia,90,24,30
537,2020,3641,CENTRO UNIVERSITÁRIO DA FUNDAÇÃO EDUCACIONAL DE BARRETOS,SP,Barretos,0,0,0
539,2020,3779,FACULDADE ESTÁCIO DE SANTO ANDRÉ,SP,Santo André,202,113,50
553,2020,3936,FACULDADE ANHANGUERA DE LIMEIRA,SP,Limeira,86,58,47
554,2020,3937,Faculdade Anhanguera de Indaiatuba,SP,Indaiatuba,82,50,42
560,2020,3985,CENTRO UNIVERSITÁRIO SENAC,SP,São Paulo,2382,1510,1226
564,2020,4007,"FATECE - FACULDADE DE TECNOLOGIA, CIÊNCIAS E EDUCAÇÃO",SP,Pirassununga,33,25,15
566,2020,4013,FACULDADE ANHANGUERA DE RIO CLARO,SP,Rio Claro,17,14,17
567,2020,4017,CENTRO UNIVERSITÁRIO PADRE ANCHIETA,SP,Jundiaí,430,349,73
568,2020,4020,FACULDADE DE TECNOLOGIA DE BOTUCATU,SP,Botucatu,176,90,25
569,2020,4021,FACULDADE DE TECNOLOGIA DE GARÇA,SP,Garça,367,188,59
570,2020,4022,FACULDADE DE TECNOLOGIA DE JUNDIAÍ,SP,Jundiaí,424,184,79
571,2020,4023,FACULDADE DE TECNOLOGIA DE MAUÁ,SP,Mauá,364,130,63
572,2020,4024,FACULDADE DE TECNOLOGIA DE MOCOCA,SP,Mococa,225,98,38
573,2020,4026,FACULDADE DE TECNOLOGIA ZONA LESTE,SP,São Paulo,1280,525,233
574,2020,4029,FACULDADE DE SANTA BÁRBARA D'OESTE,SP,Santa Bárbara d'Oeste,19,9,10
578,2020,4059,FACULDADE DE CIÊNCIAS GERENCIAIS,SP,São Joaquim da Barra,13,7,6
588,2020,4138,FACULDADE ANHANGUERA DE SANTA BÁRBARA,SP,Santa Bárbara d'Oeste,44,35,22
589,2020,4141,FACULDADE ANHANGUERA DE TAUBATÉ,SP,Taubaté,38,1,31
590,2020,4150,FACULDADE DE TECNOLOGIA DE PIRACICABA,SP,Piracicaba,193,93,106
593,2020,4169,Faculdade Estácio de Carapicuíba,SP,Carapicuíba,555,295,124
594,2020,4211,Faculdade ESAMC São Paulo - ESAMC,SP,São Paulo,0,5,0
601,2020,4357,FACULDADE QUALITTAS,SP,São Paulo,7,9,0
616,2020,4597,FACULDADE FUTURA,SP,Votuporanga,17,7,9
620,2020,4652,FACULDADE ANHANGÜERA DE SÃO JOSÉ,SP,São José dos Campos,109,65,69
621,2020,4655,FACULDADE ANHANGÜERA DE SOROCABA,SP,Sorocaba,109,83,50
622,2020,4656,FACULDADE ANHANGÜERA DE PIRACICABA,SP,Piracicaba,131,86,58
627,2020,4724,FACULDADE DE CIÊNCIAS HUMANAS DO ESTADO DE SÃO PAULO,SP,Cruzeiro,85,39,30
636,2020,4826,FACULDADE ANHANGÜERA DE CAMPINAS,SP,Campinas,236,167,126
638,2020,4873,FACULDADE IBRA DE TAUBATÉ,SP,Taubaté,18,0,18
639,2020,4878,FACULDADE ANHANGUERA DE ITAPECERICA DA SERRA,SP,Itapecerica da Serra,77,47,49
642,2020,4926,FACULDADE DE TECNOLOGIA DE PRAIA GRANDE,SP,Praia Grande,735,340,113
646,2020,4983,FACULDADE IBRA DE TECNOLOGIA,SP,São José dos Campos,0,0,0
647,2020,4995,Faculdade Educamais,SP,São Paulo,108,53,28
650,2020,5046,FACULDADE POLIS DAS ARTES,SP,Embu das Artes,26,0,25
656,2020,5288,FACULDADE ANHANGÜERA DE RIBEIRÃO PRETO,SP,Ribeirão Preto,62,79,25
658,2020,5312,Centro Universitário UNIFAAT,SP,Atibaia,316,295,85
663,2020,5387,FACULDADE IMPACTA,SP,São Paulo,55,27,28
666,2020,5451,FACULDADE ANHANGÜERA DE BAURU,SP,Bauru,65,54,29
669,2020,5555,FACULDADE ANHANGUERA DE JACAREÍ,SP,Jacareí,124,90,53
670,2020,5627,FACULDADE DE TECNOLOGIA DE PRESIDENTE PRUDENTE,SP,Presidente Prudente,184,80,27
671,2020,5633,FACULDADE DE TECNOLOGIA DE BRAGANÇA PAULISTA,SP,Bragança Paulista,177,181,0
673,2020,5669,CENTRO UNIVERSITÁRIO ETEP,SP,São José dos Campos,269,51,0
678,2020,11308,FACULDADE ANHANGUERA DE SUMARÉ,SP,Sumaré,316,221,83
687,2020,12522,FACULDADE MOGIANA DO ESTADO DE SÃO PAULO,SP,Mogi Guaçu,102,34,27
689,2020,12723,FACULDADE FINACI,SP,São Paulo,47,48,0
692,2020,12791,FACULDADE ANHANGUERA DE PINDAMONHANGABA,SP,Pindamonhangaba,12,0,12
695,2020,12923,FACULDADE DE TECNOLOGIA IPANEMA,SP,Sorocaba,38,94,29
702,2020,13481,FACULDADES INTEGRADAS RIO BRANCO GRANJA VIANNA,SP,Cotia,9,2,7
703,2020,13488,FACULDADE SEQÜENCIAL,SP,São Paulo,80,45,34
711,2020,13752,FACULDADE DOM RICARDO,SP,Guarulhos,26,22,3
720,2020,14069,FACULDADE DE TECNOLOGIA PORTO SUL,SP,Praia Grande,31,1,23
728,2020,14401,FACULDADE DE TECNOLOGIA PORTO DAS MONÇÕES,SP,Porto Feliz,29,0,21
733,2020,14715,FACULDADE PIAGET,SP,Suzano,73,44,32
735,2020,14727,FACULDADE PROGRESSO,SP,Guarulhos,23,5,18
736,2020,14858,FACULDADE DE TECNOLOGIA FRANCISCO MORATO,SP,Francisco Morato,4,8,3
749,2020,15501,Faculdade de Tecnologia SENAI Roberto Simonsen,SP,São Paulo,14,35,0
753,2020,15576,Faculdade de Tecnologia de Mogi das Cruzes,SP,Mogi das Cruzes,795,349,123
754,2020,15581,Faculdade de Tecnologia de São José dos Campos - Jessen Vidal,SP,São José dos Campos,642,261,102
755,2020,15680,Fatec Cruzeiro - Prof. Waldomiro May,SP,Cruzeiro,241,91,49
756,2020,15682,Faculdade de Tecnologia de Piracicaba,SP,Piracicaba,437,180,102
757,2020,15687,Faculdade de Tecnologia de Pindamonhangaba,SP,Pindamonhangaba,168,84,26
758,2020,15688,FACULDADE DE TECONOLOGIA DA ZONA SUL,SP,São Paulo,1145,318,213
759,2020,15693,Faculdade de Tecnologia de Itapetininga - Prof.Antônio Belizandro Barbosa Rezende,SP,Itapetininga,369,174,30
760,2020,15695,Faculdade de Tecnologia Dom Amaury Castanho,SP,Itu,109,86,0
761,2020,15696,Faculdade de Tecnologia de Sertãozinho,SP,Sertãozinho,450,186,53
762,2020,15708,Faculdade de Tecnologia Dr. Thomaz Novelino,SP,Franca,266,182,0
763,2020,15715,FACULDADE DE TECNOLOGIA PROFESSOR ANTÔNIO SEABRA,SP,Lins,410,188,94
764,2020,15745,Faculdade de Tecnologia de São Caetano do Sul,SP,São Caetano do Sul,192,82,43
765,2020,15746,Faculdade de Tecnologia do Ipiranga,SP,São Paulo,241,99,54
766,2020,15752,Faculdade de Tecnologia de Guarulhos,SP,Guarulhos,714,311,105
767,2020,15757,Faculdade de Tecnologia de Barueri,SP,Barueri,574,259,101
768,2020,15769,Faculdade de Tecnologia de Jales,SP,Jales,176,83,39
769,2020,15793,Faculdade de Tecnologia de São Sebastião,SP,São Sebastião,354,188,31
770,2020,15803,FACULDADE DE TECNOLOGIA DE TATUÍ - PROF. WILSON ROBERTO RIBEIRO DE CAMARGO,SP,Tatuí,450,185,113
772,2020,15859,Faculdade Católica Paulista,SP,Marília,905,681,65
774,2020,15922,Faculdade FABAD,SP,Pindamonhangaba,10,0,2
775,2020,16395,Faculdade de Tecnologia de Carapicuiba,SP,Carapicuíba,375,134,67
776,2020,16410,Faculdade de Tecnologia de Catanduva,SP,Catanduva,389,172,79
785,2020,17355,Faculdade de Educação em Ciências da Saúde,SP,São Paulo,44,23,12
792,2020,17593,Faculdade de Botucatu,SP,Botucatu,57,15,26
793,2020,17608,Faculdade de Educação Paulistana,SP,São Paulo,84,11,56
800,2020,17854,FACULDADE CAPITAL FEDERAL,SP,Taboão da Serra,605,569,182
801,2020,17902,FACULDADE ESAMC JUNDIAÍ,SP,Jundiaí,6,8,0
805,2020,18035,Escola Brasileira de Medicina Chinesa,SP,São Paulo,12,3,8
807,2020,18049,Faculdade de Tecnologia de Taubaté,SP,Taubaté,57,86,0
810,2020,18099,Faculdade de Tecnologia de Diadema Luigi Papaiz,SP,Diadema,94,86,0
813,2020,18258,FACULDADE UNIFICADA DO ESTADO DE SÃO PAULO,SP,Mauá,17,1,10
823,2020,18711,FACULDADE INOVA MAIS DE SÃO PAULO,SP,São Paulo,2,2,0
828,2020,19252,Faculdade de Tecnologia Alpha Channel,SP,São Paulo,0,0,0
831,2020,19325,Faculdade do Centro Oeste Paulista,SP,Piratininga,0,0,0
834,2020,19352,Faculdade Paulista de Gestão e Saúde,SP,São Paulo,6,6,0
837,2020,19500,Faculdade de Tecnologia de São Carlos,SP,São Carlos,356,170,45
838,2020,19501,Faculdade de Tecnologia Sebrae,SP,São Paulo,403,175,75
841,2020,19578,Faculdade de Tecnologia de Cotia,SP,Cotia,385,165,64
843,2020,19739,Faculdade de Tecnologia de Campinas,SP,Campinas,90,82,0
847,2020,19861,Faculdade de Santana de Parnaíba,SP,Santana de Parnaíba,17,16,3
848,2020,19862,Faculdade de Tecnologia Jorge Caram Sabbag,SP,Bebedouro,187,78,36
849,2020,19864,Faculdade de Tecnologia de Itapira,SP,Itapira,173,87,27
853,2020,20340,FACULDADE PAULISTA DE CIÊNCIAS DA SAÚDE,SP,São Paulo,49,0,0
867,2020,21502,FACULDADES INTEGRADAS POTENCIAL,SP,Cotia,33,11,20
868,2020,21573,Faculdade Ana Carolina Puga,SP,São Paulo,9,19,0
869,2020,21638,Faculdade PECEGE,SP,Piracicaba,47,29,14
872,2020,21713,Faculdade de Tecnologia - Fatec de Ribeirão Preto,SP,Ribeirão Preto,166,82,8
876,2020,21940,Faculdade Phorte de Educação e Tecnologia,SP,São Paulo,12,3,9
881,2020,22176,Faculdade ENAU,SP,Ribeirão Pires,42,38,0
883,2020,22316,FACULDADE NOVE DE JULHO MAUÁ,SP,Mauá,219,176,0
886,2020,22603,Faculdade Zona Leste,SP,São Paulo,51,56,0
889,2020,22814,Faculdade Auden Educacional,SP,São Paulo,298,298,0
890,2020,22862,FranklinCovey Business School,SP,São Paulo,11,14,0
891,2020,22939,Faculdade de Tecnologia de Araraquara,SP,Araraquara,52,81,0
893,2020,23147,Faculdade do Comércio de São Paulo,SP,São Paulo,40,60,0
895,2020,23194,Faculdade PSICOLOG,SP,Ribeirão Preto,4,4,0
897,2020,23438,Faculdade de Tecnologia de Araras,SP,Araras,93,81,0
898,2020,23700,Faculdade de Tecnologia de Ferraz de Vasconcelos,SP,Ferraz de Vasconcelos,166,91,0
901,2020,23867,Faculdade de Tecnologia de Sumaré,SP,Sumaré,285,234,0
3715,2024,398,UNIVERSIDADE TIRADENTES,SE,Aracaju,531,326,129
3848,2024,1151,"FACULDADE DE ADMINISTRAÇÃO, NEGÓCIOS E SAÚDE DE SERGIPE",SE,Aracaju,72,48,26
4012,2024,1968,FACULDADE BRASILEIRA DE TECNOLOGIA,SE,Aracaju,0,1,0
4083,2024,3183,"INSTITUTO FEDERAL DE EDUCAÇÃO, CIÊNCIA E TECNOLOGIA DE SERGIPE",SE,Aracaju,106,65,21
4102,2024,3427,Faculdade Dom Pedro II de Sergipe,SE,Lagarto,31,9,4
4217,2024,5362,Faculdade UNIRB - ARACAJU,SE,Aracaju,0,0,0
4271,2024,14622,FACULDADE UNIFTB,SE,Tobias Barreto,5,0,0
4279,2024,15133,FACULDADE JARDINS,SE,Aracaju,52,28,9
2812,2023,398,UNIVERSIDADE TIRADENTES,SE,Aracaju,629,580,90
2934,2023,1090,FACULDADE SÃO LUÍS DE FRANÇA,SE,Aracaju,13,24,13
2945,2023,1151,FACULDADE DE ADMINISTRAÇÃO E NEGÓCIOS DE SERGIPE,SE,Aracaju,70,4,12
3198,2023,3183,"INSTITUTO FEDERAL DE EDUCAÇÃO, CIÊNCIA E TECNOLOGIA DE SERGIPE",SE,Aracaju,79,33,11
3218,2023,3427,Faculdade Dom Pedro II de Sergipe,SE,Lagarto,47,35,1
3339,2023,5362,Faculdade UNIRB - ARACAJU,SE,Aracaju,1,0,0
3394,2023,14622,FACULDADE UNIFTB,SE,Tobias Barreto,5,0,0
3404,2023,15133,FACULDADE JARDINS,SE,Aracaju,64,29,18
1893,2022,398,UNIVERSIDADE TIRADENTES,SE,Aracaju,611,438,164
2015,2022,1090,FACULDADE SÃO LUÍS DE FRANÇA,SE,Aracaju,45,20,13
2025,2022,1151,FACULDADE DE ADMINISTRAÇÃO E NEGÓCIOS DE SERGIPE,SE,Aracaju,71,66,17
2212,2022,1968,FACULDADE BRASILEIRA DE TECNOLOGIA,SE,Aracaju,0,0,0
2225,2022,2122,CENTRO UNIVERSITÁRIO ESTÁCIO DE SERGIPE,SE,Aracaju,0,0,0
2298,2022,3183,"INSTITUTO FEDERAL DE EDUCAÇÃO, CIÊNCIA E TECNOLOGIA DE SERGIPE",SE,Aracaju,104,22,41
2319,2022,3427,Faculdade Dom Pedro II de Sergipe,SE,Lagarto,22,9,9
2452,2022,5362,Faculdade UNIRB - ARACAJU,SE,Aracaju,2,1,1
2518,2022,14622,FACULDADE UNIFTB,SE,Tobias Barreto,5,0,0
2529,2022,15133,FACULDADE JARDINS,SE,Aracaju,70,38,14
982,2021,398,UNIVERSIDADE TIRADENTES,SE,Aracaju,822,553,261
1104,2021,1090,FACULDADE SÃO LUÍS DE FRANÇA,SE,Aracaju,56,35,18
1115,2021,1151,FACULDADE DE ADMINISTRAÇÃO E NEGÓCIOS DE SERGIPE,SE,Aracaju,79,33,48
1307,2021,1968,FACULDADE BRASILEIRA DE TECNOLOGIA,SE,Aracaju,1,0,1
1320,2021,2122,CENTRO UNIVERSITÁRIO ESTÁCIO DE SERGIPE,SE,Aracaju,0,0,0
1398,2021,3183,"INSTITUTO FEDERAL DE EDUCAÇÃO, CIÊNCIA E TECNOLOGIA DE SERGIPE",SE,Aracaju,152,37,21
1419,2021,3427,Faculdade Dom Pedro II de Sergipe,SE,Lagarto,20,9,10
1480,2021,4121,CENTRO UNIVERSITÁRIO MAURICIO DE NASSAU DE ARACAJU,SE,Aracaju,0,0,0
1553,2021,5362,Faculdade UNIRB - ARACAJU,SE,Aracaju,2,0,1
1621,2021,14622,FACULDADE UNIFTB,SE,Tobias Barreto,5,5,0
1632,2021,15133,FACULDADE JARDINS,SE,Aracaju,58,35,26
81,2020,398,UNIVERSIDADE TIRADENTES,SE,Aracaju,793,449,124
204,2020,1090,FACULDADE SÃO LUÍS DE FRANÇA,SE,Aracaju,83,48,34
215,2020,1151,FACULDADE DE ADMINISTRAÇÃO E NEGÓCIOS DE SERGIPE,SE,Aracaju,115,63,52
408,2020,1968,FACULDADE BRASILEIRA DE TECNOLOGIA,SE,Aracaju,5,2,0
420,2020,2122,CENTRO UNIVERSITÁRIO ESTÁCIO DE SERGIPE,SE,Aracaju,13,0,1
503,2020,3183,"INSTITUTO FEDERAL DE EDUCAÇÃO, CIÊNCIA E TECNOLOGIA DE SERGIPE",SE,Aracaju,115,26,0
525,2020,3427,Faculdade Dom Pedro II de Sergipe,SE,Lagarto,28,11,6
586,2020,4121,CENTRO UNIVERSITÁRIO MAURICIO DE NASSAU DE ARACAJU,SE,Aracaju,0,4,0
660,2020,5362,Faculdade UNIRB - ARACAJU,SE,Aracaju,4,1,0
3652,2024,76,UNIVERSIDADE REGIONAL DE BLUMENAU,SC,Blumenau,127,55,32
3653,2024,80,CENTRO UNIVERSITÁRIO PARA O DESENVOLVIMENTO DO ALTO VALE DO ITAJAÍ,SC,Rio do Sul,60,48,22
3654,2024,81,UNIVERSIDADE DA REGIÃO DE JOINVILLE,SC,Joinville,203,134,52
3655,2024,82,UNIVERSIDADE DO OESTE DE SANTA CATARINA,SC,Joaçaba,66,62,10
3656,2024,83,UNIVERSIDADE DO VALE DO ITAJAÍ,SC,Itajaí,494,597,53
3657,2024,87,CENTRO UNIVERSITÁRIO DE BRUSQUE,SC,Brusque,94,44,21
3729,2024,441,UNIVERSIDADE DO CONTESTADO,SC,Mafra,8,8,1
3739,2024,482,UNIVERSIDADE DO EXTREMO SUL CATARINENSE,SC,Criciúma,405,249,113
3744,2024,494,UNIVERSIDADE DO SUL DE SANTA CATARINA,SC,Tubarão,521,297,120
3775,2024,645,Centro Universitário - Católica de Santa Catarina em Jaraguá do Sul,SC,Jaraguá do Sul,155,105,46
3877,2024,1351,CENTRO UNIVERSITÁRIO SOCIESC,SC,Joinville,542,447,156
3901,2024,1469,Centro Universitário Cesusc,SC,Florianópolis,20,12,6
3902,2024,1472,CENTRO UNIVERSITÁRIO LEONARDO DA VINCI,SC,Indaial,68280,35331,6959
3914,2024,1510,CENTRO UNIVERSITÁRIO ESTÁCIO DE SANTA CATARINA - ESTÁCIO SANTA CATARINA,SC,São José,14303,11719,3150
3936,2024,1618,CENTRO UNIVERSITÁRIO SOCIESC DE BLUMENAU,SC,Blumenau,50,28,21
3967,2024,1773,CENTRO UNIVERSITÁRIO FAI,SC,Itapiranga,69,49,13
3970,2024,1777,Centro Universitário Uniasselvi de Guaramirim,SC,Guaramirim,27,15,5
4004,2024,1918,Centro Universitário Univinte,SC,Capivari de Baixo,88,74,36
4010,2024,1958,Centro Universitário SENAI Santa Catarina,SC,Blumenau,30,0,0
4015,2024,1988,CENTRO UNIVERSITARIO AVANTIS,SC,Balneário Camboriú,379,182,130
4028,2024,2175,Centro Universitário Uniasselvi de Blumenau,SC,Blumenau,39,20,7
4063,2024,2766,FACULDADE EMPRESARIAL DE CHAPECÓ,SC,Chapecó,69,23,19
4077,2024,3151,UNIVERSIDADE COMUNITÁRIA DA REGIÃO DE CHAPECÓ,SC,Chapecó,86,49,18
4079,2024,3162,"INSTITUTO FEDERAL DE EDUCAÇÃO, CIÊNCIA E TECNOLOGIA  DE SANTA CATARINA",SC,Florianópolis,513,249,49
4093,2024,3295,FACULDADE SENAC FLORIANÓPOLIS,SC,Florianópolis,19,1,18
4105,2024,3495,FACULDADE PINHALZINHO,SC,Pinhalzinho,14,14,0
4107,2024,3518,Faculdade SOCIESC de Jaraguá do Sul,SC,Jaraguá do Sul,13,4,8
4123,2024,3840,CENTRO UNIVERSITÁRIO FACVEST,SC,Lages,3458,2033,583
4132,2024,3947,FACULDADE SENAC CHAPECÓ,SC,Chapecó,52,2,27
4133,2024,3948,FACULDADE SENAC BLUMENAU,SC,Blumenau,59,1,58
4165,2024,4294,FACULDADE SENAC JARAGUÁ DO SUL,SC,Jaraguá do Sul,10,0,10
4174,2024,4518,Faculdade do Oeste de Santa Catarina,SC,Palmitos,87,52,3
4178,2024,4610,FACULDADE DE TECNOLOGIA ASSESSORITEC,SC,Joinville,184,112,12
4208,2024,5036,"INSTITUTO FEDERAL DE EDUCAÇÃO, CIÊNCIA E TECNOLOGIA CATARINENSE",SC,Blumenau,77,44,3
4211,2024,5131,FACULDADE SENAC CAÇADOR,SC,Caçador,81,51,40
4228,2024,5706,FACULDADE MUNICIPAL DE PALHOÇA,SC,Palhoça,81,101,0
4234,2024,11604,FACULDADE SANTA RITA DE CHAPECÓ,SC,Chapecó,1162,582,0
4277,2024,15032,UNIVERSIDADE ALTO VALE DO RIO DO PEIXE,SC,Caçador,54,78,7
4322,2024,17277,Faculdade  SENAC Criciúma,SC,Criciúma,11,0,3
4337,2024,17777,FACULDADE SENAC CONCÓRDIA,SC,Concórdia,57,31,30
4446,2024,22533,Faculdade Norte-Sul,SC,Rio do Sul,7,10,0
4448,2024,22578,FACULDADE CENSUPEG,SC,Joinville,1018,1266,116
4458,2024,22736,Faculdade UNISUL de Itajaí,SC,Itajaí,2,1,0
4470,2024,23202,Faculdade SOCIESC de Educação de São Bento do Sul,SC,São Bento do Sul,14,8,7
2748,2023,76,UNIVERSIDADE REGIONAL DE BLUMENAU,SC,Blumenau,126,66,28
2749,2023,80,CENTRO UNIVERSITÁRIO PARA O DESENVOLVIMENTO DO ALTO VALE DO ITAJAÍ,SC,Rio do Sul,64,54,24
2750,2023,81,UNIVERSIDADE DA REGIÃO DE JOINVILLE,SC,Joinville,290,183,70
2751,2023,82,UNIVERSIDADE DO OESTE DE SANTA CATARINA,SC,Joaçaba,69,45,31
2752,2023,83,UNIVERSIDADE DO VALE DO ITAJAÍ,SC,Itajaí,369,183,95
2753,2023,87,CENTRO UNIVERSITÁRIO DE BRUSQUE,SC,Brusque,102,67,18
2826,2023,441,UNIVERSIDADE DO CONTESTADO,SC,Mafra,1,0,0
2836,2023,482,UNIVERSIDADE DO EXTREMO SUL CATARINENSE,SC,Criciúma,404,242,104
2841,2023,494,UNIVERSIDADE DO SUL DE SANTA CATARINA,SC,Tubarão,638,379,199
2871,2023,645,Centro Universitário - Católica de Santa Catarina em Jaraguá do Sul,SC,Jaraguá do Sul,198,141,60
2975,2023,1351,CENTRO UNIVERSITÁRIO SOCIESC,SC,Joinville,580,560,138
3001,2023,1469,FACULDADE CESUSC,SC,Florianópolis,15,15,3
3002,2023,1472,CENTRO UNIVERSITÁRIO LEONARDO DA VINCI,SC,Indaial,80749,44995,6551
3014,2023,1510,CENTRO UNIVERSITÁRIO ESTÁCIO DE SANTA CATARINA - ESTÁCIO SANTA CATARINA,SC,São José,16093,13283,3458
3035,2023,1618,CENTRO UNIVERSITÁRIO SOCIESC DE BLUMENAU,SC,Blumenau,61,47,14
3068,2023,1773,CENTRO UNIVERSITÁRIO FAI,SC,Itapiranga,53,33,8
3071,2023,1777,Centro Universitário Uniasselvi de Guaramirim,SC,Guaramirim,12,6,0
3111,2023,1918,Centro Universitário Univinte,SC,Capivari de Baixo,86,90,47
3118,2023,1958,Centro Universitário SENAI Blumenau,SC,Blumenau,32,0,0
3123,2023,1988,CENTRO UNIVERSITARIO AVANTIS,SC,Balneário Camboriú,512,261,174
3138,2023,2175,Centro Universitário Uniasselvi de Blumenau,SC,Blumenau,14,4,0
3177,2023,2766,FACULDADE EMPRESARIAL DE CHAPECÓ,SC,Chapecó,77,45,19
3192,2023,3151,UNIVERSIDADE COMUNITÁRIA DA REGIÃO DE CHAPECÓ,SC,Chapecó,123,72,36
3193,2023,3162,"INSTITUTO FEDERAL DE EDUCAÇÃO, CIÊNCIA E TECNOLOGIA  DE SANTA CATARINA",SC,Florianópolis,407,232,59
3208,2023,3295,FACULDADE SENAC FLORIANÓPOLIS,SC,Florianópolis,22,23,0
3221,2023,3495,FACULDADE PINHALZINHO,SC,Pinhalzinho,0,24,0
3223,2023,3518,Faculdade SOCIESC de Jaraguá do Sul,SC,Jaraguá do Sul,29,23,3
3239,2023,3840,CENTRO UNIVERSITÁRIO FACVEST,SC,Lages,4099,1542,941
3248,2023,3947,FACULDADE SENAC CHAPECÓ,SC,Chapecó,68,40,11
3249,2023,3948,FACULDADE SENAC BLUMENAU,SC,Blumenau,112,75,50
3283,2023,4294,FACULDADE SENAC JARAGUÁ DO SUL,SC,Jaraguá do Sul,41,22,26
3294,2023,4518,FACULDADE REGIONAL PALMITOS,SC,Palmitos,37,20,9
3298,2023,4610,FACULDADE DE TECNOLOGIA ASSESSORITEC,SC,Joinville,142,170,13
3330,2023,5036,"INSTITUTO FEDERAL DE EDUCAÇÃO, CIÊNCIA E TECNOLOGIA CATARINENSE",SC,Blumenau,91,41,5
3333,2023,5131,FACULDADE SENAC CAÇADOR,SC,Caçador,102,65,43
3349,2023,5668,FACULDADE ANHANGUERA DE JOINVILLE,SC,Joinville,0,0,0
3355,2023,11604,FACULDADE SANTA RITA DE CHAPECÓ,SC,Chapecó,681,484,0
3403,2023,15032,UNIVERSIDADE ALTO VALE DO RIO DO PEIXE,SC,Caçador,56,45,6
3446,2023,17277,Faculdade  SENAC Criciúma,SC,Criciúma,33,24,12
3462,2023,17777,FACULDADE SENAC CONCÓRDIA,SC,Concórdia,62,37,31
3567,2023,22533,Faculdade Norte-Sul,SC,Rio do Sul,2,11,0
3568,2023,22578,FACULDADE CENSUPEG,SC,Joinville,563,921,39
3576,2023,22736,Faculdade UNISUL de Itajaí,SC,Itajaí,9,19,0
3586,2023,23202,Faculdade SOCIESC de Educação de São Bento do Sul,SC,São Bento do Sul,14,16,0
1829,2022,76,UNIVERSIDADE REGIONAL DE BLUMENAU,SC,Blumenau,99,65,16
1830,2022,80,CENTRO UNIVERSITÁRIO PARA O DESENVOLVIMENTO DO ALTO VALE DO ITAJAÍ,SC,Rio do Sul,42,50,0
1831,2022,81,UNIVERSIDADE DA REGIÃO DE JOINVILLE,SC,Joinville,374,277,79
1832,2022,82,UNIVERSIDADE DO OESTE DE SANTA CATARINA,SC,Joaçaba,74,42,21
1833,2022,83,UNIVERSIDADE DO VALE DO ITAJAÍ,SC,Itajaí,350,183,76
1834,2022,87,CENTRO UNIVERSITÁRIO DE BRUSQUE,SC,Brusque,86,58,17
1906,2022,441,UNIVERSIDADE DO CONTESTADO,SC,Mafra,5,6,0
1917,2022,482,UNIVERSIDADE DO EXTREMO SUL CATARINENSE,SC,Criciúma,388,242,86
1921,2022,494,UNIVERSIDADE DO SUL DE SANTA CATARINA,SC,Tubarão,420,156,48
1951,2022,645,Centro Universitário - Católica de Santa Catarina em Jaraguá do Sul,SC,Jaraguá do Sul,193,155,37
2044,2022,1267,INSTITUTO DE ENSINO SUPERIOR DA GRANDE FLORIANÓPOLIS,SC,São José,1,2,1
2057,2022,1351,CENTRO UNIVERSITÁRIO SOCIESC,SC,Joinville,405,311,109
2087,2022,1469,FACULDADE CESUSC,SC,Florianópolis,19,12,3
2088,2022,1472,CENTRO UNIVERSITÁRIO LEONARDO DA VINCI,SC,Indaial,77092,44172,6507
2102,2022,1510,CENTRO UNIVERSITÁRIO ESTÁCIO DE SANTA CATARINA - ESTÁCIO SANTA CATARINA,SC,São José,12791,9800,2423
2125,2022,1618,CENTRO UNIVERSITÁRIO SOCIESC DE BLUMENAU,SC,Blumenau,50,34,23
2159,2022,1773,CENTRO UNIVERSITÁRIO FAI,SC,Itapiranga,76,35,34
2162,2022,1777,CENTRO UNIVERSITÁRIO LEONARDO DA VINCI,SC,Guaramirim,6,6,0
2203,2022,1918,Centro Universitário Univinte,SC,Capivari de Baixo,76,56,63
2210,2022,1958,Centro Universitário SENAI Blumenau,SC,Blumenau,35,35,0
2216,2022,1988,CENTRO UNIVERSITARIO AVANTIS,SC,Balneário Camboriú,585,356,94
2233,2022,2175,CENTRO UNIVERSITÁRIO DANTE,SC,Blumenau,12,12,0
2275,2022,2766,FACULDADE EMPRESARIAL DE CHAPECÓ,SC,Chapecó,67,49,17
2292,2022,3151,UNIVERSIDADE COMUNITÁRIA DA REGIÃO DE CHAPECÓ,SC,Chapecó,135,87,5
2293,2022,3162,"INSTITUTO FEDERAL DE EDUCAÇÃO, CIÊNCIA E TECNOLOGIA  DE SANTA CATARINA",SC,Florianópolis,395,153,60
2308,2022,3295,FACULDADE SENAC FLORIANÓPOLIS,SC,Florianópolis,12,15,0
2322,2022,3495,FACULDADE PINHALZINHO,SC,Pinhalzinho,14,0,0
2324,2022,3518,Faculdade SOCIESC de Jaraguá do Sul,SC,Jaraguá do Sul,16,20,0
2341,2022,3840,CENTRO UNIVERSITÁRIO FACVEST,SC,Lages,4169,2194,431
2351,2022,3946,FACULDADE SENAC TUBARÃO,SC,Tubarão,0,0,0
2352,2022,3947,FACULDADE SENAC CHAPECÓ,SC,Chapecó,85,51,32
2353,2022,3948,FACULDADE SENAC BLUMENAU,SC,Blumenau,141,59,83
2391,2022,4294,FACULDADE SENAC JARAGUÁ DO SUL,SC,Jaraguá do Sul,38,24,11
2401,2022,4495,FACULDADE ANHANGUERA JARAGUÁ DO SUL,SC,Jaraguá do Sul,0,0,0
2405,2022,4518,FACULDADE REGIONAL PALMITOS,SC,Palmitos,50,20,17
2410,2022,4610,FACULDADE DE TECNOLOGIA ASSESSORITEC,SC,Joinville,18,0,13
2442,2022,5036,"INSTITUTO FEDERAL DE EDUCAÇÃO, CIÊNCIA E TECNOLOGIA CATARINENSE",SC,Blumenau,90,40,11
2445,2022,5131,FACULDADE SENAC CAÇADOR,SC,Caçador,127,82,65
2463,2022,5668,FACULDADE ANHANGUERA DE JOINVILLE,SC,Joinville,2,0,1
2472,2022,11604,FACULDADE SANTA RITA DE CHAPECÓ,SC,Chapecó,204,0,0
2528,2022,15032,UNIVERSIDADE ALTO VALE DO RIO DO PEIXE,SC,Caçador,68,52,12
2570,2022,17277,Faculdade  SENAC Criciúma,SC,Criciúma,28,16,11
2586,2022,17777,FACULDADE SENAC CONCÓRDIA,SC,Concórdia,39,22,13
2689,2022,22533,Faculdade Norte-Sul,SC,Rio do Sul,1,1,0
2690,2022,22578,FACULDADE CENSUPEG,SC,Joinville,8,9,0
2707,2022,23202,Faculdade SOCIESC de Educação de São Bento do Sul,SC,São Bento do Sul,5,5,0
920,2021,76,UNIVERSIDADE REGIONAL DE BLUMENAU,SC,Blumenau,90,49,23
921,2021,80,CENTRO UNIVERSITÁRIO PARA O DESENVOLVIMENTO DO ALTO VALE DO ITAJAÍ,SC,Rio do Sul,14,47,0
922,2021,81,UNIVERSIDADE DA REGIÃO DE JOINVILLE,SC,Joinville,413,460,51
923,2021,82,UNIVERSIDADE DO OESTE DE SANTA CATARINA,SC,Joaçaba,150,143,48
924,2021,83,UNIVERSIDADE DO VALE DO ITAJAÍ,SC,Itajaí,402,188,86
925,2021,87,CENTRO UNIVERSITÁRIO DE BRUSQUE,SC,Brusque,76,59,13
994,2021,441,UNIVERSIDADE DO CONTESTADO,SC,Mafra,5,2,0
1005,2021,482,UNIVERSIDADE DO EXTREMO SUL CATARINENSE,SC,Criciúma,353,258,78
1009,2021,494,UNIVERSIDADE DO SUL DE SANTA CATARINA,SC,Tubarão,420,254,21
1041,2021,645,Centro Universitário - Católica de Santa Catarina em Jaraguá do Sul,SC,Jaraguá do Sul,203,188,49
1134,2021,1267,INSTITUTO DE ENSINO SUPERIOR DA GRANDE FLORIANÓPOLIS,SC,São José,3,0,2
1150,2021,1351,CENTRO UNIVERSITÁRIO SOCIESC,SC,Joinville,424,211,188
1180,2021,1469,FACULDADE CESUSC,SC,Florianópolis,22,17,0
1181,2021,1472,CENTRO UNIVERSITÁRIO LEONARDO DA VINCI,SC,Indaial,69894,39199,6811
1191,2021,1506,Faculdade CNEC Itajaí,SC,Itajaí,0,0,0
1195,2021,1510,CENTRO UNIVERSITÁRIO ESTÁCIO DE SANTA CATARINA - ESTÁCIO SANTA CATARINA,SC,São José,11114,10706,1368
1196,2021,1530,Faculdade CNEC Joinville,SC,Joinville,1,0,1
1220,2021,1618,CENTRO UNIVERSITÁRIO SOCIESC DE BLUMENAU,SC,Blumenau,59,43,18
1255,2021,1773,CENTRO UNIVERSITÁRIO FAI,SC,Itapiranga,90,45,36
1299,2021,1918,Centro Universitário Univinte,SC,Capivari de Baixo,74,41,43
1311,2021,1988,CENTRO UNIVERSITARIO AVANTIS,SC,Balneário Camboriú,672,650,37
1373,2021,2766,FACULDADE EMPRESARIAL DE CHAPECÓ,SC,Chapecó,92,45,35
1392,2021,3151,UNIVERSIDADE COMUNITÁRIA DA REGIÃO DE CHAPECÓ,SC,Chapecó,87,69,4
1393,2021,3162,"INSTITUTO FEDERAL DE EDUCAÇÃO, CIÊNCIA E TECNOLOGIA  DE SANTA CATARINA",SC,Florianópolis,504,190,52
1408,2021,3295,FACULDADE SENAC FLORIANÓPOLIS,SC,Florianópolis,8,1,7
1422,2021,3495,FACULDADE PINHALZINHO,SC,Pinhalzinho,38,0,0
1438,2021,3840,CENTRO UNIVERSITÁRIO FACVEST,SC,Lages,3798,1579,959
1449,2021,3946,FACULDADE SENAC TUBARÃO,SC,Tubarão,4,1,4
1450,2021,3947,FACULDADE SENAC CHAPECÓ,SC,Chapecó,83,23,27
1451,2021,3948,FACULDADE SENAC BLUMENAU,SC,Blumenau,180,124,82
1492,2021,4294,FACULDADE SENAC JARAGUÁ DO SUL,SC,Jaraguá do Sul,48,20,23
1501,2021,4495,FACULDADE ANHANGUERA JARAGUÁ DO SUL,SC,Jaraguá do Sul,3,0,2
1505,2021,4518,FACULDADE REGIONAL PALMITOS,SC,Palmitos,74,17,40
1512,2021,4610,FACULDADE DE TECNOLOGIA ASSESSORITEC,SC,Joinville,22,0,14
1543,2021,5036,"INSTITUTO FEDERAL DE EDUCAÇÃO, CIÊNCIA E TECNOLOGIA CATARINENSE",SC,Blumenau,98,39,19
1547,2021,5131,FACULDADE SENAC CAÇADOR,SC,Caçador,164,97,84
1564,2021,5668,FACULDADE ANHANGUERA DE JOINVILLE,SC,Joinville,13,6,11
1573,2021,11604,FACULDADE SANTA RITA DE CHAPECÓ,SC,Chapecó,208,95,0
1595,2021,13625,FACULDADE DE TECNOLOGIA NOVA PALHOÇA,SC,Palhoça,6,0,6
1631,2021,15032,UNIVERSIDADE ALTO VALE DO RIO DO PEIXE,SC,Caçador,34,19,13
1674,2021,17277,Faculdade  SENAC Criciúma,SC,Criciúma,42,23,24
1689,2021,17777,FACULDADE SENAC CONCÓRDIA,SC,Concórdia,62,36,37
1703,2021,18201,FACULDADE SENAC PALHOÇA,SC,Palhoça,0,0,0
18,2020,76,UNIVERSIDADE REGIONAL DE BLUMENAU,SC,Blumenau,80,27,14
19,2020,81,UNIVERSIDADE DA REGIÃO DE JOINVILLE,SC,Joinville,255,229,23
20,2020,82,UNIVERSIDADE DO OESTE DE SANTA CATARINA,SC,Joaçaba,109,106,11
21,2020,83,UNIVERSIDADE DO VALE DO ITAJAÍ,SC,Itajaí,498,507,51
22,2020,87,CENTRO UNIVERSITÁRIO DE BRUSQUE,SC,Brusque,76,31,26
93,2020,441,UNIVERSIDADE DO CONTESTADO,SC,Mafra,10,14,1
104,2020,482,UNIVERSIDADE DO EXTREMO SUL CATARINENSE,SC,Criciúma,215,137,56
108,2020,494,UNIVERSIDADE DO SUL DE SANTA CATARINA,SC,Tubarão,444,258,111
138,2020,645,Centro Universitário - Católica de Santa Catarina em Jaraguá do Sul,SC,Jaraguá do Sul,151,143,33
235,2020,1267,INSTITUTO DE ENSINO SUPERIOR DA GRANDE FLORIANÓPOLIS,SC,São José,15,4,11
252,2020,1351,CENTRO UNIVERSITÁRIO SOCIESC,SC,Joinville,657,312,151
281,2020,1469,FACULDADE CESUSC,SC,Florianópolis,9,14,0
282,2020,1472,CENTRO UNIVERSITÁRIO LEONARDO DA VINCI,SC,Indaial,57051,32975,5669
292,2020,1506,Faculdade CNEC Itajaí,SC,Itajaí,9,0,9
296,2020,1510,CENTRO UNIVERSITÁRIO ESTÁCIO DE SANTA CATARINA - ESTÁCIO SANTA CATARINA,SC,São José,6548,6399,511
297,2020,1530,Faculdade CNEC Joinville,SC,Joinville,3,6,2
319,2020,1618,CENTRO UNIVERSITÁRIO SOCIESC DE BLUMENAU,SC,Blumenau,39,49,9
353,2020,1773,CENTRO UNIVERSITÁRIO FAI,SC,Itapiranga,61,46,0
399,2020,1918,FACULDADE CAPIVARI,SC,Capivari de Baixo,171,48,114
412,2020,1988,CENTRO UNIVERSITARIO AVANTIS,SC,Balneário Camboriú,307,283,16
446,2020,2319,ESCOLA SUPERIOR DE EDUCAÇÃO CORPORATIVA,SC,São José,7,0,7
447,2020,2324,Faculdade Anhanguera de São José-SC,SC,São José,17,0,17
477,2020,2766,FACULDADE EMPRESARIAL DE CHAPECÓ,SC,Chapecó,105,55,33
496,2020,3151,UNIVERSIDADE COMUNITÁRIA DA REGIÃO DE CHAPECÓ,SC,Chapecó,104,107,33
497,2020,3162,"INSTITUTO FEDERAL DE EDUCAÇÃO, CIÊNCIA E TECNOLOGIA  DE SANTA CATARINA",SC,Florianópolis,461,195,57
514,2020,3295,FACULDADE SENAC FLORIANÓPOLIS,SC,Florianópolis,28,3,18
528,2020,3495,FACULDADE PINHALZINHO,SC,Pinhalzinho,39,39,0
545,2020,3840,CENTRO UNIVERSITÁRIO FACVEST,SC,Lages,3143,2004,258
555,2020,3946,FACULDADE SENAC TUBARÃO,SC,Tubarão,18,14,7
556,2020,3947,FACULDADE SENAC CHAPECÓ,SC,Chapecó,119,57,56
557,2020,3948,FACULDADE SENAC BLUMENAU,SC,Blumenau,183,147,87
598,2020,4294,FACULDADE SENAC JARAGUÁ DO SUL,SC,Jaraguá do Sul,67,33,39
607,2020,4495,FACULDADE ANHANGUERA JARAGUÁ DO SUL,SC,Jaraguá do Sul,7,0,3
610,2020,4518,FACULDADE REGIONAL PALMITOS,SC,Palmitos,101,43,31
617,2020,4610,FACULDADE DE TECNOLOGIA ASSESSORITEC,SC,Joinville,52,0,24
649,2020,5036,"INSTITUTO FEDERAL DE EDUCAÇÃO, CIÊNCIA E TECNOLOGIA CATARINENSE",SC,Blumenau,105,40,5
653,2020,5131,FACULDADE SENAC CAÇADOR,SC,Caçador,187,182,80
654,2020,5133,FACULDADE SENAC SÃO MIGUEL DO OESTE,SC,São Miguel do Oeste,13,6,13
672,2020,5668,FACULDADE ANHANGUERA DE JOINVILLE,SC,Joinville,61,39,39
681,2020,11604,FACULDADE SANTA RITA DE CHAPECÓ,SC,Chapecó,123,28,10
704,2020,13625,FACULDADE DE TECNOLOGIA NOVA PALHOÇA,SC,Palhoça,11,1,5
742,2020,15032,UNIVERSIDADE ALTO VALE DO RIO DO PEIXE,SC,Caçador,46,52,10
783,2020,17277,Faculdade  SENAC Criciúma,SC,Criciúma,88,25,34
798,2020,17777,FACULDADE SENAC CONCÓRDIA,SC,Concórdia,89,33,57
811,2020,18201,FACULDADE SENAC PALHOÇA,SC,Palhoça,16,0,16
3633,2024,12,UNIVERSIDADE FEDERAL DO RIO GRANDE,RS,Rio Grande,21,10,0
3634,2024,13,UNIVERSIDADE DE CAXIAS DO SUL,RS,Caxias do Sul,737,648,147
3635,2024,14,UNIVERSIDADE DO VALE DO RIO DOS SINOS,RS,São Leopoldo,1169,906,132
3636,2024,18,UNIVERSIDADE CATÓLICA DE PELOTAS,RS,Pelotas,50,33,7
3637,2024,20,UNIVERSIDADE DE PASSO FUNDO,RS,Passo Fundo,10,1,10
3638,2024,21,PONTIFÍCIA UNIVERSIDADE CATÓLICA DO RIO GRANDE DO SUL,RS,Porto Alegre,400,457,12
3640,2024,23,UNIVERSIDADE FEEVALE,RS,Novo Hamburgo,236,120,80
3688,2024,295,UNIVERSIDADE DE SANTA CRUZ DO SUL,RS,Santa Cruz do Sul,68,37,26
3689,2024,296,Centro Universitário da Região da Campanha,RS,Bagé,1,3,0
3722,2024,423,UNIVERSIDADE REGIONAL INTEGRADA DO ALTO URUGUAI E DAS MISSÕES,RS,Erechim,54,52,5
3723,2024,426,UNIVERSIDADE FRANCISCANA,RS,Santa Maria,10,10,2
3730,2024,448,CENTRO UNIVERSITÁRIO RITTER DOS REIS,RS,Porto Alegre,1480,679,937
3731,2024,449,UNIVERSIDADE LUTERANA DO BRASIL,RS,Canoas,552,327,161
3756,2024,532,UNIVERSIDADE REGIONAL DO NOROESTE DO ESTADO DO RIO GRANDE DO SUL,RS,Ijuí,70,33,23
3763,2024,582,UNIVERSIDADE FEDERAL DE SANTA MARIA,RS,Santa Maria,189,89,29
3768,2024,601,"INSTITUTO FEDERAL DE EDUCAÇÃO, CIÊNCIA E TECNOLOGIA DO RIO GRANDE DO SUL",RS,Bento Gonçalves,1392,486,163
3772,2024,626,CENTRO UNIVERSITÁRIO CENECISTA DE OSÓRIO,RS,Osório,21,10,6
3773,2024,634,UNIVERSIDADE FEDERAL DE PELOTAS,RS,Pelotas,302,179,56
3774,2024,641,UNIVERSIDADE LA SALLE,RS,Canoas,1330,1093,137
3825,2024,1041,UNIVERSIDADE DO VALE DO TAQUARI,RS,Lajeado,370,205,139
3892,2024,1427,CENTRO UNIVERSITÁRIO DA SERRA GAÚCHA,RS,Caxias do Sul,971,730,173
3929,2024,1578,"INSTITUTO FEDERAL DE EDUCAÇÃO, CIÊNCIA E TECNOLOGIA SUL-RIO-GRANDENSE",RS,Pelotas,133,39,46
3983,2024,1830,FACULDADE ANHANGUERA DE PASSO FUNDO,RS,Passo Fundo,0,0,0
3988,2024,1842,FACULDADES INTEGRADAS MACHADO DE ASSIS,RS,Santa Rosa,0,0,0
3993,2024,1864,FACULDADE DA ASSOCIAÇÃO BRASILIENSE DE EDUCAÇÃO,RS,Marau,6,3,1
4022,2024,2113,FACULDADE DOM BOSCO DE PORTO ALEGRE,RS,Porto Alegre,23,19,4
4044,2024,2478,FACULDADE DE INTEGRAÇÃO DO ENSINO SUPERIOR DO CONE SUL,RS,Garibaldi,20,5,4
4068,2024,2821,Faculdade Atitus Educação Online,RS,Porto Alegre,52,59,0
4070,2024,2855,FACULDADE SÃO FRANCISCO DE ASSIS,RS,Porto Alegre,5,3,0
4072,2024,2950,Centro Universitário FADERGS,RS,Porto Alegre,238,171,102
4095,2024,3333,CENTRO UNIVERSITÁRIO UNIFTEC,RS,Caxias do Sul,1281,787,175
4104,2024,3443,Centro Universitário CESUCA,RS,Cachoeirinha,103,69,16
4120,2024,3804,Centro Universitário Senac RS,RS,Porto Alegre,144,124,16
4151,2024,4077,Faculdade QI Brasil,RS,Gravataí,962,272,256
4154,2024,4097,Centro Universitário Uniftec Bento Gonçalves,RS,Bento Gonçalves,117,41,18
4155,2024,4098,"INSTITUTO FEDERAL DE EDUCAÇÃO, CIÊNCIA E TECNOLOGIA FARROUPILHA",RS,Santa Maria,354,146,67
4179,2024,4632,FACULDADE IDEAU DE CAXIAS DO SUL,RS,Caxias do Sul,0,0,0
4213,2024,5285,FACULDADES INTEGRADAS DE TAQUARA,RS,Taquara,31,15,10
4216,2024,5322,FUNDAÇÃO UNIVERSIDADE FEDERAL DO PAMPA - UNIPAMPA,RS,Bagé,262,111,49
4240,2024,12523,Faculdade da Serra Gaúcha de Bento Gonçalves,RS,Bento Gonçalves,45,22,16
4243,2024,12784,FACULDADE DE TECNOLOGIA FTEC,RS,Novo Hamburgo,20,12,3
4252,2024,13359,FACULDADE IDEAU DE BAGÉ,RS,Bagé,0,0,0
4263,2024,14181,ESCOLA SUPERIOR DO COOPERATIVISMO,RS,Porto Alegre,20,34,0
4275,2024,14961,FACULDADE DE TECNOLOGIA EM SAÚDE - IAHCS,RS,Porto Alegre,10,2,6
4281,2024,15236,Faculdade Professor Sérgio Silva,RS,Porto Alegre,8,0,0
4309,2024,15894,FACULDADE SOBRESP DE SANTA MARIA,RS,Santa Maria,63,51,34
4311,2024,15980,FG Faculdade Global,RS,Porto Alegre,35,3,17
4318,2024,16782,Faculdade Mário Quintana,RS,Porto Alegre,3,1,2
4343,2024,18034,Centro de Ensino Superior Riograndense,RS,Sarandi,30,16,8
4360,2024,18681,FACULDADE VERBO EDUCACIONAL,RS,Porto Alegre,23,23,0
4382,2024,19670,Faculdade de Ciências da Saúde Moinhos de Vento,RS,Porto Alegre,103,99,0
4433,2024,22090,FACULDADE DE CIÊNCIAS DA SAÚDE DO GRUPO HOSPITALAR CONCEIÇÃO,RS,Porto Alegre,61,45,8
4442,2024,22453,Faculdade UNÍNTESE,RS,Santo Ângelo,52,40,3
2729,2023,12,UNIVERSIDADE FEDERAL DO RIO GRANDE,RS,Rio Grande,27,20,6
2730,2023,13,UNIVERSIDADE DE CAXIAS DO SUL,RS,Caxias do Sul,746,683,196
2731,2023,14,UNIVERSIDADE DO VALE DO RIO DOS SINOS,RS,São Leopoldo,1178,1142,122
2732,2023,18,UNIVERSIDADE CATÓLICA DE PELOTAS,RS,Pelotas,89,71,15
2733,2023,20,UNIVERSIDADE DE PASSO FUNDO,RS,Passo Fundo,29,0,16
2734,2023,21,PONTIFÍCIA UNIVERSIDADE CATÓLICA DO RIO GRANDE DO SUL,RS,Porto Alegre,162,272,0
2736,2023,23,UNIVERSIDADE FEEVALE,RS,Novo Hamburgo,284,152,91
2785,2023,295,UNIVERSIDADE DE SANTA CRUZ DO SUL,RS,Santa Cruz do Sul,91,69,25
2786,2023,296,Centro Universitário da Região da Campanha,RS,Bagé,50,19,22
2819,2023,423,UNIVERSIDADE REGIONAL INTEGRADA DO ALTO URUGUAI E DAS MISSÕES,RS,Erechim,37,40,15
2820,2023,426,UNIVERSIDADE FRANCISCANA,RS,Santa Maria,4,7,0
2827,2023,448,CENTRO UNIVERSITÁRIO RITTER DOS REIS,RS,Porto Alegre,1655,1700,700
2828,2023,449,UNIVERSIDADE LUTERANA DO BRASIL,RS,Canoas,796,459,151
2853,2023,532,UNIVERSIDADE REGIONAL DO NOROESTE DO ESTADO DO RIO GRANDE DO SUL,RS,Ijuí,80,39,16
2860,2023,582,UNIVERSIDADE FEDERAL DE SANTA MARIA,RS,Santa Maria,113,40,20
2863,2023,601,"INSTITUTO FEDERAL DE EDUCAÇÃO, CIÊNCIA E TECNOLOGIA DO RIO GRANDE DO SUL",RS,Bento Gonçalves,1327,478,125
2867,2023,626,CENTRO UNIVERSITÁRIO CENECISTA DE OSÓRIO,RS,Osório,28,19,7
2868,2023,631,FACULDADE CNEC FARROUPILHA,RS,Farroupilha,0,0,0
2869,2023,634,UNIVERSIDADE FEDERAL DE PELOTAS,RS,Pelotas,255,156,34
2870,2023,641,UNIVERSIDADE LA SALLE,RS,Canoas,1006,603,226
2921,2023,1041,UNIVERSIDADE DO VALE DO TAQUARI,RS,Lajeado,397,187,165
2992,2023,1427,CENTRO UNIVERSITÁRIO DA SERRA GAÚCHA,RS,Caxias do Sul,946,648,206
3028,2023,1578,"INSTITUTO FEDERAL DE EDUCAÇÃO, CIÊNCIA E TECNOLOGIA SUL-RIO-GRANDENSE",RS,Pelotas,113,51,23
3085,2023,1830,FACULDADE ANHANGUERA DE PASSO FUNDO,RS,Passo Fundo,0,0,0
3090,2023,1842,FACULDADES INTEGRADAS MACHADO DE ASSIS,RS,Santa Rosa,3,0,3
3097,2023,1864,FACULDADE DA ASSOCIAÇÃO BRASILIENSE DE EDUCAÇÃO,RS,Marau,3,3,0
3130,2023,2113,FACULDADE DOM BOSCO DE PORTO ALEGRE,RS,Porto Alegre,12,8,2
3150,2023,2297,FACULDADE DE DIREITO DE SANTA MARIA,RS,Santa Maria,0,7,0
3159,2023,2478,FACULDADE DE INTEGRAÇÃO DO ENSINO SUPERIOR DO CONE SUL,RS,Garibaldi,29,11,6
3184,2023,2855,FACULDADE SÃO FRANCISCO DE ASSIS,RS,Porto Alegre,2,2,0
3187,2023,2950,Centro Universitário FADERGS,RS,Porto Alegre,295,160,185
3211,2023,3333,CENTRO UNIVERSITÁRIO UNIFTEC,RS,Caxias do Sul,1385,752,249
3220,2023,3443,Centro Universitário CESUCA,RS,Cachoeirinha,96,88,16
3237,2023,3804,Centro Universitário Senac RS,RS,Porto Alegre,113,120,24
3267,2023,4077,Faculdade QI Brasil,RS,Gravataí,1068,642,220
3271,2023,4097,Centro Universitário Uniftec Bento Gonçalves,RS,Bento Gonçalves,147,70,29
3272,2023,4098,"INSTITUTO FEDERAL DE EDUCAÇÃO, CIÊNCIA E TECNOLOGIA FARROUPILHA",RS,Santa Maria,95,47,20
3299,2023,4632,FACULDADE IDEAU DE CAXIAS DO SUL,RS,Caxias do Sul,1,1,1
3300,2023,4633,Faculdade IDEAU de Passo Fundo,RS,Passo Fundo,1,1,1
3335,2023,5285,FACULDADES INTEGRADAS DE TAQUARA,RS,Taquara,23,12,6
3338,2023,5322,FUNDAÇÃO UNIVERSIDADE FEDERAL DO PAMPA - UNIPAMPA,RS,Bagé,277,131,32
3361,2023,12523,Faculdade da Serra Gaúcha de Bento Gonçalves,RS,Bento Gonçalves,59,26,20
3364,2023,12784,FACULDADE DE TECNOLOGIA FTEC,RS,Novo Hamburgo,22,11,4
3372,2023,13359,FACULDADE IDEAU DE BAGÉ,RS,Bagé,1,1,0
3381,2023,13883,FACULDADE MURIALDO,RS,Caxias do Sul,0,0,0
3385,2023,14181,ESCOLA SUPERIOR DO COOPERATIVISMO,RS,Porto Alegre,8,2,6
3400,2023,14961,FACULDADE DE TECNOLOGIA EM SAÚDE - IAHCS,RS,Porto Alegre,7,0,1
3406,2023,15236,FACULDADE DE TECNOLOGIA ALCIDES MAYA,RS,Porto Alegre,9,9,0
3434,2023,15894,FACULDADE SOBRESP DE SANTA MARIA,RS,Santa Maria,64,37,21
3436,2023,15980,FG Faculdade Global,RS,Porto Alegre,59,14,20
3442,2023,16782,Faculdade Mário Quintana,RS,Porto Alegre,11,3,9
3449,2023,17400,Faculdade Menino Deus,RS,Porto Alegre,11,5,5
3469,2023,18034,Centro de Ensino Superior Riograndense,RS,Sarandi,23,14,4
3507,2023,19670,Faculdade de Ciências da Saúde Moinhos de Vento,RS,Porto Alegre,39,70,0
3553,2023,22090,FACULDADE DE CIÊNCIAS DA SAÚDE DO GRUPO HOSPITALAR CONCEIÇÃO,RS,Porto Alegre,36,28,5
3563,2023,22453,Faculdade UNÍNTESE,RS,Santo Ângelo,18,15,0
1812,2022,12,UNIVERSIDADE FEDERAL DO RIO GRANDE,RS,Rio Grande,19,6,2
1813,2022,13,UNIVERSIDADE DE CAXIAS DO SUL,RS,Caxias do Sul,793,502,237
1814,2022,14,UNIVERSIDADE DO VALE DO RIO DOS SINOS,RS,São Leopoldo,759,347,198
1815,2022,18,UNIVERSIDADE CATÓLICA DE PELOTAS,RS,Pelotas,118,71,18
1816,2022,20,UNIVERSIDADE DE PASSO FUNDO,RS,Passo Fundo,60,33,29
1818,2022,23,UNIVERSIDADE FEEVALE,RS,Novo Hamburgo,321,155,106
1866,2022,295,UNIVERSIDADE DE SANTA CRUZ DO SUL,RS,Santa Cruz do Sul,106,84,27
1867,2022,296,Centro Universitário da Região da Campanha,RS,Bagé,61,15,0
1900,2022,423,UNIVERSIDADE REGIONAL INTEGRADA DO ALTO URUGUAI E DAS MISSÕES,RS,Erechim,61,40,19
1901,2022,426,UNIVERSIDADE FRANCISCANA,RS,Santa Maria,5,4,2
1907,2022,448,CENTRO UNIVERSITÁRIO RITTER DOS REIS,RS,Porto Alegre,1648,1287,254
1908,2022,449,UNIVERSIDADE LUTERANA DO BRASIL,RS,Canoas,673,557,219
1933,2022,532,UNIVERSIDADE REGIONAL DO NOROESTE DO ESTADO DO RIO GRANDE DO SUL,RS,Ijuí,96,58,20
1940,2022,582,UNIVERSIDADE FEDERAL DE SANTA MARIA,RS,Santa Maria,104,40,6
1943,2022,601,"INSTITUTO FEDERAL DE EDUCAÇÃO, CIÊNCIA E TECNOLOGIA DO RIO GRANDE DO SUL",RS,Bento Gonçalves,1283,426,211
1947,2022,626,CENTRO UNIVERSITÁRIO CENECISTA DE OSÓRIO,RS,Osório,26,2,15
1948,2022,631,FACULDADE CNEC FARROUPILHA,RS,Farroupilha,4,0,3
1949,2022,634,UNIVERSIDADE FEDERAL DE PELOTAS,RS,Pelotas,205,109,55
1950,2022,641,UNIVERSIDADE LA SALLE,RS,Canoas,831,819,32
2000,2022,1041,UNIVERSIDADE DO VALE DO TAQUARI,RS,Lajeado,485,255,196
2029,2022,1175,FACULDADE ESTÁCIO DO RIO GRANDE DO SUL - ESTÁCIO FARGS,RS,Porto Alegre,0,0,0
2077,2022,1427,CENTRO UNIVERSITÁRIO DA SERRA GAÚCHA,RS,Caxias do Sul,858,577,179
2117,2022,1578,"INSTITUTO FEDERAL DE EDUCAÇÃO, CIÊNCIA E TECNOLOGIA SUL-RIO-GRANDENSE",RS,Pelotas,98,1,7
2178,2022,1830,FACULDADE ANHANGUERA DE PASSO FUNDO,RS,Passo Fundo,1,0,0
2183,2022,1842,FACULDADES INTEGRADAS MACHADO DE ASSIS,RS,Santa Rosa,6,0,2
2190,2022,1864,FACULDADE DA ASSOCIAÇÃO BRASILIENSE DE EDUCAÇÃO,RS,Marau,4,0,4
2224,2022,2113,FACULDADE DOM BOSCO DE PORTO ALEGRE,RS,Porto Alegre,24,12,3
2235,2022,2184,FACULDADE CNEC GRAVATAÍ,RS,Gravataí,1,0,1
2256,2022,2478,FACULDADE DE INTEGRAÇÃO DO ENSINO SUPERIOR DO CONE SUL,RS,Garibaldi,41,17,7
2286,2022,2950,Centro Universitário FADERGS,RS,Porto Alegre,659,147,339
2312,2022,3333,CENTRO UNIVERSITÁRIO UNIFTEC,RS,Caxias do Sul,1498,720,237
2321,2022,3443,Centro Universitário CESUCA,RS,Cachoeirinha,103,74,32
2338,2022,3804,Centro Universitário Senac,RS,Porto Alegre,83,48,29
2359,2022,4006,FACULDADE DE TECNOLOGIA SENAC PELOTAS,RS,Pelotas,32,23,10
2373,2022,4077,Faculdade QI Brasil,RS,Gravataí,1225,346,198
2377,2022,4096,Faculdade de Tecnologia FTEC de Porto Alegre,RS,Porto Alegre,0,0,0
2378,2022,4097,Centro Universitário Uniftec Bento Gonçalves,RS,Bento Gonçalves,190,49,48
2379,2022,4098,"INSTITUTO FEDERAL DE EDUCAÇÃO, CIÊNCIA E TECNOLOGIA FARROUPILHA",RS,Santa Maria,357,164,52
2398,2022,4443,Faculdade Meridional de Ijuí,RS,Ijuí,2,0,2
2411,2022,4632,FACULDADE IDEAU DE CAXIAS DO SUL,RS,Caxias do Sul,1,1,1
2412,2022,4633,Faculdade IDEAU de Passo Fundo,RS,Passo Fundo,13,13,13
2447,2022,5285,FACULDADES INTEGRADAS DE TAQUARA,RS,Taquara,21,10,8
2451,2022,5322,FUNDAÇÃO UNIVERSIDADE FEDERAL DO PAMPA - UNIPAMPA,RS,Bagé,338,105,41
2479,2022,12523,Faculdade da Serra Gaúcha de Bento Gonçalves,RS,Bento Gonçalves,76,31,25
2482,2022,12784,FACULDADE DE TECNOLOGIA FTEC,RS,Novo Hamburgo,19,3,7
2491,2022,13359,FACULDADE IDEAU DE BAGÉ,RS,Bagé,7,5,7
2503,2022,13883,FACULDADE MURIALDO,RS,Caxias do Sul,4,3,0
2507,2022,14181,FACULDADE DE TECNOLOGIA DO COOPERATIVISMO,RS,Porto Alegre,14,20,3
2525,2022,14961,FACULDADE DE TECNOLOGIA EM SAÚDE - IAHCS,RS,Porto Alegre,12,2,6
2559,2022,15894,SOBRESP - Faculdade de Ciências da Saúde,RS,Santa Maria,49,54,14
2560,2022,15980,FG Faculdade Global,RS,Porto Alegre,105,8,45
2566,2022,16782,Faculdade Mário Quintana,RS,Porto Alegre,44,0,31
2573,2022,17400,Faculdade Menino Deus,RS,Porto Alegre,12,4,3
2594,2022,18034,Centro de Ensino Superior Riograndense,RS,Sarandi,35,11,20
2676,2022,22090,FACULDADE DE CIÊNCIAS DA SAÚDE DO GRUPO HOSPITALAR CONCEIÇÃO,RS,Porto Alegre,43,31,11
2685,2022,22453,Faculdade UNÍNTESE,RS,Santo Ângelo,26,39,0
903,2021,12,UNIVERSIDADE FEDERAL DO RIO GRANDE,RS,Rio Grande,22,22,6
904,2021,13,UNIVERSIDADE DE CAXIAS DO SUL,RS,Caxias do Sul,1213,549,150
905,2021,14,UNIVERSIDADE DO VALE DO RIO DOS SINOS,RS,São Leopoldo,809,370,161
907,2021,18,UNIVERSIDADE CATÓLICA DE PELOTAS,RS,Pelotas,146,152,24
908,2021,20,UNIVERSIDADE DE PASSO FUNDO,RS,Passo Fundo,81,6,38
910,2021,23,UNIVERSIDADE FEEVALE,RS,Novo Hamburgo,410,176,138
956,2021,295,UNIVERSIDADE DE SANTA CRUZ DO SUL,RS,Santa Cruz do Sul,160,171,31
957,2021,296,Centro Universitário da Região da Campanha,RS,Bagé,62,84,0
989,2021,423,UNIVERSIDADE REGIONAL INTEGRADA DO ALTO URUGUAI E DAS MISSÕES,RS,Erechim,85,89,14
990,2021,426,UNIVERSIDADE FRANCISCANA,RS,Santa Maria,8,7,5
995,2021,448,CENTRO UNIVERSITÁRIO RITTER DOS REIS,RS,Porto Alegre,1121,1047,46
996,2021,449,UNIVERSIDADE LUTERANA DO BRASIL,RS,Canoas,708,408,251
1021,2021,532,UNIVERSIDADE REGIONAL DO NOROESTE DO ESTADO DO RIO GRANDE DO SUL,RS,Ijuí,97,57,21
1030,2021,582,UNIVERSIDADE FEDERAL DE SANTA MARIA,RS,Santa Maria,187,37,15
1033,2021,601,"INSTITUTO FEDERAL DE EDUCAÇÃO, CIÊNCIA E TECNOLOGIA DO RIO GRANDE DO SUL",RS,Bento Gonçalves,1293,211,134
1037,2021,626,CENTRO UNIVERSITÁRIO CENECISTA DE OSÓRIO,RS,Osório,85,0,56
1038,2021,631,FACULDADE CNEC FARROUPILHA,RS,Farroupilha,6,0,2
1039,2021,634,UNIVERSIDADE FEDERAL DE PELOTAS,RS,Pelotas,255,106,25
1040,2021,641,UNIVERSIDADE LA SALLE,RS,Canoas,599,648,18
1089,2021,1041,UNIVERSIDADE DO VALE DO TAQUARI,RS,Lajeado,533,310,189
1119,2021,1175,FACULDADE ESTÁCIO DO RIO GRANDE DO SUL - ESTÁCIO FARGS,RS,Porto Alegre,0,0,0
1170,2021,1427,CENTRO UNIVERSITÁRIO DA SERRA GAÚCHA,RS,Caxias do Sul,859,621,174
1212,2021,1578,"INSTITUTO FEDERAL DE EDUCAÇÃO, CIÊNCIA E TECNOLOGIA SUL-RIO-GRANDENSE",RS,Pelotas,114,0,6
1275,2021,1830,FACULDADE ANHANGUERA DE PASSO FUNDO,RS,Passo Fundo,5,0,4
1279,2021,1842,FACULDADES INTEGRADAS MACHADO DE ASSIS,RS,Santa Rosa,17,6,9
1286,2021,1864,FACULDADE DA ASSOCIAÇÃO BRASILIENSE DE EDUCAÇÃO,RS,Marau,16,2,11
1319,2021,2113,FACULDADE DOM BOSCO DE PORTO ALEGRE,RS,Porto Alegre,36,9,0
1330,2021,2184,FACULDADE CNEC GRAVATAÍ,RS,Gravataí,1,0,0
1333,2021,2198,FACULDADE MONTEIRO LOBATO,RS,Porto Alegre,4,0,4
1355,2021,2478,FACULDADE DE INTEGRAÇÃO DO ENSINO SUPERIOR DO CONE SUL,RS,Garibaldi,40,16,9
1386,2021,2950,Centro Universitário FADERGS,RS,Porto Alegre,767,442,99
1412,2021,3333,CENTRO UNIVERSITÁRIO UNIFTEC,RS,Caxias do Sul,1728,972,258
1421,2021,3443,Centro Universitário CESUCA,RS,Cachoeirinha,103,63,24
1435,2021,3804,FACULDADE SENAC PORTO ALEGRE - FSPOA,RS,Porto Alegre,97,28,28
1458,2021,4006,FACULDADE DE TECNOLOGIA SENAC PELOTAS,RS,Pelotas,37,14,11
1472,2021,4077,Faculdade QI Brasil,RS,Gravataí,1030,411,106
1475,2021,4096,Faculdade de Tecnologia FTEC de Porto Alegre,RS,Porto Alegre,2,0,0
1476,2021,4097,Faculdade de Tecnologia FTEC de Bento Gonçalves,RS,Bento Gonçalves,264,65,60
1477,2021,4098,"INSTITUTO FEDERAL DE EDUCAÇÃO, CIÊNCIA E TECNOLOGIA FARROUPILHA",RS,Santa Maria,397,147,63
1490,2021,4261,Faculdade CMB,RS,Porto Alegre,0,21,0
1498,2021,4443,Faculdade Meridional de Ijuí,RS,Ijuí,3,0,2
1513,2021,4632,FACULDADE IDEAU DE CAXIAS DO SUL,RS,Caxias do Sul,0,0,0
1514,2021,4633,Faculdade IDEAU de Passo Fundo,RS,Passo Fundo,8,7,7
1548,2021,5285,FACULDADES INTEGRADAS DE TAQUARA,RS,Taquara,22,12,9
1552,2021,5322,FUNDAÇÃO UNIVERSIDADE FEDERAL DO PAMPA - UNIPAMPA,RS,Bagé,343,107,36
1578,2021,12338,FACULDADE DE TECNOLOGIA LA SALLE - ESTRELA,RS,Estrela,2,0,2
1581,2021,12523,Faculdade da Serra Gaúcha de Bento Gonçalves,RS,Bento Gonçalves,87,69,19
1584,2021,12784,FACULDADE DE TECNOLOGIA FTEC,RS,Novo Hamburgo,38,11,10
1592,2021,13359,FACULDADE IDEAU DE BAGÉ,RS,Bagé,2,2,0
1605,2021,13883,FACULDADE MURIALDO,RS,Caxias do Sul,6,7,1
1609,2021,14181,FACULDADE DE TECNOLOGIA DO COOPERATIVISMO,RS,Porto Alegre,11,0,7
1628,2021,14961,FACULDADE DE TECNOLOGIA EM SAÚDE - IAHCS,RS,Porto Alegre,22,8,3
1662,2021,15894,SOBRESP - Faculdade de Ciências da Saúde,RS,Santa Maria,17,10,7
1664,2021,15980,FG Faculdade Global,RS,Porto Alegre,208,38,84
1669,2021,16782,Faculdade Mário Quintana,RS,Porto Alegre,55,38,5
1677,2021,17400,Faculdade Menino Deus,RS,Porto Alegre,10,4,1
1697,2021,18034,Centro de Ensino Superior Riograndense,RS,Sarandi,45,29,10
1778,2021,22090,FACULDADE DE CIÊNCIAS DA SAÚDE DO GRUPO HOSPITALAR CONCEIÇÃO,RS,Porto Alegre,39,25,0
1,2020,12,UNIVERSIDADE FEDERAL DO RIO GRANDE,RS,Rio Grande,21,15,3
2,2020,13,UNIVERSIDADE DE CAXIAS DO SUL,RS,Caxias do Sul,830,552,105
3,2020,14,UNIVERSIDADE DO VALE DO RIO DOS SINOS,RS,São Leopoldo,835,508,157
5,2020,18,UNIVERSIDADE CATÓLICA DE PELOTAS,RS,Pelotas,175,229,7
6,2020,20,UNIVERSIDADE DE PASSO FUNDO,RS,Passo Fundo,136,45,41
8,2020,23,UNIVERSIDADE FEEVALE,RS,Novo Hamburgo,504,245,158
55,2020,295,UNIVERSIDADE DE SANTA CRUZ DO SUL,RS,Santa Cruz do Sul,172,158,30
56,2020,296,Centro Universitário da Região da Campanha,RS,Bagé,47,86,1
88,2020,423,UNIVERSIDADE REGIONAL INTEGRADA DO ALTO URUGUAI E DAS MISSÕES,RS,Erechim,88,88,10
89,2020,426,UNIVERSIDADE FRANCISCANA,RS,Santa Maria,22,14,15
94,2020,448,CENTRO UNIVERSITÁRIO RITTER DOS REIS,RS,Porto Alegre,759,736,103
95,2020,449,UNIVERSIDADE LUTERANA DO BRASIL,RS,Canoas,861,364,304
120,2020,532,UNIVERSIDADE REGIONAL DO NOROESTE DO ESTADO DO RIO GRANDE DO SUL,RS,Ijuí,63,41,1
128,2020,582,UNIVERSIDADE FEDERAL DE SANTA MARIA,RS,Santa Maria,160,40,7
130,2020,601,"INSTITUTO FEDERAL DE EDUCAÇÃO, CIÊNCIA E TECNOLOGIA DO RIO GRANDE DO SUL",RS,Bento Gonçalves,1346,360,75
134,2020,626,CENTRO UNIVERSITÁRIO CENECISTA DE OSÓRIO,RS,Osório,163,1,71
135,2020,631,FACULDADE CNEC FARROUPILHA,RS,Farroupilha,25,2,18
136,2020,634,UNIVERSIDADE FEDERAL DE PELOTAS,RS,Pelotas,272,120,45
137,2020,641,UNIVERSIDADE LA SALLE,RS,Canoas,544,68,400
188,2020,1041,UNIVERSIDADE DO VALE DO TAQUARI,RS,Lajeado,537,238,209
202,2020,1084,CENTRO UNIVERSITÁRIO CNEC DE BENTO GONÇALVES,RS,Bento Gonçalves,0,0,0
219,2020,1175,FACULDADE ESTÁCIO DO RIO GRANDE DO SUL - ESTÁCIO FARGS,RS,Porto Alegre,8,0,4
271,2020,1427,CENTRO UNIVERSITÁRIO DA SERRA GAÚCHA,RS,Caxias do Sul,744,553,126
312,2020,1578,"INSTITUTO FEDERAL DE EDUCAÇÃO, CIÊNCIA E TECNOLOGIA SUL-RIO-GRANDENSE",RS,Pelotas,113,40,12
374,2020,1830,FACULDADE ANHANGUERA DE PASSO FUNDO,RS,Passo Fundo,19,5,12
379,2020,1842,FACULDADES INTEGRADAS MACHADO DE ASSIS,RS,Santa Rosa,20,1,5
387,2020,1864,FACULDADE DA ASSOCIAÇÃO BRASILIENSE DE EDUCAÇÃO,RS,Marau,23,5,6
419,2020,2113,FACULDADE DOM BOSCO DE PORTO ALEGRE,RS,Porto Alegre,27,19,0
431,2020,2184,FACULDADE CNEC GRAVATAÍ,RS,Gravataí,5,3,1
434,2020,2198,FACULDADE MONTEIRO LOBATO,RS,Porto Alegre,13,3,9
458,2020,2478,FACULDADE DE INTEGRAÇÃO DO ENSINO SUPERIOR DO CONE SUL,RS,Garibaldi,42,13,12
489,2020,2950,Centro Universitário FADERGS,RS,Porto Alegre,1024,714,259
518,2020,3333,CENTRO UNIVERSITÁRIO UNIFTEC,RS,Caxias do Sul,1436,811,204
527,2020,3443,Centro Universitário CESUCA,RS,Cachoeirinha,96,87,9
542,2020,3804,FACULDADE SENAC PORTO ALEGRE - FSPOA,RS,Porto Alegre,157,103,29
563,2020,4006,FACULDADE DE TECNOLOGIA SENAC PELOTAS,RS,Pelotas,81,33,41
579,2020,4077,Faculdade QI Brasil,RS,Gravataí,1069,800,109
581,2020,4096,Faculdade de Tecnologia FTEC de Porto Alegre,RS,Porto Alegre,5,1,4
582,2020,4097,Faculdade de Tecnologia FTEC de Bento Gonçalves,RS,Bento Gonçalves,310,73,51
583,2020,4098,"INSTITUTO FEDERAL DE EDUCAÇÃO, CIÊNCIA E TECNOLOGIA FARROUPILHA",RS,Santa Maria,343,115,11
596,2020,4261,Faculdade CMB,RS,Porto Alegre,5,0,5
604,2020,4443,FACULDADE AMÉRICA LATINA  DE IJUÍ,RS,Ijuí,9,1,6
618,2020,4632,FACULDADE IDEAU DE CAXIAS DO SUL,RS,Caxias do Sul,3,2,3
619,2020,4633,Faculdade IDEAU de Passo Fundo,RS,Passo Fundo,1,1,0
655,2020,5285,FACULDADES INTEGRADAS DE TAQUARA,RS,Taquara,29,13,10
659,2020,5322,FUNDAÇÃO UNIVERSIDADE FEDERAL DO PAMPA - UNIPAMPA,RS,Bagé,295,108,46
685,2020,12338,FACULDADE DE TECNOLOGIA LA SALLE - ESTRELA,RS,Estrela,22,0,20
688,2020,12523,Faculdade da Serra Gaúcha de Bento Gonçalves,RS,Bento Gonçalves,102,77,18
691,2020,12784,FACULDADE DE TECNOLOGIA FTEC,RS,Novo Hamburgo,66,24,20
693,2020,12869,FACULDADES JOÃO PAULO II,RS,Passo Fundo,0,3,0
701,2020,13359,FACULDADE IDEAU DE BAGÉ,RS,Bagé,0,0,0
715,2020,13865,FACULDADE SISTEMA DE ENSINO GAÚCHO,RS,Porto Alegre,66,22,16
716,2020,13883,FACULDADE MURIALDO,RS,Caxias do Sul,10,2,2
721,2020,14181,FACULDADE DE TECNOLOGIA DO COOPERATIVISMO,RS,Porto Alegre,30,16,10
739,2020,14961,FACULDADE DE TECNOLOGIA EM SAÚDE - IAHCS,RS,Porto Alegre,27,10,9
773,2020,15894,SOBRESP - Faculdade de Ciências da Saúde,RS,Santa Maria,23,23,4
778,2020,16782,Faculdade Mário Quintana,RS,Porto Alegre,18,10,0
786,2020,17400,Faculdade Menino Deus,RS,Porto Alegre,14,11,7
804,2020,18034,Centro de Ensino Superior Riograndese,RS,Sarandi,27,18,4
878,2020,22090,FACULDADE DE CIÊNCIAS DA SAÚDE DO GRUPO HOSPITALAR CONCEIÇÃO,RS,Porto Alegre,20,29,0
3949,2024,1702,CENTRO UNIVERSITÁRIO ESTÁCIO DA AMAZÔNIA,RR,Boa Vista,0,0,0
4049,2024,2536,Instituto de Educação e Inovação,RR,Boa Vista,47,47,0
4084,2024,3184,"INSTITUTO FEDERAL DE EDUCAÇÃO, CIÊNCIA E TECNOLOGIA DE RORAIMA",RR,Boa Vista,337,83,26
4222,2024,5520,FACULDADE CATHEDRAL,RR,Boa Vista,26,24,0
4451,2024,22628,CLARETIANO - FACULDADE DE BOA VISTA,RR,Boa Vista,0,1,0
3050,2023,1702,CENTRO UNIVERSITÁRIO ESTÁCIO DA AMAZÔNIA,RR,Boa Vista,0,0,0
3199,2023,3184,"INSTITUTO FEDERAL DE EDUCAÇÃO, CIÊNCIA E TECNOLOGIA DE RORAIMA",RR,Boa Vista,299,241,14
3344,2023,5520,FACULDADE CATHEDRAL,RR,Boa Vista,9,9,0
3571,2023,22628,CLARETIANO - FACULDADE DE BOA VISTA,RR,Boa Vista,0,2,0
2140,2022,1702,CENTRO UNIVERSITÁRIO ESTÁCIO DA AMAZÔNIA,RR,Boa Vista,0,0,0
2299,2022,3184,"INSTITUTO FEDERAL DE EDUCAÇÃO, CIÊNCIA E TECNOLOGIA DE RORAIMA",RR,Boa Vista,151,58,21
2693,2022,22628,CLARETIANO - FACULDADE DE BOA VISTA,RR,Boa Vista,1,0,1
1237,2021,1702,CENTRO UNIVERSITÁRIO ESTÁCIO DA AMAZÔNIA,RR,Boa Vista,0,1,0
1399,2021,3184,"INSTITUTO FEDERAL DE EDUCAÇÃO, CIÊNCIA E TECNOLOGIA DE RORAIMA",RR,Boa Vista,180,70,14
1790,2021,22628,CLARETIANO - FACULDADE DE BOA VISTA,RR,Boa Vista,21,1,14
335,2020,1702,CENTRO UNIVERSITÁRIO ESTÁCIO DA AMAZÔNIA,RR,Boa Vista,5,1,1
504,2020,3184,"INSTITUTO FEDERAL DE EDUCAÇÃO, CIÊNCIA E TECNOLOGIA DE RORAIMA",RR,Boa Vista,136,64,0
887,2020,22628,CLARETIANO - FACULDADE DE BOA VISTA,RR,Boa Vista,41,45,0
3732,2024,450,Centro Universitário São Lucas Ji-Paraná,RO,Ji-Paraná,0,0,0
3837,2024,1087,CENTRO UNIVERSITÁRIO APARÍCIO CARVALHO,RO,Porto Velho,37,38,0
3958,2024,1728,Faculdade Interamericana Unisapiens,RO,Porto Velho,0,0,0
4195,2024,4785,INSTITUTO FEDERAL DE EDUCAÇÃO CIÊNCIA E TECNOLOGIA DE RONDÔNIA,RO,Porto Velho,1159,294,229
4391,2024,19943,Faculdade Unisapiens,RO,Porto Velho,0,0,0
2933,2023,1087,CENTRO UNIVERSITÁRIO APARÍCIO CARVALHO,RO,Porto Velho,1,1,0
3110,2023,1917,CENTRO UNIVERSITÁRIO MAURÍCIO DE NASSAU DE CACOAL,RO,Cacoal,2,0,2
3315,2023,4785,INSTITUTO FEDERAL DE EDUCAÇÃO CIÊNCIA E TECNOLOGIA DE RONDÔNIA,RO,Porto Velho,1474,453,365
3516,2023,19943,Faculdade Unisapiens,RO,Porto Velho,50,30,16
2014,2022,1087,CENTRO UNIVERSITÁRIO APARÍCIO CARVALHO,RO,Porto Velho,0,0,0
2072,2022,1414,CENTRO UNIVERSITÁRIO SÃO LUCAS,RO,Porto Velho,12,0,12
2202,2022,1917,CENTRO UNIVERSITÁRIO MAURÍCIO DE NASSAU DE CACOAL,RO,Cacoal,17,8,1
2428,2022,4785,INSTITUTO FEDERAL DE EDUCAÇÃO CIÊNCIA E TECNOLOGIA DE RONDÔNIA,RO,Porto Velho,1440,402,38
2608,2022,18671,FACULDADE DA AMAZÔNIA DE PORTO VELHO,RO,Porto Velho,0,0,0
2639,2022,19943,Faculdade Sapiens,RO,Porto Velho,47,48,0
1103,2021,1087,CENTRO UNIVERSITÁRIO APARÍCIO CARVALHO,RO,Porto Velho,1,0,1
1165,2021,1414,CENTRO UNIVERSITÁRIO SÃO LUCAS,RO,Porto Velho,28,30,17
1246,2021,1728,FACULDADE INTERAMERICANA DE PORTO VELHO,RO,Porto Velho,0,0,0
1298,2021,1917,Centro Universitário Unifacimed,RO,Cacoal,25,20,2
1529,2021,4785,INSTITUTO FEDERAL DE EDUCAÇÃO CIÊNCIA E TECNOLOGIA DE RONDÔNIA,RO,Porto Velho,1437,1673,28
1714,2021,18671,FACULDADE DA AMAZÔNIA DE PORTO VELHO,RO,Porto Velho,6,2,4
1742,2021,19943,Faculdade Sapiens,RO,Porto Velho,15,17,4
203,2020,1087,CENTRO UNIVERSITÁRIO APARÍCIO CARVALHO,RO,Porto Velho,0,0,0
267,2020,1414,CENTRO UNIVERSITÁRIO SÃO LUCAS,RO,Porto Velho,72,70,6
344,2020,1728,FACULDADE INTERAMERICANA DE PORTO VELHO,RO,Porto Velho,0,8,0
398,2020,1917,Centro Universitário Unifacimed,RO,Cacoal,39,19,16
633,2020,4785,INSTITUTO FEDERAL DE EDUCAÇÃO CIÊNCIA E TECNOLOGIA DE RONDÔNIA,RO,Porto Velho,167,46,18
821,2020,18671,FACULDADE DA AMAZÔNIA DE PORTO VELHO,RO,Porto Velho,2,0,2
850,2020,19943,Faculdade Sapiens,RO,Porto Velho,12,18,4
3760,2024,570,UNIVERSIDADE FEDERAL DO RIO GRANDE DO NORTE,RN,Natal,303,86,67
3794,2024,718,UNIVERSIDADE POTIGUAR,RN,Natal,709,352,244
3796,2024,724,Centro Universitário FACEX,RN,Natal,68,30,14
3836,2024,1082,"INSTITUTO FEDERAL DE EDUCAÇÃO, CIÊNCIA E TECNOLOGIA DO RIO GRANDE DO NORTE",RN,Natal,524,121,78
4043,2024,2460,FACULDADE ESTÁCIO DE NATAL,RN,Natal,0,0,0
4393,2024,19957,FACULDADE UNIRB PARNAMIRIM,RN,Parnamirim,2,2,0
2855,2023,570,UNIVERSIDADE FEDERAL DO RIO GRANDE DO NORTE,RN,Natal,323,139,53
2890,2023,718,UNIVERSIDADE POTIGUAR,RN,Natal,1023,527,425
2892,2023,724,Centro Universitário FACEX,RN,Natal,36,22,9
2932,2023,1082,"INSTITUTO FEDERAL DE EDUCAÇÃO, CIÊNCIA E TECNOLOGIA DO RIO GRANDE DO NORTE",RN,Natal,638,288,83
3158,2023,2460,FACULDADE ESTÁCIO DE NATAL,RN,Natal,0,0,0
3185,2023,2908,CENTRO UNIVERSITÁRIO NATALENSE,RN,Natal,0,1,0
1935,2022,570,UNIVERSIDADE FEDERAL DO RIO GRANDE DO NORTE,RN,Natal,283,90,53
1971,2022,718,UNIVERSIDADE POTIGUAR,RN,Natal,1126,807,152
1972,2022,724,Centro Universitário FACEX,RN,Natal,45,2,11
2013,2022,1082,"INSTITUTO FEDERAL DE EDUCAÇÃO, CIÊNCIA E TECNOLOGIA DO RIO GRANDE DO NORTE",RN,Natal,514,164,79
2255,2022,2460,FACULDADE ESTÁCIO DE NATAL,RN,Natal,1,0,0
2284,2022,2908,CENTRO UNIVERSITÁRIO NATALENSE,RN,Natal,6,2,6
2532,2022,15428,Faculdade UNIRB - NATAL,RN,Natal,0,0,0
2567,2022,16943,FACULDADE UNINASSAU PARNAMIRIM,RN,Parnamirim,18,20,2
2641,2022,19957,FACULDADE UNIRB PARNAMIRIM,RN,Parnamirim,3,0,0
1025,2021,570,UNIVERSIDADE FEDERAL DO RIO GRANDE DO NORTE,RN,Natal,301,98,49
1061,2021,718,UNIVERSIDADE POTIGUAR,RN,Natal,1166,723,232
1062,2021,724,Centro Universitário FACEX,RN,Natal,122,132,36
1102,2021,1082,"INSTITUTO FEDERAL DE EDUCAÇÃO, CIÊNCIA E TECNOLOGIA DO RIO GRANDE DO NORTE",RN,Natal,551,165,62
1125,2021,1208,FAL ESTÁCIO - FACULDADE ESTÁCIO DE NATAL,RN,Natal,45,20,11
1354,2021,2460,FACULDADE ESTÁCIO DE NATAL,RN,Natal,7,5,6
1383,2021,2908,CENTRO UNIVERSITÁRIO NATALENSE,RN,Natal,43,0,37
1508,2021,4566,ESTÁCIO FATERN - FACULDADE ESTÁCIO DO RIO GRANDE DO NORTE,RN,Natal,0,0,0
1634,2021,15428,Faculdade UNIRB - NATAL,RN,Natal,1,0,0
1670,2021,16943,FACULDADE UNINASSAU PARNAMIRIM,RN,Parnamirim,6,0,6
1744,2021,19957,FACULDADE UNIRB PARNAMIRIM,RN,Parnamirim,3,3,0
17,2020,71,UNIVERSIDADE DO ESTADO DO RIO GRANDE DO NORTE,RN,Mossoró,0,0,0
123,2020,570,UNIVERSIDADE FEDERAL DO RIO GRANDE DO NORTE,RN,Natal,296,98,51
158,2020,718,UNIVERSIDADE POTIGUAR,RN,Natal,1030,815,147
159,2020,724,Centro Universitário FACEX,RN,Natal,98,22,30
201,2020,1082,"INSTITUTO FEDERAL DE EDUCAÇÃO, CIÊNCIA E TECNOLOGIA DO RIO GRANDE DO NORTE",RN,Natal,548,194,32
225,2020,1208,FAL ESTÁCIO - FACULDADE ESTÁCIO DE NATAL,RN,Natal,75,33,10
457,2020,2460,FACULDADE ESTÁCIO DE NATAL,RN,Natal,74,59,14
485,2020,2908,CENTRO UNIVERSITÁRIO NATALENSE,RN,Natal,97,77,42
613,2020,4566,ESTÁCIO FATERN - FACULDADE ESTÁCIO DO RIO GRANDE DO NORTE,RN,Natal,2,2,0
744,2020,15428,Faculdade UNIRB - NATAL,RN,Natal,1,0,0
779,2020,16943,FACULDADE UNINASSAU PARNAMIRIM,RN,Parnamirim,48,3,26
3663,2024,140,UNIVERSIDADE DE VASSOURAS,RJ,Vassouras,432,259,196
3669,2024,163,UNIVERSIDADE ESTÁCIO DE SÁ,RJ,Rio de Janeiro,45180,34096,10641
3670,2024,165,UNIVERSIDADE VEIGA DE ALMEIDA,RJ,Rio de Janeiro,4017,2475,661
3675,2024,220,FACULDADE SÃO JUDAS TADEU,RJ,Rio de Janeiro,0,0,0
3687,2024,277,CENTRO UNIVERSITÁRIO AUGUSTO MOTTA,RJ,Rio de Janeiro,2641,1661,697
3694,2024,330,UNIVERSIDADE IGUAÇU,RJ,Nova Iguaçu,1260,273,349
3735,2024,472,UNIVERSIDADE DO GRANDE RIO PROFESSOR JOSÉ DE SOUZA HERDY,RJ,Duque de Caxias,1470,1217,159
3736,2024,473,Centro Universitário Dom Bosco do Rio de Janeiro,RJ,Resende,89,77,16
3737,2024,480,CENTRO UNIVERSITÁRIO SERRA DOS ÓRGÃOS,RJ,Teresópolis,17,109,0
3741,2024,489,CENTRO UNIVERSITÁRIO DE VOLTA REDONDA,RJ,Volta Redonda,12,20,0
3742,2024,490,CENTRO UNIVERSITÁRIO DE VALENÇA,RJ,Valença,318,172,83
3748,2024,514,CENTRO UNIVERSITÁRIO DE BARRA MANSA,RJ,Barra Mansa,228,186,17
3749,2024,515,Centro Universitário Anhanguera Pitágoras Unopar de Niterói,RJ,Niterói,3126,3011,665
3753,2024,522,CENTRO UNIVERSITÁRIO CELSO LISBOA,RJ,Rio de Janeiro,3060,1775,397
3762,2024,572,UNIVERSIDADE FEDERAL FLUMINENSE,RJ,Niterói,336,101,59
3779,2024,663,UNIVERSIDADE SALGADO DE OLIVEIRA,RJ,São Gonçalo,130,118,24
3786,2024,677,Faculdades Reunidas da ASCE,RJ,Rio de Janeiro,42,0,14
3790,2024,705,CENTRO UNIVERSITÁRIO SÃO JOSÉ,RJ,Rio de Janeiro,456,360,88
3792,2024,712,CENTRO UNIVERSITÁRIO IBMR,RJ,Rio de Janeiro,1787,1056,878
3805,2024,802,CENTRO UNIVERSITÁRIO UNICARIOCA,RJ,Rio de Janeiro,205,150,28
3818,2024,954,Faculdade SNA Digital,RJ,Rio de Janeiro,6,15,0
3846,2024,1141,CENTRO UNIVERSITÁRIO GAMA E SOUZA,RJ,Rio de Janeiro,370,88,9
3849,2024,1153,UNIVERSIDADE CÂNDIDO MENDES,RJ,Rio de Janeiro,1623,752,202
3905,2024,1488,FACULDADE LUSÓFONA DO RIO DE JANEIRO,RJ,São Gonçalo,1,2,1
3921,2024,1542,CENTRO UNIVERSITÁRIO GERALDO DI BIASE,RJ,Volta Redonda,107,39,19
3925,2024,1564,FACULDADE SUL FLUMINENSE,RJ,Volta Redonda,9,0,9
3960,2024,1736,CENTRO UNIVERSITÁRIO LA SALLE DO RIO DE JANEIRO,RJ,Niterói,34,12,14
4053,2024,2565,ABEU - CENTRO UNIVERSITÁRIO,RJ,Belford Roxo,28,15,17
4080,2024,3163,"INSTITUTO FEDERAL DE EDUCAÇÃO, CIÊNCIA E TECNOLOGIA DO RIO DE JANEIRO",RJ,Rio de Janeiro,113,0,16
4115,2024,3710,ESCOLA SUPERIOR NACIONAL DE SEGUROS,RJ,Rio de Janeiro,23,0,23
4127,2024,3876,Faculdade Unyleya,RJ,Rio de Janeiro,2140,1185,408
4148,2024,4030,CENTRO UNIVERSITÁRIO FLUMINENSE,RJ,Campos dos Goytacazes,22,15,3
4209,2024,5052,FACULDADE DE EDUCAÇÃO TECNOLÓGICA DO ESTADO DO RIO DE JANEIRO - FAETERJ,RJ,Três Rios,64,32,14
4210,2024,5105,Centro Universitário Internacional Signorelli,RJ,Rio de Janeiro,10,2,7
4231,2024,10836,FACULDADE UNIÃO ARARUAMA DE ENSINO S/S Ltda.,RJ,Araruama,14,14,0
4238,2024,12430,FACULDADE METROPOLITANA SÃO CARLOS BJI,RJ,Bom Jesus do Itabapoana,33,17,3
4254,2024,13631,"Faculdade de Ciências, Educação, Saúde, Pesquisa e Gestão",RJ,São Fidélis,98,2,47
4336,2024,17738,Faculdade Cesgranrio,RJ,Rio de Janeiro,37,30,10
4380,2024,19588,Faculdade de Educação Tecnológica do Estado do Rio de Janeiro,RJ,Duque de Caxias,133,57,9
4437,2024,22266,Instituto de Desenvolvimento Tecnológico da FGV,RJ,Rio de Janeiro,552,430,109
4441,2024,22449,INSTITUTO SUPERIOR DE CIÊNCIAS DA SAÚDE CARLOS CHAGAS,RJ,Rio de Janeiro,20,5,6
4486,2024,23820,Faculdade Dunamis,RJ,Rio de Janeiro,25,19,0
4504,2024,24700,Faculdade Instituto Rio de Janeiro,RJ,Rio de Janeiro,12,1,0
2759,2023,140,UNIVERSIDADE DE VASSOURAS,RJ,Vassouras,450,505,49
2765,2023,163,UNIVERSIDADE ESTÁCIO DE SÁ,RJ,Rio de Janeiro,51611,38071,12375
2766,2023,165,UNIVERSIDADE VEIGA DE ALMEIDA,RJ,Rio de Janeiro,2730,1662,390
2768,2023,176,UNIVERSIDADE CASTELO BRANCO,RJ,Rio de Janeiro,45,0,45
2772,2023,220,FACULDADE SÃO JUDAS TADEU,RJ,Rio de Janeiro,20,5,0
2783,2023,277,CENTRO UNIVERSITÁRIO AUGUSTO MOTTA,RJ,Rio de Janeiro,2094,1386,418
2784,2023,278,FACULDADES INTEGRADAS SIMONSEN,RJ,Rio de Janeiro,0,0,0
2791,2023,330,UNIVERSIDADE IGUAÇU,RJ,Nova Iguaçu,1477,884,329
2832,2023,472,UNIVERSIDADE DO GRANDE RIO PROFESSOR JOSÉ DE SOUZA HERDY,RJ,Duque de Caxias,768,572,185
2833,2023,473,Centro Universitário Dom Bosco do Rio de Janeiro,RJ,Resende,88,64,40
2834,2023,480,CENTRO UNIVERSITÁRIO SERRA DOS ÓRGÃOS,RJ,Teresópolis,25,34,0
2838,2023,489,CENTRO UNIVERSITÁRIO DE VOLTA REDONDA,RJ,Volta Redonda,5,8,0
2839,2023,490,CENTRO UNIVERSITÁRIO DE VALENÇA,RJ,Valença,360,257,69
2845,2023,514,CENTRO UNIVERSITÁRIO DE BARRA MANSA,RJ,Barra Mansa,118,107,9
2846,2023,515,Centro Universitário Anhanguera Pitágoras Unopar de Niterói,RJ,Niterói,3336,4212,386
2850,2023,522,CENTRO UNIVERSITÁRIO CELSO LISBOA,RJ,Rio de Janeiro,1306,953,132
2857,2023,572,UNIVERSIDADE FEDERAL FLUMINENSE,RJ,Niterói,330,107,42
2874,2023,663,UNIVERSIDADE SALGADO DE OLIVEIRA,RJ,São Gonçalo,132,130,34
2881,2023,677,Faculdades Reunidas da ASCE,RJ,Rio de Janeiro,42,9,2
2885,2023,705,CENTRO UNIVERSITÁRIO SÃO JOSÉ,RJ,Rio de Janeiro,125,76,20
2887,2023,712,CENTRO UNIVERSITÁRIO IBMR,RJ,Rio de Janeiro,2089,1829,932
2900,2023,802,CENTRO UNIVERSITÁRIO UNICARIOCA,RJ,Rio de Janeiro,680,75,253
2943,2023,1141,CENTRO UNIVERSITÁRIO GAMA E SOUZA,RJ,Rio de Janeiro,273,264,26
2946,2023,1153,UNIVERSIDADE CÂNDIDO MENDES,RJ,Rio de Janeiro,1266,872,198
3005,2023,1488,FACULDADE LUSÓFONA DO RIO DE JANEIRO,RJ,São Gonçalo,6,0,4
3020,2023,1542,CENTRO UNIVERSITÁRIO GERALDO DI BIASE,RJ,Volta Redonda,82,59,10
3024,2023,1564,FACULDADE SUL FLUMINENSE,RJ,Volta Redonda,36,3,27
3061,2023,1736,CENTRO UNIVERSITÁRIO LA SALLE DO RIO DE JANEIRO,RJ,Niterói,27,14,3
3093,2023,1851,ESCOLA BRASILEIRA DE ADMINISTRAÇÃO PÚBLICA E DE EMPRESAS,RJ,Rio de Janeiro,6,0,6
3167,2023,2565,ABEU - CENTRO UNIVERSITÁRIO,RJ,Belford Roxo,77,22,31
3194,2023,3163,"INSTITUTO FEDERAL DE EDUCAÇÃO, CIÊNCIA E TECNOLOGIA DO RIO DE JANEIRO",RJ,Rio de Janeiro,249,49,16
3210,2023,3332,FACULDADE DE TECNOLOGIA SENAC RIO,RJ,Rio de Janeiro,8,0,8
3232,2023,3710,ESCOLA SUPERIOR NACIONAL DE SEGUROS,RJ,Rio de Janeiro,95,83,2
3243,2023,3876,Faculdade Unyleya,RJ,Rio de Janeiro,2745,1031,417
3264,2023,4030,CENTRO UNIVERSITÁRIO FLUMINENSE,RJ,Campos dos Goytacazes,16,5,1
3331,2023,5052,FACULDADE DE EDUCAÇÃO TECNOLÓGICA DO ESTADO DO RIO DE JANEIRO - FAETERJ,RJ,Três Rios,88,29,36
3332,2023,5105,Centro Universitário Internacional Signorelli,RJ,Rio de Janeiro,81,2,53
3359,2023,12430,FACULDADE METROPOLITANA SÃO CARLOS BJI,RJ,Bom Jesus do Itabapoana,23,7,6
3374,2023,13631,"Faculdade de Ciências, Educação, Saúde, Pesquisa e Gestão",RJ,São Fidélis,344,5,94
3461,2023,17738,Faculdade Cesgranrio,RJ,Rio de Janeiro,28,3,12
3505,2023,19588,Faculdade de Educação Tecnológica do Estado do Rio de Janeiro,RJ,Duque de Caxias,115,82,1
3555,2023,22116,Faculdade de Miguel Pereira,RJ,Miguel Pereira,8,0,8
3558,2023,22266,Instituto de Desenvolvimento Tecnológico da FGV,RJ,Rio de Janeiro,441,372,83
3562,2023,22449,INSTITUTO SUPERIOR DE CIÊNCIAS DA SAÚDE CARLOS CHAGAS,RJ,Rio de Janeiro,16,0,0
3600,2023,23820,Faculdade Dunamis,RJ,Rio de Janeiro,28,12,19
3613,2023,24700,Faculdade Instituto Rio de Janeiro,RJ,Rio de Janeiro,25,15,10
1840,2022,140,UNIVERSIDADE DE VASSOURAS,RJ,Vassouras,448,798,0
1846,2022,163,UNIVERSIDADE ESTÁCIO DE SÁ,RJ,Rio de Janeiro,47444,31286,12342
1847,2022,165,UNIVERSIDADE VEIGA DE ALMEIDA,RJ,Rio de Janeiro,2434,1801,247
1849,2022,176,UNIVERSIDADE CASTELO BRANCO,RJ,Rio de Janeiro,269,1,65
1853,2022,220,FACULDADE SÃO JUDAS TADEU,RJ,Rio de Janeiro,33,19,10
1864,2022,277,CENTRO UNIVERSITÁRIO AUGUSTO MOTTA,RJ,Rio de Janeiro,1523,1074,191
1865,2022,278,FACULDADES INTEGRADAS SIMONSEN,RJ,Rio de Janeiro,5,3,0
1872,2022,330,UNIVERSIDADE IGUAÇU,RJ,Nova Iguaçu,876,724,32
1914,2022,472,UNIVERSIDADE DO GRANDE RIO PROFESSOR JOSÉ DE SOUZA HERDY,RJ,Duque de Caxias,1107,800,313
1915,2022,473,Centro Universitário Dom Bosco do Rio de Janeiro,RJ,Resende,64,59,18
1919,2022,490,CENTRO UNIVERSITÁRIO DE VALENÇA,RJ,Valença,361,277,72
1925,2022,514,CENTRO UNIVERSITÁRIO DE BARRA MANSA,RJ,Barra Mansa,59,38,9
1926,2022,515,Centro Universitário Anhanguera Pitágoras Unopar de Niterói,RJ,Niterói,1769,2755,49
1930,2022,522,CENTRO UNIVERSITÁRIO CELSO LISBOA,RJ,Rio de Janeiro,769,1266,25
1937,2022,572,UNIVERSIDADE FEDERAL FLUMINENSE,RJ,Niterói,331,105,48
1954,2022,663,UNIVERSIDADE SALGADO DE OLIVEIRA,RJ,São Gonçalo,133,115,36
1962,2022,677,Faculdades Reunidas da ASCE,RJ,Rio de Janeiro,40,26,12
1966,2022,705,CENTRO UNIVERSITÁRIO SÃO JOSÉ,RJ,Rio de Janeiro,64,40,16
1968,2022,712,CENTRO UNIVERSITÁRIO IBMR,RJ,Rio de Janeiro,2079,1393,214
1981,2022,802,CENTRO UNIVERSITÁRIO UNICARIOCA,RJ,Rio de Janeiro,759,187,124
2012,2022,1080,CENTRO UNIVERSITÁRIO ARTHUR SÁ EARP NETO,RJ,Petrópolis,2,0,2
2023,2022,1141,CENTRO UNIVERSITÁRIO GAMA E SOUZA,RJ,Rio de Janeiro,123,108,13
2026,2022,1153,UNIVERSIDADE CÂNDIDO MENDES,RJ,Rio de Janeiro,1083,579,74
2091,2022,1488,FACULDADE LUSÓFONA DO RIO DE JANEIRO,RJ,São Gonçalo,18,5,11
2107,2022,1542,CENTRO UNIVERSITÁRIO GERALDO DI BIASE,RJ,Volta Redonda,64,33,31
2112,2022,1564,FACULDADE SUL FLUMINENSE,RJ,Volta Redonda,67,35,30
2152,2022,1736,CENTRO UNIVERSITÁRIO LA SALLE DO RIO DE JANEIRO,RJ,Niterói,21,22,0
2186,2022,1851,ESCOLA BRASILEIRA DE ADMINISTRAÇÃO PÚBLICA E DE EMPRESAS,RJ,Rio de Janeiro,45,0,40
2263,2022,2565,ABEU - CENTRO UNIVERSITÁRIO,RJ,Belford Roxo,394,346,38
2265,2022,2571,CENTRO UNIVERSITÁRIO REDENTOR,RJ,Itaperuna,0,0,0
2294,2022,3163,"INSTITUTO FEDERAL DE EDUCAÇÃO, CIÊNCIA E TECNOLOGIA DO RIO DE JANEIRO",RJ,Rio de Janeiro,224,66,7
2311,2022,3332,FACULDADE DE TECNOLOGIA SENAC RIO,RJ,Rio de Janeiro,23,0,15
2332,2022,3710,ESCOLA SUPERIOR NACIONAL DE SEGUROS,RJ,Rio de Janeiro,53,127,0
2346,2022,3876,Faculdade Unyleya,RJ,Rio de Janeiro,2651,747,515
2369,2022,4030,CENTRO UNIVERSITÁRIO FLUMINENSE,RJ,Campos dos Goytacazes,11,7,1
2443,2022,5052,FACULDADE DE EDUCAÇÃO TECNOLÓGICA DO ESTADO DO RIO DE JANEIRO - FAETERJ,RJ,Três Rios,109,33,23
2444,2022,5105,Centro Universitário Internacional Signorelli,RJ,Rio de Janeiro,207,4,13
2468,2022,10836,FACULDADE UNIÃO ARARUAMA DE ENSINO S/S Ltda.,RJ,Araruama,3,0,3
2477,2022,12430,FACULDADE METROPOLITANA SÃO CARLOS BJI,RJ,Bom Jesus do Itabapoana,43,21,23
2494,2022,13631,"Faculdade de Ciências, Educação, Saúde, Pesquisa e Gestão",RJ,São Fidélis,694,48,257
2585,2022,17738,Faculdade Cesgranrio,RJ,Rio de Janeiro,50,17,18
2629,2022,19588,Faculdade de Educação Tecnológica do Estado do Rio de Janeiro,RJ,Duque de Caxias,121,55,12
2678,2022,22116,Faculdade de Miguel Pereira,RJ,Miguel Pereira,12,0,3
2681,2022,22266,Instituto de Desenvolvimento Tecnológico da FGV,RJ,Rio de Janeiro,339,268,66
2684,2022,22449,INSTITUTO SUPERIOR DE CIÊNCIAS DA SAÚDE CARLOS CHAGAS,RJ,Rio de Janeiro,19,14,0
2714,2022,23820,FACULDADE DESCOMPLICA,RJ,Rio de Janeiro,404,140,184
2722,2022,24700,Faculdade Instituto Rio de Janeiro,RJ,Rio de Janeiro,13,22,0
906,2021,15,UNIVERSIDADE CATÓLICA DE PETRÓPOLIS,RJ,Petrópolis,0,0,0
930,2021,140,UNIVERSIDADE DE VASSOURAS,RJ,Vassouras,65,41,29
936,2021,163,UNIVERSIDADE ESTÁCIO DE SÁ,RJ,Rio de Janeiro,50271,38585,9798
937,2021,165,UNIVERSIDADE VEIGA DE ALMEIDA,RJ,Rio de Janeiro,1564,1167,273
939,2021,176,UNIVERSIDADE CASTELO BRANCO,RJ,Rio de Janeiro,565,13,205
943,2021,220,FACULDADE SÃO JUDAS TADEU,RJ,Rio de Janeiro,33,19,7
954,2021,277,CENTRO UNIVERSITÁRIO AUGUSTO MOTTA,RJ,Rio de Janeiro,1044,601,270
955,2021,278,FACULDADES INTEGRADAS SIMONSEN,RJ,Rio de Janeiro,17,2,8
962,2021,330,UNIVERSIDADE IGUAÇU,RJ,Nova Iguaçu,504,422,138
1002,2021,472,UNIVERSIDADE DO GRANDE RIO PROFESSOR JOSÉ DE SOUZA HERDY,RJ,Duque de Caxias,1378,970,443
1003,2021,473,"FACULDADE DE CIÊNCIAS ECONÔMICAS, ADMINISTRATIVAS E DA COMPUTAÇÃO DOM BOSCO",RJ,Resende,64,32,29
1007,2021,490,CENTRO UNIVERSITÁRIO DE VALENÇA,RJ,Valença,308,316,50
1013,2021,514,CENTRO UNIVERSITÁRIO DE BARRA MANSA,RJ,Barra Mansa,70,50,11
1014,2021,515,Centro Universitário Anhanguera Pitágoras Unopar de Niterói,RJ,Niterói,418,495,33
1018,2021,522,CENTRO UNIVERSITÁRIO CELSO LISBOA,RJ,Rio de Janeiro,303,327,135
1027,2021,572,UNIVERSIDADE FEDERAL FLUMINENSE,RJ,Niterói,291,105,32
1044,2021,663,UNIVERSIDADE SALGADO DE OLIVEIRA,RJ,São Gonçalo,165,147,53
1052,2021,677,Faculdades Reunidas da ASCE,RJ,Rio de Janeiro,84,0,29
1056,2021,705,CENTRO UNIVERSITÁRIO SÃO JOSÉ,RJ,Rio de Janeiro,65,21,25
1058,2021,712,CENTRO UNIVERSITÁRIO IBMR,RJ,Rio de Janeiro,1327,1147,70
1071,2021,802,CENTRO UNIVERSITÁRIO UNICARIOCA,RJ,Rio de Janeiro,845,331,150
1101,2021,1080,CENTRO UNIVERSITÁRIO ARTHUR SÁ EARP NETO,RJ,Petrópolis,3,0,1
1113,2021,1141,CENTRO UNIVERSITÁRIO GAMA E SOUZA,RJ,Rio de Janeiro,31,15,10
1116,2021,1153,UNIVERSIDADE CÂNDIDO MENDES,RJ,Rio de Janeiro,1119,942,131
1184,2021,1488,FACULDADE LUSÓFONA DO RIO DE JANEIRO,RJ,São Gonçalo,27,19,5
1200,2021,1542,CENTRO UNIVERSITÁRIO GERALDO DI BIASE,RJ,Volta Redonda,106,42,38
1207,2021,1564,FACULDADE SUL FLUMINENSE,RJ,Volta Redonda,74,24,40
1282,2021,1851,ESCOLA BRASILEIRA DE ADMINISTRAÇÃO PÚBLICA E DE EMPRESAS,RJ,Rio de Janeiro,118,0,86
1362,2021,2565,ABEU - CENTRO UNIVERSITÁRIO,RJ,Belford Roxo,115,71,41
1364,2021,2571,CENTRO UNIVERSITÁRIO REDENTOR,RJ,Itaperuna,18,0,2
1394,2021,3163,"INSTITUTO FEDERAL DE EDUCAÇÃO, CIÊNCIA E TECNOLOGIA DO RIO DE JANEIRO",RJ,Rio de Janeiro,215,72,23
1411,2021,3332,FACULDADE DE TECNOLOGIA SENAC RIO,RJ,Rio de Janeiro,45,49,14
1443,2021,3876,Faculdade Unyleya,RJ,Rio de Janeiro,2730,1141,482
1469,2021,4030,CENTRO UNIVERSITÁRIO FLUMINENSE,RJ,Campos dos Goytacazes,12,6,6
1545,2021,5052,FACULDADE DE EDUCAÇÃO TECNOLÓGICA DO ESTADO DO RIO DE JANEIRO - FAETERJ,RJ,Três Rios,180,15,14
1546,2021,5105,Centro Universitário Internacional Signorelli,RJ,Rio de Janeiro,198,43,27
1569,2021,10836,FACULDADE UNIÃO ARARUAMA DE ENSINO S/S Ltda.,RJ,Araruama,7,2,5
1579,2021,12430,FACULDADE METROPOLITANA SÃO CARLOS BJI,RJ,Bom Jesus do Itabapoana,40,12,7
1596,2021,13631,"Faculdade de Ciências, Educação, Saúde, Pesquisa e Gestão",RJ,São Fidélis,1153,1,495
1688,2021,17738,Faculdade Cesgranrio,RJ,Rio de Janeiro,49,28,11
1733,2021,19588,Faculdade de Educação Tecnológica do Estado do Rio de Janeiro,RJ,Duque de Caxias,75,36,0
1780,2021,22116,Faculdade de Miguel Pereira,RJ,Miguel Pereira,55,20,30
1782,2021,22266,Instituto de Desenvolvimento Tecnológico da FGV,RJ,Rio de Janeiro,238,277,0
1784,2021,22449,INSTITUTO SUPERIOR DE CIÊNCIAS DA SAÚDE CARLOS CHAGAS,RJ,Rio de Janeiro,7,7,0
1807,2021,23820,FACULDADE DESCOMPLICA,RJ,Rio de Janeiro,398,240,0
4,2020,15,UNIVERSIDADE CATÓLICA DE PETRÓPOLIS,RJ,Petrópolis,4,0,3
28,2020,140,UNIVERSIDADE DE VASSOURAS,RJ,Vassouras,34,0,1
34,2020,163,UNIVERSIDADE ESTÁCIO DE SÁ,RJ,Rio de Janeiro,41999,31169,9240
35,2020,165,UNIVERSIDADE VEIGA DE ALMEIDA,RJ,Rio de Janeiro,1008,442,257
37,2020,176,UNIVERSIDADE CASTELO BRANCO,RJ,Rio de Janeiro,645,77,35
40,2020,220,FACULDADE SÃO JUDAS TADEU,RJ,Rio de Janeiro,36,13,10
45,2020,240,UNIVERSIDADE SANTA ÚRSULA,RJ,Rio de Janeiro,2,0,2
52,2020,277,CENTRO UNIVERSITÁRIO AUGUSTO MOTTA,RJ,Rio de Janeiro,879,324,251
53,2020,278,FACULDADES INTEGRADAS SIMONSEN,RJ,Rio de Janeiro,24,8,6
54,2020,279,FACULDADES INTEGRADAS HÉLIO ALONSO,RJ,Rio de Janeiro,0,0,0
61,2020,330,UNIVERSIDADE IGUAÇU,RJ,Nova Iguaçu,401,60,233
101,2020,472,UNIVERSIDADE DO GRANDE RIO PROFESSOR JOSÉ DE SOUZA HERDY,RJ,Duque de Caxias,1349,744,472
102,2020,473,"FACULDADE DE CIÊNCIAS ECONÔMICAS, ADMINISTRATIVAS E DA COMPUTAÇÃO DOM BOSCO",RJ,Resende,79,50,32
106,2020,490,CENTRO UNIVERSITÁRIO DE VALENÇA,RJ,Valença,226,290,77
112,2020,514,CENTRO UNIVERSITÁRIO DE BARRA MANSA,RJ,Barra Mansa,27,29,0
113,2020,515,CENTRO UNIVERSITÁRIO ANHANGUERA DE NITERÓI,RJ,Niterói,171,79,123
117,2020,522,CENTRO UNIVERSITÁRIO CELSO LISBOA,RJ,Rio de Janeiro,225,152,173
125,2020,572,UNIVERSIDADE FEDERAL FLUMINENSE,RJ,Niterói,308,104,71
141,2020,663,UNIVERSIDADE SALGADO DE OLIVEIRA,RJ,São Gonçalo,148,101,45
149,2020,677,Faculdades Reunidas da ASCE,RJ,Rio de Janeiro,100,35,17
153,2020,705,CENTRO UNIVERSITÁRIO SÃO JOSÉ,RJ,Rio de Janeiro,51,24,0
155,2020,712,CENTRO UNIVERSITÁRIO IBMR,RJ,Rio de Janeiro,851,788,73
169,2020,802,CENTRO UNIVERSITÁRIO UNICARIOCA,RJ,Rio de Janeiro,939,705,134
200,2020,1080,CENTRO UNIVERSITÁRIO ARTHUR SÁ EARP NETO,RJ,Petrópolis,18,0,15
213,2020,1141,CENTRO UNIVERSITÁRIO GAMA E SOUZA,RJ,Rio de Janeiro,34,14,9
216,2020,1153,UNIVERSIDADE CÂNDIDO MENDES,RJ,Rio de Janeiro,617,470,3
285,2020,1488,FACULDADE LUSÓFONA DO RIO DE JANEIRO,RJ,São Gonçalo,24,16,4
301,2020,1542,CENTRO UNIVERSITÁRIO GERALDO DI BIASE,RJ,Volta Redonda,117,35,42
308,2020,1564,FACULDADE SUL FLUMINENSE,RJ,Volta Redonda,128,70,70
382,2020,1851,ESCOLA BRASILEIRA DE ADMINISTRAÇÃO PÚBLICA E DE EMPRESAS,RJ,Rio de Janeiro,240,41,112
466,2020,2565,ABEU - CENTRO UNIVERSITÁRIO,RJ,Belford Roxo,195,84,118
468,2020,2571,CENTRO UNIVERSITÁRIO REDENTOR,RJ,Itaperuna,31,3,1
498,2020,3163,"INSTITUTO FEDERAL DE EDUCAÇÃO, CIÊNCIA E TECNOLOGIA DO RIO DE JANEIRO",RJ,Rio de Janeiro,205,41,28
517,2020,3332,FACULDADE DE TECNOLOGIA SENAC RIO,RJ,Rio de Janeiro,43,0,28
550,2020,3876,Faculdade Unyleya,RJ,Rio de Janeiro,2583,1057,498
575,2020,4030,CENTRO UNIVERSITÁRIO FLUMINENSE,RJ,Campos dos Goytacazes,8,0,0
651,2020,5052,FACULDADE DE EDUCAÇÃO TECNOLÓGICA DO ESTADO DO RIO DE JANEIRO - FAETERJ,RJ,Três Rios,192,30,17
652,2020,5105,FACULDADE INTERNACIONAL SIGNORELLI,RJ,Rio de Janeiro,198,33,96
677,2020,10836,FACULDADE UNIÃO ARARUAMA DE ENSINO S/S Ltda.,RJ,Araruama,17,3,10
686,2020,12430,FACULDADE METROPOLITANA SÃO CARLOS BJI,RJ,Bom Jesus do Itabapoana,42,29,9
705,2020,13631,"Faculdade de Ciências, Educação, Saúde, Pesquisa e Gestão",RJ,São Fidélis,1091,1172,387
797,2020,17738,Faculdade Cesgranrio,RJ,Rio de Janeiro,53,27,18
880,2020,22116,Faculdade de Miguel Pereira,RJ,Miguel Pereira,105,23,44
882,2020,22266,Instituto de Desenvolvimento Tecnológico da FGV,RJ,Rio de Janeiro,125,175,0
892,2020,23026,Escola de Sargentos de Logística,RJ,Rio de Janeiro,79,79,0
900,2020,23820,FACULDADE DESCOMPLICA,RJ,Rio de Janeiro,195,356,0
3630,2024,9,UNIVERSIDADE ESTADUAL DE LONDRINA,PR,Londrina,62,0,0
3631,2024,10,PONTIFÍCIA UNIVERSIDADE CATÓLICA DO PARANÁ,PR,Curitiba,993,957,94
3651,2024,57,UNIVERSIDADE ESTADUAL DE MARINGÁ,PR,Maringá,83,3,0
3690,2024,298,Universidade Pitágoras Unopar Anhanguera,PR,Londrina,95899,75930,24654
3701,2024,355,UNIVERSIDADE TUIUTI DO PARANÁ,PR,Curitiba,154,98,34
3724,2024,430,CENTRO UNIVERSITÁRIO FILADÉLFIA,PR,Londrina,184,100,52
3726,2024,437,UNIVERSIDADE PARANAENSE,PR,Umuarama,812,499,152
3761,2024,571,UNIVERSIDADE FEDERAL DO PARANÁ,PR,Curitiba,200,81,32
3765,2024,588,UNIVERSIDADE TECNOLÓGICA FEDERAL DO PARANÁ,PR,Curitiba,15,30,0
3770,2024,609,UNIVERSIDADE ESTADUAL DO OESTE DO PARANÁ,PR,Cascavel,163,1,0
3777,2024,649,CENTRO UNIVERSITÁRIO DE UNIÃO DA VITÓRIA,PR,União da Vitória,3,0,0
3793,2024,715,FAE CENTRO UNIVERSITÁRIO,PR,Curitiba,62,41,14
3798,2024,730,UNIVERSIDADE ESTADUAL DE PONTA GROSSA,PR,Ponta Grossa,214,50,0
3812,2024,918,CENTRO UNIVERSITÁRIO UNIVEL,PR,Cascavel,202,159,40
3826,2024,1042,UNIVERSIDADE POSITIVO,PR,Curitiba,2264,1798,286
3834,2024,1078,CENTRO UNIVERSITÁRIO INTEGRADO DE CAMPO MOURÃO,PR,Campo Mourão,367,205,68
3835,2024,1079,FACULDADE MARINGÁ,PR,Maringá,1,1,0
3843,2024,1126,UNIVERSIDADE ESTADUAL DO CENTRO OESTE,PR,Guarapuava,142,0,0
3856,2024,1196,UNIVERSIDADE CESUMAR,PR,Maringá,50391,50171,7224
3857,2024,1205,CENTRO UNIVERSITÁRIO FAEL,PR,Lapa,8704,3870,1775
3860,2024,1232,CENTRO UNIVERSITÁRIO CAMPOS DE ANDRADE,PR,Curitiba,87,21,33
3873,2024,1336,CENTRO UNIVERSITÁRIO ASSIS GURGACZ,PR,Cascavel,271,165,94
3886,2024,1396,Centro Universitário Dinâmica das Cataratas,PR,Foz do Iguaçu,27,14,9
3887,2024,1400,Centro Universitário SENAI Paraná,PR,São José dos Pinhais,228,71,43
3890,2024,1419,CENTRO UNIVERSITÁRIO CURITIBA,PR,Curitiba,17,12,2
3893,2024,1430,CENTRO UNIVERSITÁRIO INGÁ,PR,Maringá,1845,1290,321
3904,2024,1487,CENTRO UNIVERSITÁRIO UNIDOM - BOSCO,PR,Curitiba,2562,1667,291
3907,2024,1491,CENTRO UNIVERSITÁRIO INTERNACIONAL,PR,Curitiba,31525,18314,5030
3912,2024,1508,Centro Universitário Metropolitano de Maringá,PR,Maringá,511,403,115
3915,2024,1519,CENTRO UNIVERSITÁRIO DE PATO BRANCO,PR,Pato Branco,0,0,0
3917,2024,1535,Centro Universitário de Pinhais,PR,Pinhais,68,43,29
3918,2024,1536,Centro Universitário UNIFATEB,PR,Telêmaco Borba,22,32,0
3927,2024,1574,FACULDADE EDUCACIONAL DE MEDIANEIRA,PR,Medianeira,5,0,4
3934,2024,1612,Faculdade Assis Gurgacz,PR,Toledo,69,40,36
3935,2024,1615,INSTITUTO SUPERIOR DO LITORAL DO PARANÁ,PR,Paranaguá,28,27,2
3952,2024,1716,Centro Universitário União das Américas Descomplica,PR,Foz do Iguaçu,1114,482,466
3957,2024,1726,CENTRO UNIVERSITÁRIO SANTA AMÉLIA,PR,Ponta Grossa,32,33,3
3963,2024,1759,Gran Centro Universitário,PR,Curitiba,6602,4688,44
3992,2024,1856,FACULDADE DO NORTE NOVO DE APUCARANA,PR,Apucarana,35,21,11
3994,2024,1872,CENTRO UNIVERSITÁRIO SANTA CRUZ DE CURITIBA,PR,Curitiba,445,218,109
3996,2024,1879,Centro Universitário UNIFACEAR,PR,Araucária,339,189,82
4001,2024,1900,"Centro Universitário de Ensino, Ciência e Tecnologia do Paraná",PR,Curitiba,532,37,35
4002,2024,1907,FACULDADE EDUCACIONAL DE COLOMBO,PR,Colombo,25,11,5
4066,2024,2799,FANEESP - FACULDADE NACIONAL DE EDUCAÇÃO E ENSINO SUPERIOR DO PARANÁ,PR,Araucária,5,3,3
4067,2024,2808,FACULDADES ITECNE DE CASCAVEL,PR,Cascavel,2,2,0
4087,2024,3193,FACULDADES INTEGRADAS DOS CAMPOS GERAIS,PR,Ponta Grossa,1,0,0
4088,2024,3232,FI - FACULDADE IGUAÇU,PR,Capanema,22,0,6
4110,2024,3602,CENTRO UNIVERSITÁRIO AUTÔNOMO DO BRASIL,PR,Curitiba,132,110,16
4113,2024,3649,CENTRO UNIVERSITÁRIO CIDADE VERDE,PR,Maringá,7190,4221,987
4119,2024,3797,CENTRO UNIVERSITÁRIO GUAIRACÁ,PR,Guarapuava,27,27,4
4136,2024,3986,FACULDADE INSTITUTO SUPERIOR DE EDUCAÇÃO DO PARANÁ - FAINSEP,PR,Maringá,3,0,3
4139,2024,4009,FACULDADE DE TECNOLOGIA ESTÁCIO DE CURITIBA,PR,Curitiba,39,14,27
4149,2024,4045,Centro Universitário UniCuritiba,PR,Curitiba,10,10,0
4153,2024,4093,Centro Universitário de Tecnologia de Curitiba,PR,Curitiba,95,62,25
4166,2024,4330,FACULDADE EFICAZ,PR,Maringá,25,0,5
4171,2024,4496,FACULDADE DE TECNOLOGIA DO VALE DO IVAÍ,PR,Ivaiporã,69,16,31
4183,2024,4661,UNIBF CENTRO UNIVERSITÁRIO,PR,Paraíso do Norte,1600,958,189
4191,2024,4751,CENTRO UNIVERSITÁRIO UNIFATECIE,PR,Paranavaí,9392,3241,752
4192,2024,4765,FACULDADE ALFA UMUARAMA,PR,Umuarama,67,34,29
4200,2024,4922,FACULDADE INTEGRADA DAS CATARATAS eJOVEM,PR,Foz do Iguaçu,21,15,3
4207,2024,5025,Faculdade Unina,PR,Curitiba,1648,401,346
4220,2024,5403,CENTRO UNIVERSITÁRIO OPET,PR,Curitiba,420,332,62
4230,2024,10349,FACULDADE DE TECNOLOGIA IPPEO,PR,Curitiba,11,3,1
4235,2024,11818,Faculdade Inspirar,PR,Curitiba,4,3,3
4242,2024,12766,FACULDADE UNIÃO DE CAMPO MOURÃO,PR,Campo Mourão,1,0,1
4259,2024,13775,FACULDADE DE TECNOLOGIA IBRATE,PR,Curitiba,10,10,0
4268,2024,14403,CENTRO UNIVERSITÁRIO DO PARANÁ,PR,Curitiba,119,67,32
4273,2024,14724,"INSTITUTO FEDERAL DE EDUCAÇÃO, CIÊNCIA E TECNOLOGIA DO PARANÁ",PR,Curitiba,525,237,52
4276,2024,15015,Universidade Estadual do Norte do Paraná,PR,Jacarezinho,104,0,2
4328,2024,17420,FACULDADE CESUMAR DE PONTA GROSSA,PR,Ponta Grossa,17,20,7
4330,2024,17590,Faculdade ISAE BRASIL,PR,Curitiba,181,45,61
4334,2024,17632,Faculdade CESUMAR de Londrina,PR,Londrina,21,22,3
4356,2024,18492,Universidade Estadual do Paraná,PR,Paranavaí,16,0,0
4368,2024,19251,FACULDADE PÓLIS CIVITAS,PR,Curitiba,18,7,2
4378,2024,19563,Faculdade UMFG,PR,Cianorte,35,26,6
4398,2024,20541,FACULDADE UNISE,PR,Campo Largo,19,18,2
4402,2024,21108,Faculdade São Judas de Terra Boa,PR,Terra Boa,0,0,0
4413,2024,21577,Faculdade Focus,PR,Cascavel,532,486,25
4456,2024,22660,FACULDADE UNYPUBLICA,PR,Curitiba,111,29,59
4484,2024,23799,FACULDADE EXATA EDUCACIONAL,PR,Curitiba,344,307,18
4501,2024,24553,FACULDADE VINCIT,PR,Maringá,18,19,0
4502,2024,24677,Faculdade FaCiencia,PR,Curitiba,38,19,0
4503,2024,24689,Faculdade Brasiliana,PR,Curitiba,24,0,0
4507,2024,24979,Instituto Brasil de Ensino Superior,PR,Ponta Grossa,15,0,0
4515,2024,25647,Faculdade FANORPI Bandeirantes,PR,Bandeirantes,0,0,0
2726,2023,9,UNIVERSIDADE ESTADUAL DE LONDRINA,PR,Londrina,97,103,0
2727,2023,10,PONTIFÍCIA UNIVERSIDADE CATÓLICA DO PARANÁ,PR,Curitiba,677,950,91
2747,2023,57,UNIVERSIDADE ESTADUAL DE MARINGÁ,PR,Maringá,129,129,0
2787,2023,298,Universidade Pitágoras Unopar Anhanguera,PR,Londrina,93893,74358,28462
2798,2023,355,UNIVERSIDADE TUIUTI DO PARANÁ,PR,Curitiba,174,147,3
2821,2023,430,CENTRO UNIVERSITÁRIO FILADÉLFIA,PR,Londrina,230,183,51
2823,2023,437,UNIVERSIDADE PARANAENSE,PR,Umuarama,706,419,148
2856,2023,571,UNIVERSIDADE FEDERAL DO PARANÁ,PR,Curitiba,175,52,17
2865,2023,609,UNIVERSIDADE ESTADUAL DO OESTE DO PARANÁ,PR,Cascavel,221,169,52
2872,2023,649,CENTRO UNIVERSITÁRIO DE UNIÃO DA VITÓRIA,PR,União da Vitória,8,8,1
2888,2023,715,FAE CENTRO UNIVERSITÁRIO,PR,Curitiba,68,57,19
2894,2023,730,UNIVERSIDADE ESTADUAL DE PONTA GROSSA,PR,Ponta Grossa,292,246,33
2901,2023,810,CENTRO TÉCNICO-EDUCACIONAL SUPERIOR DO OESTE PARANAENSE,PR,Assis Chateaubriand,0,0,0
2910,2023,918,CENTRO UNIVERSITÁRIO UNIVEL,PR,Cascavel,247,188,64
2922,2023,1042,UNIVERSIDADE POSITIVO,PR,Curitiba,1847,1606,333
2930,2023,1078,CENTRO UNIVERSITÁRIO INTEGRADO DE CAMPO MOURÃO,PR,Campo Mourão,404,257,71
2931,2023,1079,FACULDADE MARINGÁ,PR,Maringá,6,0,6
2940,2023,1126,UNIVERSIDADE ESTADUAL DO CENTRO OESTE,PR,Guarapuava,141,152,0
2953,2023,1196,UNIVERSIDADE CESUMAR,PR,Maringá,46271,40744,5844
2954,2023,1205,CENTRO UNIVERSITÁRIO FAEL,PR,Lapa,7228,3854,1895
2957,2023,1232,CENTRO UNIVERSITÁRIO CAMPOS DE ANDRADE,PR,Curitiba,164,56,41
2971,2023,1336,CENTRO UNIVERSITÁRIO ASSIS GURGACZ,PR,Cascavel,345,230,83
2985,2023,1396,Centro Universitário Dinâmica das Cataratas,PR,Foz do Iguaçu,35,15,13
2986,2023,1400,Centro Universitário SENAI Paraná,PR,São José dos Pinhais,279,192,34
2989,2023,1419,CENTRO UNIVERSITÁRIO CURITIBA,PR,Curitiba,7,12,1
2993,2023,1430,CENTRO UNIVERSITÁRIO INGÁ,PR,Maringá,2144,1564,573
3004,2023,1487,CENTRO UNIVERSITÁRIO UNIDOM - BOSCO,PR,Curitiba,2433,2353,75
3007,2023,1491,CENTRO UNIVERSITÁRIO INTERNACIONAL,PR,Curitiba,30259,18747,5565
3012,2023,1508,Centro Universitário Metropolitano de Maringá,PR,Maringá,515,457,106
3015,2023,1519,CENTRO UNIVERSITÁRIO DE PATO BRANCO,PR,Pato Branco,16,19,0
3017,2023,1535,Faculdade de Pinhais,PR,Pinhais,84,47,27
3026,2023,1574,FACULDADE EDUCACIONAL DE MEDIANEIRA,PR,Medianeira,6,0,0
3033,2023,1612,Faculdade Assis Gurgacz,PR,Toledo,46,34,18
3034,2023,1615,INSTITUTO SUPERIOR DO LITORAL DO PARANÁ,PR,Paranaguá,26,8,17
3054,2023,1716,Centro Universitário União das Américas Descomplica,PR,Foz do Iguaçu,1223,832,266
3058,2023,1726,CENTRO UNIVERSITÁRIO SANTA AMÉLIA,PR,Ponta Grossa,4,4,0
3064,2023,1759,Gran Centro Universitário,PR,Curitiba,3475,5000,55
3096,2023,1856,FACULDADE DO NORTE NOVO DE APUCARANA,PR,Apucarana,41,20,15
3098,2023,1872,CENTRO UNIVERSITÁRIO SANTA CRUZ DE CURITIBA,PR,Curitiba,421,304,37
3099,2023,1879,Centro Universitário UNIFACEAR,PR,Araucária,272,177,60
3106,2023,1900,"Centro Universitário de Ensino, Ciência e Tecnologia do Paraná",PR,Curitiba,587,98,65
3107,2023,1907,FACULDADE EDUCACIONAL DE COLOMBO,PR,Colombo,28,23,5
3115,2023,1939,INSTITUTO DE ENSINO SUPERIOR DE LONDRINA - INESUL,PR,Londrina,3,0,3
3136,2023,2160,FACULDADE SANT ANA,PR,Ponta Grossa,3,0,3
3180,2023,2799,FANEESP - FACULDADE NACIONAL DE EDUCAÇÃO E ENSINO SUPERIOR DO PARANÁ,PR,Araucária,7,2,0
3181,2023,2808,FACULDADES ITECNE DE CASCAVEL,PR,Cascavel,1,1,0
3202,2023,3193,FACULDADES INTEGRADAS DOS CAMPOS GERAIS,PR,Ponta Grossa,7,1,6
3203,2023,3232,FI - FACULDADE IGUAÇU,PR,Capanema,34,34,2
3226,2023,3602,CENTRO UNIVERSITÁRIO AUTÔNOMO DO BRASIL,PR,Curitiba,60,44,11
3230,2023,3649,CENTRO UNIVERSITÁRIO CIDADE VERDE,PR,Maringá,5771,3558,1177
3236,2023,3797,CENTRO UNIVERSITÁRIO GUAIRACÁ,PR,Guarapuava,15,1,8
3252,2023,3986,FACULDADE INSTITUTO SUPERIOR DE EDUCAÇÃO DO PARANÁ - FAINSEP,PR,Maringá,13,17,5
3256,2023,4009,FACULDADE DE TECNOLOGIA ESTÁCIO DE CURITIBA,PR,Curitiba,66,43,12
3265,2023,4045,Centro Universitário UniCuritiba,PR,Curitiba,10,9,0
3269,2023,4093,Centro Universitário de Tecnologia de Curitiba,PR,Curitiba,50,34,4
3284,2023,4330,FACULDADE EFICAZ,PR,Maringá,31,47,6
3291,2023,4496,FACULDADE DE TECNOLOGIA DO VALE DO IVAÍ,PR,Ivaiporã,39,20,16
3304,2023,4661,FACULDADE UNIBF,PR,Paraíso do Norte,901,848,23
3311,2023,4751,CENTRO UNIVERSITÁRIO UNIFATECIE,PR,Paranavaí,9599,4332,1220
3312,2023,4765,FACULDADE ALFA UMUARAMA,PR,Umuarama,60,30,21
3322,2023,4922,FACULDADE INTEGRADA DAS CATARATAS eJOVEM,PR,Foz do Iguaçu,17,14,2
3329,2023,5025,Faculdade Unina,PR,Curitiba,1370,562,17
3341,2023,5403,CENTRO UNIVERSITÁRIO OPET,PR,Curitiba,295,179,55
3352,2023,10349,FACULDADE DE TECNOLOGIA IPPEO,PR,Curitiba,13,6,5
3356,2023,11818,Faculdade Inspirar,PR,Curitiba,29,6,16
3363,2023,12766,FACULDADE UNIÃO DE CAMPO MOURÃO,PR,Campo Mourão,13,0,10
3378,2023,13749,FACULDADE EDUCACIONAL ARAUCÁRIA,PR,Curitiba,23,5,11
3379,2023,13775,FACULDADE DE TECNOLOGIA IBRATE,PR,Curitiba,7,0,7
3390,2023,14403,CENTRO UNIVERSITÁRIO DO PARANÁ,PR,Curitiba,115,74,26
3396,2023,14724,"INSTITUTO FEDERAL DE EDUCAÇÃO, CIÊNCIA E TECNOLOGIA DO PARANÁ",PR,Curitiba,481,203,62
3402,2023,15015,Universidade Estadual do Norte do Paraná,PR,Jacarezinho,248,112,52
3452,2023,17420,FACULDADE CESUMAR DE PONTA GROSSA,PR,Ponta Grossa,16,19,1
3454,2023,17590,Faculdade ISAE BRASIL,PR,Curitiba,310,159,133
3458,2023,17632,Faculdade CESUMAR de Londrina,PR,Londrina,19,18,2
3481,2023,18492,Universidade Estadual do Paraná,PR,Paranavaí,36,36,0
3493,2023,19251,FACULDADE PÓLIS CIVITAS,PR,Curitiba,20,3,2
3503,2023,19563,Faculdade UMFG,PR,Cianorte,16,36,0
3522,2023,20541,FACULDADE UNISE,PR,Campo Largo,12,15,0
3526,2023,21108,Faculdade São Judas de Terra Boa,PR,Terra Boa,0,0,0
3538,2023,21577,Faculdade Focus,PR,Cascavel,227,183,2
3574,2023,22660,FACULDADE UNYPUBLICA,PR,Curitiba,101,46,0
3598,2023,23799,FACULDADE EXATA EDUCACIONAL,PR,Curitiba,54,54,0
3611,2023,24677,Faculdade FaCiencia,PR,Curitiba,26,37,0
3612,2023,24689,Faculdade Brasiliana,PR,Curitiba,26,16,0
3616,2023,24979,Instituto Brasil de Ensino Superior,PR,Ponta Grossa,17,23,0
3623,2023,25647,Faculdade FANORPI Bandeirantes,PR,Bandeirantes,1,4,0
1810,2022,10,PONTIFÍCIA UNIVERSIDADE CATÓLICA DO PARANÁ,PR,Curitiba,1019,865,68
1868,2022,298,Universidade Pitágoras Unopar Anhanguera,PR,Londrina,85651,87615,14055
1879,2022,355,UNIVERSIDADE TUIUTI DO PARANÁ,PR,Curitiba,95,100,20
1902,2022,430,CENTRO UNIVERSITÁRIO FILADÉLFIA,PR,Londrina,185,191,22
1904,2022,437,UNIVERSIDADE PARANAENSE,PR,Umuarama,1687,846,199
1936,2022,571,UNIVERSIDADE FEDERAL DO PARANÁ,PR,Curitiba,213,48,64
1945,2022,609,UNIVERSIDADE ESTADUAL DO OESTE DO PARANÁ,PR,Cascavel,52,0,52
1952,2022,649,CENTRO UNIVERSITÁRIO DE UNIÃO DA VITÓRIA,PR,União da Vitória,2,0,1
1969,2022,715,FAE CENTRO UNIVERSITÁRIO,PR,Curitiba,57,51,11
1974,2022,730,UNIVERSIDADE ESTADUAL DE PONTA GROSSA,PR,Ponta Grossa,135,0,76
1982,2022,810,CENTRO TÉCNICO-EDUCACIONAL SUPERIOR DO OESTE PARANAENSE,PR,Assis Chateaubriand,14,1,14
1990,2022,918,CENTRO UNIVERSITÁRIO UNIVEL,PR,Cascavel,293,203,81
2001,2022,1042,UNIVERSIDADE POSITIVO,PR,Curitiba,1532,981,421
2010,2022,1078,CENTRO UNIVERSITÁRIO INTEGRADO DE CAMPO MOURÃO,PR,Campo Mourão,289,285,35
2011,2022,1079,FACULDADE MARINGÁ,PR,Maringá,18,11,8
2033,2022,1196,UNIVERSIDADE CESUMAR,PR,Maringá,46037,36772,6241
2034,2022,1205,CENTRO UNIVERSITÁRIO FAEL,PR,Lapa,8941,5663,1136
2038,2022,1232,CENTRO UNIVERSITÁRIO CAMPOS DE ANDRADE,PR,Curitiba,192,69,49
2043,2022,1258,FACULDADE ANHANGUERA DE CASCAVEL,PR,Cascavel,2,0,2
2053,2022,1336,CENTRO UNIVERSITÁRIO ASSIS GURGACZ,PR,Cascavel,263,224,43
2069,2022,1396,Centro Universitário Dinâmica das Cataratas,PR,Foz do Iguaçu,48,15,16
2070,2022,1400,Centro Universitário da Indústria,PR,São José dos Pinhais,207,83,64
2074,2022,1419,CENTRO UNIVERSITÁRIO CURITIBA,PR,Curitiba,2,2,0
2078,2022,1430,CENTRO UNIVERSITÁRIO INGÁ,PR,Maringá,1921,926,362
2090,2022,1487,CENTRO UNIVERSITÁRIO UNIDOM - BOSCO,PR,Curitiba,178,39,29
2093,2022,1491,CENTRO UNIVERSITÁRIO INTERNACIONAL,PR,Curitiba,29011,19523,5344
2100,2022,1508,Centro Universitário Metropolitano de Maringá,PR,Maringá,409,595,57
2104,2022,1535,Faculdade de Pinhais,PR,Pinhais,49,36,9
2115,2022,1574,FACULDADE EDUCACIONAL DE MEDIANEIRA,PR,Medianeira,17,5,0
2123,2022,1612,Faculdade Assis Gurgacz,PR,Toledo,36,42,11
2124,2022,1615,INSTITUTO SUPERIOR DO LITORAL DO PARANÁ,PR,Paranaguá,40,15,16
2145,2022,1716,Centro Universitário União das Américas Descomplica,PR,Foz do Iguaçu,796,645,50
2149,2022,1726,CENTRO UNIVERSITÁRIO SANTA AMÉLIA,PR,Ponta Grossa,7,1,5
2155,2022,1759,CENTRO UNIVERSITÁRIO PADRE JOÃO BAGOZZI,PR,Curitiba,207,88,37
2189,2022,1856,FACULDADE DO NORTE NOVO DE APUCARANA,PR,Apucarana,53,23,24
2191,2022,1872,CENTRO UNIVERSITÁRIO SANTA CRUZ DE CURITIBA,PR,Curitiba,378,392,50
2192,2022,1879,Centro Universitário UNIFACEAR,PR,Araucária,247,105,78
2198,2022,1900,"Centro Universitário de Ensino, Ciência e Tecnologia do Paraná",PR,Curitiba,685,235,172
2199,2022,1907,FACULDADE EDUCACIONAL DE COLOMBO,PR,Colombo,23,25,3
2207,2022,1939,INSTITUTO DE ENSINO SUPERIOR DE LONDRINA - INESUL,PR,Londrina,8,7,4
2232,2022,2160,FACULDADE SANT ANA,PR,Ponta Grossa,1,0,0
2279,2022,2799,FANEESP - FACULDADE NACIONAL DE EDUCAÇÃO E ENSINO SUPERIOR DO PARANÁ,PR,Araucária,7,6,1
2302,2022,3193,FACULDADES INTEGRADAS DOS CAMPOS GERAIS,PR,Ponta Grossa,7,0,0
2303,2022,3232,FI - FACULDADE IGUAÇU,PR,Capanema,4,2,0
2327,2022,3602,CENTRO UNIVERSITÁRIO AUTÔNOMO DO BRASIL,PR,Curitiba,63,23,19
2331,2022,3649,CENTRO UNIVERSITÁRIO CIDADE VERDE,PR,Maringá,4788,3380,1066
2337,2022,3797,CENTRO UNIVERSITÁRIO GUAIRACÁ,PR,Guarapuava,30,24,1
2356,2022,3986,FACULDADE INSTITUTO SUPERIOR DE EDUCAÇÃO DO PARANÁ - FAINSEP,PR,Maringá,26,0,21
2361,2022,4009,FACULDADE DE TECNOLOGIA ESTÁCIO DE CURITIBA,PR,Curitiba,69,69,13
2371,2022,4045,Centro Universitário UniCuritiba,PR,Curitiba,4,0,0
2375,2022,4093,Centro Universitário de Tecnologia de Curitiba,PR,Curitiba,27,33,0
2392,2022,4330,FACULDADE EFICAZ,PR,Maringá,15,13,4
2402,2022,4496,FACULDADE DE TECNOLOGIA DO VALE DO IVAÍ,PR,Ivaiporã,42,26,17
2416,2022,4661,FACULDADE UNIBF,PR,Paraíso do Norte,92,20,24
2424,2022,4751,CENTRO UNIVERSITÁRIO UNIFATECIE,PR,Paranavaí,5254,5776,0
2425,2022,4765,FACULDADE ALFA UMUARAMA,PR,Umuarama,45,29,14
2434,2022,4922,FACULDADE INTEGRADA DAS CATARATAS eJOVEM,PR,Foz do Iguaçu,10,0,8
2441,2022,5025,Faculdade Unina,PR,Curitiba,1121,638,196
2456,2022,5403,CENTRO UNIVERSITÁRIO OPET,PR,Curitiba,376,250,90
2466,2022,10349,FACULDADE DE TECNOLOGIA IPPEO,PR,Curitiba,12,3,4
2473,2022,11818,Faculdade Inspirar,PR,Curitiba,41,1,26
2476,2022,12268,FACULDADE DE TECNOLOGIA DE CRUZEIRO DO OESTE,PR,Cruzeiro do Oeste,3,0,3
2481,2022,12766,FACULDADE UNIÃO DE CAMPO MOURÃO,PR,Campo Mourão,31,12,16
2498,2022,13749,FACULDADE EDUCACIONAL ARAUCÁRIA,PR,Curitiba,26,4,5
2500,2022,13775,FACULDADE DE TECNOLOGIA IBRATE,PR,Curitiba,8,12,0
2514,2022,14403,CENTRO UNIVERSITÁRIO DO PARANÁ,PR,Curitiba,106,81,22
2520,2022,14724,"INSTITUTO FEDERAL DE EDUCAÇÃO, CIÊNCIA E TECNOLOGIA DO PARANÁ",PR,Curitiba,444,195,46
2527,2022,15015,Universidade Estadual do Norte do Paraná,PR,Jacarezinho,143,0,0
2576,2022,17420,FACULDADE CESUMAR DE PONTA GROSSA,PR,Ponta Grossa,7,6,1
2578,2022,17590,Faculdade ISAE BRASIL,PR,Curitiba,332,264,94
2582,2022,17632,Faculdade CESUMAR de Londrina,PR,Londrina,10,9,0
2616,2022,19251,FACULDADE PÓLIS CIVITAS,PR,Curitiba,21,14,0
2624,2022,19404,FACULDADE INTEGRADA CESUMAR DE CURITIBA,PR,Curitiba,0,0,0
2652,2022,21108,Faculdade São Judas de Terra Boa,PR,Terra Boa,1,0,1
2664,2022,21577,Faculdade Focus,PR,Cascavel,51,55,0
2696,2022,22660,FACULDADE UNYPUBLICA,PR,Curitiba,62,69,0
2721,2022,24689,Faculdade Bem Te Vi Ltda,PR,Curitiba,23,23,0
902,2021,10,PONTIFÍCIA UNIVERSIDADE CATÓLICA DO PARANÁ,PR,Curitiba,633,730,42
958,2021,298,Universidade Pitágoras Unopar Anhanguera,PR,Londrina,54662,46861,13685
969,2021,355,UNIVERSIDADE TUIUTI DO PARANÁ,PR,Curitiba,59,10,30
991,2021,430,CENTRO UNIVERSITÁRIO FILADÉLFIA,PR,Londrina,103,106,16
993,2021,437,UNIVERSIDADE PARANAENSE,PR,Umuarama,1380,699,111
1022,2021,535,"FUNDAÇÃO FACULDADE DE FILOSOFIA, CIÊNCIAS E LETRAS DE MANDAGUARI",PR,Mandaguari,4,0,4
1026,2021,571,UNIVERSIDADE FEDERAL DO PARANÁ,PR,Curitiba,253,61,15
1035,2021,609,UNIVERSIDADE ESTADUAL DO OESTE DO PARANÁ,PR,Cascavel,394,1,122
1042,2021,649,CENTRO UNIVERSITÁRIO DE UNIÃO DA VITÓRIA,PR,União da Vitória,4,0,0
1059,2021,715,FAE CENTRO UNIVERSITÁRIO,PR,Curitiba,67,50,25
1064,2021,730,UNIVERSIDADE ESTADUAL DE PONTA GROSSA,PR,Ponta Grossa,134,142,0
1072,2021,810,CENTRO TÉCNICO-EDUCACIONAL SUPERIOR DO OESTE PARANAENSE,PR,Assis Chateaubriand,25,14,10
1080,2021,918,CENTRO UNIVERSITÁRIO UNIVEL,PR,Cascavel,317,264,81
1090,2021,1042,UNIVERSIDADE POSITIVO,PR,Curitiba,1829,893,528
1099,2021,1078,CENTRO UNIVERSITÁRIO INTEGRADO DE CAMPO MOURÃO,PR,Campo Mourão,201,210,27
1100,2021,1079,FACULDADE MARINGÁ,PR,Maringá,49,0,42
1110,2021,1126,UNIVERSIDADE ESTADUAL DO CENTRO OESTE,PR,Guarapuava,0,0,0
1123,2021,1196,UNIVERSIDADE CESUMAR,PR,Maringá,33308,21282,7523
1124,2021,1205,CENTRO UNIVERSITÁRIO FAEL,PR,Lapa,18899,12793,5073
1128,2021,1232,CENTRO UNIVERSITÁRIO CAMPOS DE ANDRADE,PR,Curitiba,260,137,96
1133,2021,1258,FACULDADE DE CASCAVEL,PR,Cascavel,10,3,7
1146,2021,1336,CENTRO UNIVERSITÁRIO ASSIS GURGACZ,PR,Cascavel,147,148,8
1162,2021,1396,Centro Universitário Dinâmica das Cataratas,PR,Foz do Iguaçu,151,19,82
1163,2021,1400,FACULDADE DA INDÚSTRIA SÃO JOSÉ DOS PINHAIS,PR,São José dos Pinhais,227,163,54
1167,2021,1419,CENTRO UNIVERSITÁRIO CURITIBA,PR,Curitiba,2,0,2
1171,2021,1430,CENTRO UNIVERSITÁRIO INGÁ,PR,Maringá,2031,1973,176
1183,2021,1487,CENTRO UNIVERSITÁRIO UNIDOM - BOSCO,PR,Curitiba,272,139,75
1186,2021,1491,CENTRO UNIVERSITÁRIO INTERNACIONAL,PR,Curitiba,28392,20303,6249
1193,2021,1508,Centro Universitário Metropolitano de Maringá,PR,Maringá,413,330,57
1197,2021,1535,Faculdade de Pinhais,PR,Pinhais,81,10,62
1210,2021,1574,FACULDADE EDUCACIONAL DE MEDIANEIRA,PR,Medianeira,25,25,0
1218,2021,1612,Faculdade Assis Gurgacz,PR,Toledo,37,19,23
1219,2021,1615,INSTITUTO SUPERIOR DO LITORAL DO PARANÁ,PR,Paranaguá,48,20,17
1241,2021,1716,Centro Universitário União das Américas Descomplica,PR,Foz do Iguaçu,248,198,0
1245,2021,1726,CENTRO UNIVERSITÁRIO SANTA AMÉLIA,PR,Ponta Grossa,25,2,14
1251,2021,1759,FACULDADE PADRE JOÃO BAGOZZI,PR,Curitiba,148,33,40
1260,2021,1789,FACULDADE CATUAÍ,PR,Cambé,16,13,9
1285,2021,1856,FACULDADE DO NORTE NOVO DE APUCARANA,PR,Apucarana,67,4,29
1287,2021,1872,CENTRO UNIVERSITÁRIO SANTA CRUZ DE CURITIBA,PR,Curitiba,337,206,63
1288,2021,1879,Centro Universitário UNIFACEAR,PR,Araucária,293,114,113
1294,2021,1900,"Centro Universitário de Ensino, Ciência e Tecnologia do Paraná",PR,Curitiba,504,60,186
1295,2021,1907,FACULDADE EDUCACIONAL DE COLOMBO,PR,Colombo,23,6,17
1303,2021,1939,INSTITUTO DE ENSINO SUPERIOR DE LONDRINA - INESUL,PR,Londrina,9,7,4
1327,2021,2160,FACULDADE SANT ANA,PR,Ponta Grossa,13,0,10
1352,2021,2420,FACULDADE PARANAENSE,PR,Curitiba,3,0,3
1378,2021,2799,FANEESP - FACULDADE NACIONAL DE EDUCAÇÃO E ENSINO SUPERIOR DO PARANÁ,PR,Araucária,10,4,4
1402,2021,3193,FACULDADES INTEGRADAS DOS CAMPOS GERAIS,PR,Ponta Grossa,8,2,0
1403,2021,3232,FI - FACULDADE IGUAÇU,PR,Capanema,2,1,0
1426,2021,3602,CENTRO UNIVERSITÁRIO AUTÔNOMO DO BRASIL,PR,Curitiba,71,73,6
1430,2021,3649,CENTRO UNIVERSITÁRIO CIDADE VERDE,PR,Maringá,3757,3380,513
1434,2021,3797,CENTRO UNIVERSITÁRIO GUAIRACÁ,PR,Guarapuava,18,19,0
1455,2021,3986,FACULDADE INSTITUTO SUPERIOR DE EDUCAÇÃO DO PARANÁ - FAINSEP,PR,Maringá,36,2,8
1460,2021,4009,FACULDADE DE TECNOLOGIA ESTÁCIO DE CURITIBA,PR,Curitiba,103,59,38
1493,2021,4330,FACULDADE EFICAZ,PR,Maringá,35,10,20
1502,2021,4496,FACULDADE DE TECNOLOGIA DO VALE DO IVAÍ,PR,Ivaiporã,39,23,20
1518,2021,4661,FACULDADE UNIBF,PR,Paraíso do Norte,103,69,18
1525,2021,4751,CENTRO UNIVERSITÁRIO UNIFATECIE,PR,Paranavaí,1004,1055,0
1526,2021,4765,FACULDADE ALFA UMUARAMA,PR,Umuarama,44,17,24
1535,2021,4922,FACULDADE INTEGRADA DAS CATARATAS eJOVEM,PR,Foz do Iguaçu,31,12,14
1542,2021,5025,Faculdade Unina,PR,Curitiba,746,533,36
1557,2021,5403,CENTRO UNIVERSITÁRIO OPET,PR,Curitiba,613,416,163
1567,2021,10349,FACULDADE DE TECNOLOGIA IPPEO,PR,Curitiba,15,4,6
1574,2021,11818,Faculdade Inspirar,PR,Curitiba,58,0,0
1577,2021,12268,FACULDADE DE TECNOLOGIA DE CRUZEIRO DO OESTE,PR,Cruzeiro do Oeste,3,4,0
1583,2021,12766,FACULDADE UNIÃO DE CAMPO MOURÃO,PR,Campo Mourão,33,10,13
1600,2021,13749,FACULDADE EDUCACIONAL ARAUCÁRIA,PR,Curitiba,58,17,34
1602,2021,13775,FACULDADE DE TECNOLOGIA IBRATE,PR,Curitiba,11,0,11
1617,2021,14403,FACULDADE CESUMAR,PR,Curitiba,90,47,35
1623,2021,14724,"INSTITUTO FEDERAL DE EDUCAÇÃO, CIÊNCIA E TECNOLOGIA DO PARANÁ",PR,Curitiba,339,116,40
1630,2021,15015,Universidade Estadual do Norte do Paraná,PR,Jacarezinho,146,151,2
1680,2021,17420,FACULDADE CESUMAR DE PONTA GROSSA,PR,Ponta Grossa,9,6,2
1682,2021,17590,Faculdade ISAE BRASIL,PR,Curitiba,191,293,17
1686,2021,17632,Faculdade CESUMAR de Londrina,PR,Londrina,26,10,19
1722,2021,19251,FACULDADE PÓLIS CIVITAS,PR,Curitiba,7,7,0
1728,2021,19404,FACULDADE INTEGRADA CESUMAR DE CURITIBA,PR,Curitiba,1,0,1
1755,2021,21108,Faculdade São Judas de Terra Boa,PR,Terra Boa,9,0,8
1766,2021,21577,Faculdade Focus,PR,Cascavel,6,14,0
0,2020,10,PONTIFÍCIA UNIVERSIDADE CATÓLICA DO PARANÁ,PR,Curitiba,565,437,47
57,2020,298,UNIVERSIDADE PITÁGORAS UNOPAR,PR,Londrina,49111,42640,11847
68,2020,355,UNIVERSIDADE TUIUTI DO PARANÁ,PR,Curitiba,121,45,17
90,2020,430,CENTRO UNIVERSITÁRIO FILADÉLFIA,PR,Londrina,172,104,83
92,2020,437,UNIVERSIDADE PARANAENSE,PR,Umuarama,941,493,221
124,2020,571,UNIVERSIDADE FEDERAL DO PARANÁ,PR,Curitiba,229,104,14
132,2020,609,UNIVERSIDADE ESTADUAL DO OESTE DO PARANÁ,PR,Cascavel,497,248,88
139,2020,649,CENTRO UNIVERSITÁRIO DE UNIÃO DA VITÓRIA,PR,União da Vitória,7,8,0
156,2020,715,FAE CENTRO UNIVERSITÁRIO,PR,Curitiba,68,88,13
161,2020,730,UNIVERSIDADE ESTADUAL DE PONTA GROSSA,PR,Ponta Grossa,0,0,0
170,2020,810,CENTRO TÉCNICO-EDUCACIONAL SUPERIOR DO OESTE PARANAENSE,PR,Assis Chateaubriand,37,36,14
178,2020,918,CENTRO UNIVERSITÁRIO UNIVEL,PR,Cascavel,410,257,186
189,2020,1042,UNIVERSIDADE POSITIVO,PR,Curitiba,3038,1947,543
198,2020,1078,CENTRO UNIVERSITÁRIO INTEGRADO DE CAMPO MOURÃO,PR,Campo Mourão,87,76,16
199,2020,1079,FACULDADE MARINGÁ,PR,Maringá,72,37,15
210,2020,1126,UNIVERSIDADE ESTADUAL DO CENTRO OESTE,PR,Guarapuava,998,0,995
223,2020,1196,UNIVERSIDADE CESUMAR,PR,Maringá,27640,14618,6895
224,2020,1205,FACULDADE EDUCACIONAL DA LAPA,PR,Lapa,18040,10500,1772
228,2020,1232,CENTRO UNIVERSITÁRIO CAMPOS DE ANDRADE,PR,Curitiba,275,108,88
233,2020,1256,FACULDADE DOM BOSCO,PR,Cascavel,0,0,0
234,2020,1258,FACULDADE DE CASCAVEL,PR,Cascavel,61,29,44
248,2020,1336,CENTRO UNIVERSITÁRIO ASSIS GURGACZ,PR,Cascavel,74,37,26
264,2020,1396,Centro Universitário Dinâmica das Cataratas,PR,Foz do Iguaçu,158,64,2
265,2020,1400,FACULDADE DA INDÚSTRIA SÃO JOSÉ DOS PINHAIS,PR,São José dos Pinhais,240,144,141
272,2020,1430,CENTRO UNIVERSITÁRIO INGÁ,PR,Maringá,1470,1388,157
284,2020,1487,CENTRO UNIVERSITÁRIO UNIDOM - BOSCO,PR,Curitiba,107,16,20
287,2020,1491,CENTRO UNIVERSITÁRIO INTERNACIONAL,PR,Curitiba,29494,17546,8319
294,2020,1508,Centro Universitário Metropolitano de Maringá,PR,Maringá,257,142,61
298,2020,1535,Faculdade de Pinhais,PR,Pinhais,147,19,77
317,2020,1612,Faculdade Assis Gurgacz,PR,Toledo,50,46,22
318,2020,1615,INSTITUTO SUPERIOR DO LITORAL DO PARANÁ,PR,Paranaguá,61,33,24
321,2020,1632,FACULDADE PITÁGORAS DE LONDRINA,PR,Londrina,0,0,0
339,2020,1716,Centro Universitário União das Américas,PR,Foz do Iguaçu,62,62,0
343,2020,1726,CENTRO UNIVERSITÁRIO SANTA AMÉLIA,PR,Ponta Grossa,59,16,30
349,2020,1759,FACULDADE PADRE JOÃO BAGOZZI,PR,Curitiba,185,142,32
358,2020,1789,FACULDADE CATUAÍ,PR,Cambé,18,22,8
385,2020,1856,FACULDADE DO NORTE NOVO DE APUCARANA,PR,Apucarana,144,85,56
388,2020,1872,CENTRO UNIVERSITÁRIO SANTA CRUZ DE CURITIBA,PR,Curitiba,326,230,128
389,2020,1879,Centro Universitário UNIFACEAR,PR,Araucária,392,226,119
395,2020,1907,FACULDADE EDUCACIONAL DE COLOMBO,PR,Colombo,41,24,21
403,2020,1939,INSTITUTO DE ENSINO SUPERIOR DE LONDRINA - INESUL,PR,Londrina,15,8,10
427,2020,2160,FACULDADE SANT ANA,PR,Ponta Grossa,19,3,1
455,2020,2420,FACULDADE PARANAENSE,PR,Curitiba,24,8,21
462,2020,2513,Faculdade Positivo Londrina,PR,Londrina,0,0,0
481,2020,2799,FANEESP - FACULDADE NACIONAL DE EDUCAÇÃO E ENSINO SUPERIOR DO PARANÁ,PR,Araucária,20,8,7
507,2020,3193,FACULDADES INTEGRADAS DOS CAMPOS GERAIS,PR,Ponta Grossa,14,14,0
509,2020,3232,FI - FACULDADE IGUAÇU,PR,Capanema,1,1,0
532,2020,3602,CENTRO UNIVERSITÁRIO AUTÔNOMO DO BRASIL,PR,Curitiba,19,26,0
538,2020,3649,CENTRO UNIVERSITÁRIO CIDADE VERDE,PR,Maringá,2768,1982,889
561,2020,3986,FACULDADE INSTITUTO SUPERIOR DE EDUCAÇÃO DO PARANÁ - FAINSEP,PR,Maringá,59,36,21
565,2020,4009,FACULDADE DE TECNOLOGIA ESTÁCIO DE CURITIBA,PR,Curitiba,191,119,27
577,2020,4045,Centro Universitário UniCuritiba,PR,Curitiba,15,1,15
599,2020,4330,FACULDADE EFICAZ,PR,Maringá,32,39,12
608,2020,4496,FACULDADE DE TECNOLOGIA DO VALE DO IVAÍ,PR,Ivaiporã,39,26,16
623,2020,4661,FACULDADE UNIBF,PR,Paraíso do Norte,158,202,36
629,2020,4751,CENTRO UNIVERSITÁRIO UNIFATECIE,PR,Paranavaí,129,142,8
630,2020,4765,FACULDADE ALFA UMUARAMA,PR,Umuarama,71,30,39
641,2020,4922,FACULDADE INTEGRADA DAS CATARATAS,PR,Foz do Iguaçu,36,8,11
648,2020,5025,Faculdade Unina,PR,Curitiba,957,788,0
664,2020,5403,CENTRO UNIVERSITÁRIO OPET,PR,Curitiba,573,407,145
667,2020,5518,FACULDADE GUARAPUAVA,PR,Guarapuava,0,0,0
675,2020,10349,FACULDADE DE TECNOLOGIA IPPEO,PR,Curitiba,13,10,0
684,2020,12268,FACULDADE DE TECNOLOGIA DE CRUZEIRO DO OESTE,PR,Cruzeiro do Oeste,3,0,3
690,2020,12766,FACULDADE UNIÃO DE CAMPO MOURÃO,PR,Campo Mourão,77,27,35
707,2020,13677,FACULDADE DE TECNOLOGIA SENAI CIC,PR,Curitiba,0,0,0
710,2020,13749,FACULDADE EDUCACIONAL ARAUCÁRIA,PR,Curitiba,118,9,57
712,2020,13775,FACULDADE DE TECNOLOGIA IBRATE,PR,Curitiba,18,23,7
729,2020,14403,FACULDADE CESUMAR,PR,Curitiba,145,84,64
734,2020,14724,"INSTITUTO FEDERAL DE EDUCAÇÃO, CIÊNCIA E TECNOLOGIA DO PARANÁ",PR,Curitiba,319,155,14
741,2020,15015,Universidade Estadual do Norte do Paraná,PR,Jacarezinho,111,0,84
789,2020,17420,FACULDADE CESUMAR DE PONTA GROSSA,PR,Ponta Grossa,15,14,7
791,2020,17590,Faculdade ISAE BRASIL,PR,Curitiba,31,19,2
795,2020,17632,Faculdade CESUMAR de Londrina,PR,Londrina,46,31,18
827,2020,19251,FACULDADE PÓLIS CIVITAS,PR,Curitiba,15,0,9
836,2020,19404,FACULDADE INTEGRADA CESUMAR DE CURITIBA,PR,Curitiba,8,1,4
3629,2024,5,UNIVERSIDADE FEDERAL DO PIAUÍ,PI,Teresina,192,138,0
3811,2024,916,FACULDADE ESTÁCIO DE TERESINA,PI,Teresina,9,9,2
3844,2024,1131,CENTRO UNIVERSITÁRIO SANTO AGOSTINHO,PI,Teresina,11,11,0
3981,2024,1820,"INSTITUTO FEDERAL DE EDUCAÇÃO, CIÊNCIA E TECNOLOGIA DO PIAUÍ",PI,Teresina,237,87,66
4042,2024,2413,Centro Universitário Faesf,PI,Floriano,4,1,0
4405,2024,21240,FACULDADE UNIRB - PIAUÍ,PI,Teresina,2,2,0
2725,2023,5,UNIVERSIDADE FEDERAL DO PIAUÍ,PI,Teresina,128,116,0
2909,2023,916,FACULDADE ESTÁCIO DE TERESINA,PI,Teresina,10,3,4
2941,2023,1131,CENTRO UNIVERSITÁRIO SANTO AGOSTINHO,PI,Teresina,26,31,1
3083,2023,1820,"INSTITUTO FEDERAL DE EDUCAÇÃO, CIÊNCIA E TECNOLOGIA DO PIAUÍ",PI,Teresina,232,94,28
3157,2023,2413,FACULDADE DE ENSINO SUPERIOR DE FLORIANO,PI,Floriano,3,0,3
3531,2023,21240,FACULDADE UNIRB - PIAUÍ,PI,Teresina,0,0,0
1809,2022,5,UNIVERSIDADE FEDERAL DO PIAUÍ,PI,Teresina,61,62,0
1989,2022,916,FACULDADE ESTÁCIO DE TERESINA,PI,Teresina,24,8,10
2021,2022,1131,CENTRO UNIVERSITÁRIO SANTO AGOSTINHO,PI,Teresina,61,82,0
2176,2022,1820,"INSTITUTO FEDERAL DE EDUCAÇÃO, CIÊNCIA E TECNOLOGIA DO PIAUÍ",PI,Teresina,152,86,13
2253,2022,2413,FACULDADE DE ENSINO SUPERIOR DE FLORIANO,PI,Floriano,3,0,0
2657,2022,21240,FACULDADE UNIRB - PIAUÍ,PI,Teresina,4,0,2
1079,2021,916,FACULDADE ESTÁCIO DE TERESINA,PI,Teresina,37,8,9
1111,2021,1131,CENTRO UNIVERSITÁRIO SANTO AGOSTINHO,PI,Teresina,57,100,0
1206,2021,1563,CENTRO UNIVERSITÁRIO UNINOVAFAPI,PI,Teresina,6,0,6
1273,2021,1820,"INSTITUTO FEDERAL DE EDUCAÇÃO, CIÊNCIA E TECNOLOGIA DO PIAUÍ",PI,Teresina,316,78,62
1351,2021,2413,FACULDADE DE ENSINO SUPERIOR DE FLORIANO,PI,Floriano,4,3,0
1613,2021,14297,Faculdade Unirb - Parnaíba,PI,Parnaíba,0,0,0
1759,2021,21240,FACULDADE UNIRB - PIAUÍ,PI,Teresina,12,1,4
177,2020,916,FACULDADE ESTÁCIO DE TERESINA,PI,Teresina,61,35,14
211,2020,1131,CENTRO UNIVERSITÁRIO SANTO AGOSTINHO,PI,Teresina,20,35,0
307,2020,1563,CENTRO UNIVERSITÁRIO UNINOVAFAPI,PI,Teresina,21,2,11
372,2020,1820,"INSTITUTO FEDERAL DE EDUCAÇÃO, CIÊNCIA E TECNOLOGIA DO PIAUÍ",PI,Teresina,337,86,32
454,2020,2413,FACULDADE DE ENSINO SUPERIOR DE FLORIANO,PI,Floriano,4,4,0
725,2020,14297,Faculdade Unirb - Parnaíba,PI,Parnaíba,4,1,0
863,2020,21240,FACULDADE UNIRB - PIAUÍ,PI,Teresina,18,4,0
3632,2024,11,UNIVERSIDADE CATÓLICA DE PERNAMBUCO,PE,Recife,56,62,2
3667,2024,160,Centro Universitário Frassinetti do Recife,PE,Recife,75,45,29
3718,2024,405,FOCCA - FACULDADE DE OLINDA,PE,Olinda,14,3,5
3719,2024,409,UNIVERSIDADE DE PERNAMBUCO,PE,Recife,90,27,16
3787,2024,692,FACULDADE DE PETROLINA,PE,Petrolina,33,19,5
3789,2024,701,FACULDADES INTEGRADAS DE GARANHUNS,PE,Garanhuns,70,37,32
3821,2024,1021,FACULDADE DE CIÊNCIAS DE TIMBAÚBA,PE,Timbaúba,13,10,2
3833,2024,1077,Centro Universitário Estácio do Recife,PE,Recife,85,58,19
3845,2024,1136,FACULDADE UNIFACIG,PE,Igarassu,261,114,78
3863,2024,1255,Centro Universitário FBV Wyden,PE,Recife,621,442,146
3872,2024,1328,Centro Universitário Uninovo,PE,Olinda,205,88,74
3882,2024,1383,FACULDADE NOVO HORIZONTE DE IPOJUCA,PE,Ipojuca,61,22,16
3883,2024,1384,FACULDADE SANTA HELENA,PE,Recife,135,68,40
3945,2024,1675,FACULDADE METROPOLITANA DA GRANDE RECIFE,PE,Jaboatão dos Guararapes,135,69,42
3947,2024,1697,CENTRO UNIVERSITÁRIO FACOL,PE,Vitória de Santo Antão,40,0,29
3968,2024,1775,Centro Universitário Favip Wyden,PE,Caruaru,2513,1755,740
3973,2024,1805,CENTRO UNIVERSITÁRIO DOS GUARARAPES,PE,Jaboatão dos Guararapes,347,220,182
3975,2024,1809,"INSTITUTO FEDERAL DE EDUCAÇÃO, CIÊNCIA E TECNOLOGIA DE PERNAMBUCO",PE,Recife,393,178,24
3997,2024,1881,FACULDADE DA ESCADA,PE,Escada,45,12,20
4060,2024,2723,FACULDADE CATÓLICA IMACULADA CONCEIÇÃO DO RECIFE,PE,Recife,85,53,28
4069,2024,2835,CENTRO UNIVERSITÁRIO MAURÍCIO DE NASSAU,PE,Recife,12255,5847,1832
4106,2024,3515,CENTRO UNIVERSITÁRIO DA VITÓRIA DE SANTO ANTÃO,PE,Vitória de Santo Antão,90,54,35
4137,2024,3996,FACULDADE SENAC PERNAMBUCO,PE,Recife,56,42,23
4157,2024,4118,Centro Universitário Maurício de Nassau Paulista,PE,Paulista,7,0,7
4160,2024,4153,CENTRO UNIVERSITÁRIO MAURÍCIO DE NASSAU DERBY,PE,Recife,2523,2214,150
4167,2024,4356,FACULDADE DE CIÊNCIAS SOCIAIS DOS PALMARES,PE,Palmares,20,5,7
4186,2024,4700,FACULDADE NOVA ROMA,PE,Recife,0,0,0
4187,2024,4702,CENTRO UNIVERSITÁRIO BRASILEIRO,PE,Recife,906,393,143
4319,2024,17091,Faculdade CERS,PE,Recife,0,0,0
4321,2024,17116,Faculdade de Ciências de Goiana,PE,Goiana,56,15,19
4342,2024,18023,FACULDADE UNINASSAU PETROLINA,PE,Petrolina,0,0,0
4350,2024,18211,FACULDADE UNINASSAU CABO,PE,Cabo de Santo Agostinho,276,164,38
4353,2024,18267,FACULDADE INTEGRADA DE GESTÃO E MEIO AMBIENTE,PE,Recife,165,34,130
4363,2024,18896,Soberana Faculdade de Saúde de Petrolina,PE,Petrolina,17,17,0
4375,2024,19369,Faculdade CEAM,PE,Recife,9,0,9
4399,2024,20570,Faculdade Alpha,PE,Recife,0,0,0
4427,2024,21928,FACULDADE GRAU S ENSINO SUPERIOR,PE,Recife,41,63,0
4431,2024,22073,FACULDADE MACÊDO DE AMORIM,PE,Vitória de Santo Antão,15,1,15
2728,2023,11,UNIVERSIDADE CATÓLICA DE PERNAMBUCO,PE,Recife,21,32,0
2763,2023,160,FACULDADE FRASSINETTI DO RECIFE,PE,Recife,78,51,23
2815,2023,405,FOCCA - FACULDADE DE OLINDA,PE,Olinda,15,9,0
2816,2023,409,UNIVERSIDADE DE PERNAMBUCO,PE,Recife,87,29,13
2882,2023,692,FACULDADE DE PETROLINA,PE,Petrolina,29,11,11
2884,2023,701,FACULDADES INTEGRADAS DE GARANHUNS,PE,Garanhuns,76,27,38
2917,2023,1021,FACULDADE DE CIÊNCIAS DE TIMBAÚBA,PE,Timbaúba,14,10,6
2929,2023,1077,Centro Universitário Estácio do Recife,PE,Recife,95,57,26
2942,2023,1136,FACULDADE DE CIÊNCIAS HUMANAS E SOCIAIS DE IGARASSU,PE,Igarassu,269,126,42
2961,2023,1255,Centro Universitário FBV Wyden,PE,Recife,668,508,167
2970,2023,1328,Centro Universitário Uninovo,PE,Olinda,202,125,47
2981,2023,1383,FACULDADE NOVO HORIZONTE DE IPOJUCA,PE,Ipojuca,83,47,35
2982,2023,1384,FACULDADE SANTA HELENA,PE,Recife,109,49,26
3045,2023,1675,FACULDADE METROPOLITANA DA GRANDE RECIFE,PE,Jaboatão dos Guararapes,159,110,19
3048,2023,1697,CENTRO UNIVERSITÁRIO FACOL,PE,Vitória de Santo Antão,89,33,21
3052,2023,1708,CENTRO UNIVERSITARIO DO RECIFE,PE,Recife,0,0,0
3069,2023,1775,Centro Universitário Favip Wyden,PE,Caruaru,3208,2182,942
3074,2023,1805,CENTRO UNIVERSITÁRIO DOS GUARARAPES,PE,Jaboatão dos Guararapes,623,407,361
3076,2023,1809,"INSTITUTO FEDERAL DE EDUCAÇÃO, CIÊNCIA E TECNOLOGIA DE PERNAMBUCO",PE,Recife,334,181,22
3100,2023,1881,FACULDADE DA ESCADA,PE,Escada,57,47,10
3144,2023,2242,FACULDADE DO RECIFE,PE,Recife,1,0,1
3174,2023,2723,FACULDADE CATÓLICA IMACULADA CONCEIÇÃO DO RECIFE,PE,Recife,70,48,16
3183,2023,2835,CENTRO UNIVERSITÁRIO MAURÍCIO DE NASSAU,PE,Recife,8468,5169,1443
3222,2023,3515,CENTRO UNIVERSITÁRIO DA VITÓRIA DE SANTO ANTÃO,PE,Vitória de Santo Antão,108,57,29
3254,2023,3996,FACULDADE SENAC PERNAMBUCO,PE,Recife,34,3,3
3274,2023,4118,Centro Universitário Maurício de Nassau Paulista,PE,Paulista,30,4,5
3278,2023,4153,CENTRO UNIVERSITÁRIO MAURÍCIO DE NASSAU DERBY,PE,Recife,717,111,248
3285,2023,4356,FACULDADE DE CIÊNCIAS SOCIAIS DOS PALMARES,PE,Palmares,28,11,13
3306,2023,4700,FACULDADE NOVA ROMA,PE,Recife,2,0,0
3307,2023,4702,CENTRO UNIVERSITÁRIO BRASILEIRO,PE,Recife,807,418,147
3443,2023,17091,Faculdade CERS,PE,Recife,3,3,0
3445,2023,17116,Faculdade de Ciências de Goiana,PE,Goiana,50,25,2
3468,2023,18023,FACULDADE UNINASSAU PETROLINA,PE,Petrolina,5,0,4
3475,2023,18211,FACULDADE UNINASSAU CABO,PE,Cabo de Santo Agostinho,173,105,16
3477,2023,18267,FACULDADE INTEGRADA DE GESTÃO E MEIO AMBIENTE,PE,Recife,148,78,17
3499,2023,19369,Faculdade CEAM,PE,Recife,20,33,7
3523,2023,20570,Faculdade Alpha,PE,Recife,0,0,0
3551,2023,22073,FACULDADE MACÊDO DE AMORIM,PE,Vitória de Santo Antão,24,9,9
1811,2022,11,UNIVERSIDADE CATÓLICA DE PERNAMBUCO,PE,Recife,10,12,0
1844,2022,160,FACULDADE FRASSINETTI DO RECIFE,PE,Recife,67,48,20
1896,2022,405,FOCCA - FACULDADE DE OLINDA,PE,Olinda,24,16,9
1897,2022,409,UNIVERSIDADE DE PERNAMBUCO,PE,Recife,89,29,13
1963,2022,692,FACULDADE DE PETROLINA,PE,Petrolina,37,7,9
1965,2022,701,FACULDADES INTEGRADAS DE GARANHUNS,PE,Garanhuns,87,45,27
1996,2022,1021,FACULDADE DE CIÊNCIAS DE TIMBAÚBA,PE,Timbaúba,18,15,4
2009,2022,1077,Centro Universitário Estácio do Recife,PE,Recife,102,65,23
2022,2022,1136,FACULDADE DE CIÊNCIAS HUMANAS E SOCIAIS DE IGARASSU,PE,Igarassu,185,92,28
2042,2022,1255,Centro Universitário FBV Wyden,PE,Recife,501,362,117
2052,2022,1328,Centro Universitário Unifacottur,PE,Olinda,162,98,34
2063,2022,1383,FACULDADE NOVO HORIZONTE DE IPOJUCA,PE,Ipojuca,106,31,57
2064,2022,1384,FACULDADE SANTA HELENA,PE,Recife,139,164,35
2135,2022,1675,FACULDADE METROPOLITANA DA GRANDE RECIFE,PE,Jaboatão dos Guararapes,111,101,29
2138,2022,1697,CENTRO UNIVERSITÁRIO FACOL,PE,Vitória de Santo Antão,118,54,19
2142,2022,1708,CENTRO UNIVERSITARIO DO RECIFE,PE,Recife,7,0,6
2143,2022,1709,Centro Universitário Tiradentes de Pernambuco,PE,Recife,2,0,2
2160,2022,1775,Centro Universitário Favip Wyden,PE,Caruaru,3338,2460,899
2166,2022,1805,CENTRO UNIVERSITÁRIO DOS GUARARAPES,PE,Jaboatão dos Guararapes,815,316,300
2168,2022,1809,"INSTITUTO FEDERAL DE EDUCAÇÃO, CIÊNCIA E TECNOLOGIA DE PERNAMBUCO",PE,Recife,283,149,20
2193,2022,1881,FACULDADE DA ESCADA,PE,Escada,38,27,9
2240,2022,2242,FACULDADE DO RECIFE,PE,Recife,2,0,1
2272,2022,2723,FACULDADE CATÓLICA IMACULADA CONCEIÇÃO DO RECIFE,PE,Recife,58,48,9
2281,2022,2835,CENTRO UNIVERSITÁRIO MAURÍCIO DE NASSAU,PE,Recife,7031,5556,816
2323,2022,3515,CENTRO UNIVERSITÁRIO DA VITÓRIA DE SANTO ANTÃO,PE,Vitória de Santo Antão,102,70,26
2358,2022,3996,FACULDADE SENAC PERNAMBUCO,PE,Recife,53,48,10
2381,2022,4118,Centro Universitário Maurício de Nassau Paulista,PE,Paulista,55,36,11
2386,2022,4153,Centro Universitário Joaquim Nabuco de Recife,PE,Recife,1189,644,299
2393,2022,4356,FACULDADE DE CIÊNCIAS SOCIAIS DOS PALMARES,PE,Palmares,54,16,37
2419,2022,4700,FACULDADE NOVA ROMA,PE,Recife,5,5,0
2420,2022,4702,CENTRO UNIVERSITÁRIO BRASILEIRO,PE,Recife,818,505,202
2467,2022,10588,FACULDADE UNINABUCO SÃO LOURENÇO DA MATA,PE,São Lourenço da Mata,0,0,0
2569,2022,17116,Faculdade de Ciências de Goiana,PE,Goiana,41,28,9
2593,2022,18023,FACULDADE UNINASSAU PETROLINA,PE,Petrolina,24,8,10
2600,2022,18211,FACULDADE UNINASSAU CABO,PE,Cabo de Santo Agostinho,121,89,23
2602,2022,18267,FACULDADE INTEGRADA DE GESTÃO E MEIO AMBIENTE,PE,Recife,145,52,75
2623,2022,19369,Faculdade CEAM,PE,Recife,16,0,10
2648,2022,20570,Faculdade Alpha,PE,Recife,6,0,6
2649,2022,20666,Faculdade ELO,PE,Recife,0,0,0
2674,2022,22073,FACULDADE MACÊDO DE AMORIM,PE,Vitória de Santo Antão,35,13,14
2705,2022,23191,Faculdade Central do Recife Centro,PE,Recife,3,0,3
934,2021,160,FACULDADE FRASSINETTI DO RECIFE,PE,Recife,61,29,25
985,2021,405,FOCCA - FACULDADE DE OLINDA,PE,Olinda,12,21,2
986,2021,409,UNIVERSIDADE DE PERNAMBUCO,PE,Recife,76,32,1
1053,2021,692,FACULDADE DE PETROLINA,PE,Petrolina,50,12,5
1055,2021,701,FACULDADES INTEGRADAS DE GARANHUNS,PE,Garanhuns,67,70,5
1086,2021,1021,FACULDADE DE CIÊNCIAS DE TIMBAÚBA,PE,Timbaúba,15,13,3
1098,2021,1077,Centro Universitário Estácio do Recife,PE,Recife,105,58,23
1112,2021,1136,FACULDADE DE CIÊNCIAS HUMANAS E SOCIAIS DE IGARASSU,PE,Igarassu,158,55,37
1132,2021,1255,Centro Universitário FBV Wyden,PE,Recife,471,459,66
1145,2021,1328,FACULDADE DE COMUNICAÇÃO E TURISMO DE OLINDA,PE,Olinda,208,110,100
1156,2021,1383,FACULDADE NOVO HORIZONTE DE IPOJUCA,PE,Ipojuca,135,166,23
1157,2021,1384,FACULDADE SANTA HELENA,PE,Recife,117,56,42
1231,2021,1675,FACULDADE METROPOLITANA DA GRANDE RECIFE,PE,Jaboatão dos Guararapes,107,67,38
1232,2021,1676,CENTRO UNIVERSITÁRIO SÃO MIGUEL,PE,Recife,4,0,4
1235,2021,1697,CENTRO UNIVERSITÁRIO FACOL,PE,Vitória de Santo Antão,109,51,11
1239,2021,1708,CENTRO UNIVERSITARIO DO RECIFE,PE,Recife,30,0,19
1240,2021,1709,Centro Universitário Tiradentes de Pernambuco,PE,Recife,7,0,5
1256,2021,1775,Centro Universitário Favip Wyden,PE,Caruaru,3518,3208,522
1262,2021,1805,CENTRO UNIVERSITÁRIO DOS GUARARAPES,PE,Jaboatão dos Guararapes,721,303,217
1265,2021,1809,"INSTITUTO FEDERAL DE EDUCAÇÃO, CIÊNCIA E TECNOLOGIA DE PERNAMBUCO",PE,Recife,283,154,25
1289,2021,1881,FACULDADE DA ESCADA,PE,Escada,36,15,20
1337,2021,2242,FACULDADE DO RECIFE,PE,Recife,3,0,0
1370,2021,2723,FACULDADE CATÓLICA IMACULADA CONCEIÇÃO DO RECIFE,PE,Recife,44,7,25
1380,2021,2835,CENTRO UNIVERSITÁRIO MAURÍCIO DE NASSAU,PE,Recife,3015,2580,240
1423,2021,3515,CENTRO UNIVERSITÁRIO DA VITÓRIA DE SANTO ANTÃO,PE,Vitória de Santo Antão,112,63,39
1457,2021,3996,FACULDADE SENAC PERNAMBUCO,PE,Recife,36,17,21
1479,2021,4118,Centro Universitário Maurício de Nassau Paulista,PE,Paulista,128,35,62
1485,2021,4153,Centro Universitário Joaquim Nabuco de Recife,PE,Recife,384,409,6
1494,2021,4356,FACULDADE DE CIÊNCIAS SOCIAIS DOS PALMARES,PE,Palmares,82,36,33
1521,2021,4702,CENTRO UNIVERSITÁRIO BRASILEIRO,PE,Recife,766,428,109
1568,2021,10588,FACULDADE UNINABUCO SÃO LOURENÇO DA MATA,PE,São Lourenço da Mata,31,0,19
1671,2021,17091,Faculdade CERS,PE,Recife,6,0,0
1673,2021,17116,Faculdade de Ciências de Goiana,PE,Goiana,22,10,1
1696,2021,18023,FACULDADE UNINASSAU PETROLINA,PE,Petrolina,38,18,6
1704,2021,18211,FACULDADE UNINASSAU CABO,PE,Cabo de Santo Agostinho,125,47,53
1707,2021,18267,FACULDADE INTEGRADA DE GESTÃO E MEIO AMBIENTE,PE,Recife,221,25,116
1720,2021,19197,FACULDADE NIP DE CIÊNCIAS APLICADAS,PE,Recife,2,0,2
1727,2021,19369,Faculdade CEAM,PE,Recife,29,31,0
1751,2021,20570,Faculdade Alpha,PE,Recife,32,11,20
1752,2021,20666,Faculdade ELO,PE,Recife,26,0,26
1776,2021,22073,FACULDADE MACÊDO DE AMORIM,PE,Vitória de Santo Antão,46,28,11
1800,2021,23191,Faculdade Central do Recife Centro,PE,Recife,19,0,15
32,2020,160,FACULDADE FRASSINETTI DO RECIFE,PE,Recife,68,24,32
84,2020,405,FOCCA - FACULDADE DE OLINDA,PE,Olinda,52,35,24
85,2020,409,UNIVERSIDADE DE PERNAMBUCO,PE,Recife,82,39,10
150,2020,692,FACULDADE DE CIÊNCIAS APLICADAS E SOCIAIS DE PETROLINA,PE,Petrolina,70,27,13
152,2020,701,FACULDADES INTEGRADAS DE GARANHUNS,PE,Garanhuns,24,15,12
184,2020,1021,FACULDADE DE CIÊNCIAS DE TIMBAÚBA,PE,Timbaúba,22,22,11
197,2020,1077,Centro Universitário Estácio do Recife,PE,Recife,146,87,18
212,2020,1136,FACULDADE DE CIÊNCIAS HUMANAS E SOCIAIS DE IGARASSU,PE,Igarassu,267,80,78
232,2020,1255,Centro Universitário FBV Wyden,PE,Recife,286,245,11
247,2020,1328,FACULDADE DE COMUNICAÇÃO E TURISMO DE OLINDA,PE,Olinda,317,127,133
258,2020,1383,FACULDADE NOVO HORIZONTE DE IPOJUCA,PE,Ipojuca,50,40,29
259,2020,1384,FACULDADE SANTA HELENA,PE,Recife,137,73,30
330,2020,1675,FACULDADE METROPOLITANA DA GRANDE RECIFE,PE,Jaboatão dos Guararapes,183,130,92
331,2020,1676,CENTRO UNIVERSITÁRIO SÃO MIGUEL,PE,Recife,8,0,4
334,2020,1697,CENTRO UNIVERSITÁRIO FACOL,PE,Vitória de Santo Antão,41,25,4
337,2020,1708,INSTITUTO PERNAMBUCANO DE ENSINO SUPERIOR,PE,Recife,83,48,29
338,2020,1709,Centro Universitário Tiradentes de Pernambuco,PE,Recife,11,1,4
354,2020,1775,Centro Universitário Favip Wyden,PE,Caruaru,2650,2228,170
360,2020,1805,CENTRO UNIVERSITÁRIO DOS GUARARAPES,PE,Jaboatão dos Guararapes,1000,798,202
364,2020,1809,"INSTITUTO FEDERAL DE EDUCAÇÃO, CIÊNCIA E TECNOLOGIA DE PERNAMBUCO",PE,Recife,195,120,10
390,2020,1881,FACULDADE DA ESCADA,PE,Escada,61,24,27
438,2020,2242,FACULDADE DO RECIFE,PE,Recife,25,5,21
474,2020,2723,FACULDADE CATÓLICA IMACULADA CONCEIÇÃO DO RECIFE,PE,Recife,105,44,50
483,2020,2835,CENTRO UNIVERSITÁRIO MAURÍCIO DE NASSAU,PE,Recife,2436,1583,224
529,2020,3515,CENTRO UNIVERSITÁRIO DA VITÓRIA DE SANTO ANTÃO,PE,Vitória de Santo Antão,165,59,62
562,2020,3996,FACULDADE SENAC PERNAMBUCO,PE,Recife,70,49,30
585,2020,4118,Centro Universitário Maurício de Nassau Paulista,PE,Paulista,191,72,50
591,2020,4153,Centro Universitário Joaquim Nabuco de Recife,PE,Recife,973,1190,22
600,2020,4356,FACULDADE DE CIÊNCIAS SOCIAIS DOS PALMARES,PE,Palmares,45,56,0
625,2020,4702,CENTRO UNIVERSITÁRIO BRASILEIRO,PE,Recife,739,455,157
676,2020,10588,FACULDADE UNINABUCO SÃO LOURENÇO DA MATA,PE,São Lourenço da Mata,69,22,12
780,2020,17091,Faculdade CERS,PE,Recife,15,15,0
782,2020,17116,Faculdade de Ciências de Goiana,PE,Goiana,56,19,0
803,2020,18023,FACULDADE UNINASSAU PETROLINA,PE,Petrolina,32,1,3
809,2020,18075,FACULDADE UNINASSAU JABOATÃO DOS GUARARAPES,PE,Jaboatão dos Guararapes,0,0,0
812,2020,18211,FACULDADE UNINASSAU CABO,PE,Cabo de Santo Agostinho,83,0,41
814,2020,18267,FACULDADE INTEGRADA DE GESTÃO E MEIO AMBIENTE,PE,Recife,212,96,1
825,2020,19197,FACULDADE NIP DE CIÊNCIAS APLICADAS,PE,Recife,13,22,5
835,2020,19369,Faculdade CEAM,PE,Recife,18,18,0
842,2020,19716,Faculdade Integral de Jaboatão dos Guararapes,PE,Jaboatão dos Guararapes,2,1,0
855,2020,20570,Faculdade Alpha,PE,Recife,51,29,13
856,2020,20666,Faculdade ELO,PE,Recife,72,19,39
877,2020,22073,FACULDADE MACÊDO DE AMORIM,PE,Vitória de Santo Antão,27,19,0
894,2020,23191,Faculdade Central do Recife Centro,PE,Recife,19,31,0
3700,2024,352,CENTRO UNIVERSITÁRIO DE JOÃO PESSOA,PB,João Pessoa,415,386,43
3832,2024,1075,CENTRO UNIVERSITÁRIO - UNIESP,PB,Cabedelo,88,52,22
4052,2024,2564,UNIVERSIDADE FEDERAL DE CAMPINA GRANDE,PB,Campina Grande,77,38,21
4076,2024,3099,FACULDADE INTERNACIONAL DA PARAÍBA,PB,João Pessoa,45,21,22
4121,2024,3805,FACULDADE DE TECNOLOGIA DA PARAÍBA,PB,Cabedelo,5,5,0
4320,2024,17115,FACULDADE TRÊS MARIAS,PB,João Pessoa,316,141,71
4329,2024,17563,FACULDADE DE TECNOLOGIA COESP,PB,João Pessoa,12,6,5
4365,2024,18978,Faculdade Rebouças de Campina Grande,PB,Campina Grande,28,12,8
4392,2024,19956,FACULDADE UNIRB JOÃO PESSOA,PB,João Pessoa,1,2,0
4436,2024,22248,FACULDADE SUCESSO,PB,São Bento,122,87,30
2797,2023,352,CENTRO UNIVERSITÁRIO DE JOÃO PESSOA,PB,João Pessoa,293,338,25
2859,2023,579,UNIVERSIDADE FEDERAL DA PARAÍBA,PB,João Pessoa,4,0,4
2928,2023,1075,CENTRO UNIVERSITÁRIO - UNIESP,PB,Cabedelo,143,117,20
3166,2023,2564,UNIVERSIDADE FEDERAL DE CAMPINA GRANDE,PB,Campina Grande,83,48,16
3191,2023,3099,FACULDADE INTERNACIONAL DA PARAÍBA,PB,João Pessoa,98,68,47
3238,2023,3817,Centro Universitário Maurício de Nassau de João Pessoa,PB,João Pessoa,0,0,0
3270,2023,4094,Faculdade Estácio da Paraíba,PB,João Pessoa,0,0,0
3444,2023,17115,FACULDADE TRÊS MARIAS,PB,João Pessoa,266,206,39
3453,2023,17563,FACULDADE DE TECNOLOGIA COESP,PB,João Pessoa,9,0,0
3490,2023,18978,Faculdade Rebouças de Campina Grande,PB,Campina Grande,26,5,5
3557,2023,22248,FACULDADE SUCESSO,PB,São Bento,114,102,9
1878,2022,352,CENTRO UNIVERSITÁRIO DE JOÃO PESSOA,PB,João Pessoa,219,223,34
1939,2022,579,UNIVERSIDADE FEDERAL DA PARAÍBA,PB,João Pessoa,8,0,2
2008,2022,1075,CENTRO UNIVERSITÁRIO - UNIESP,PB,Cabedelo,103,43,46
2262,2022,2564,UNIVERSIDADE FEDERAL DE CAMPINA GRANDE,PB,Campina Grande,85,48,10
2291,2022,3099,FACULDADE INTERNACIONAL DA PARAÍBA,PB,João Pessoa,165,87,64
2339,2022,3805,FACULDADE DE TECNOLOGIA DA PARAÍBA,PB,Cabedelo,1,0,1
2340,2022,3817,Centro Universitário Maurício de Nassau de João Pessoa,PB,João Pessoa,0,0,0
2376,2022,4094,Faculdade Estácio da Paraíba,PB,João Pessoa,0,0,0
2568,2022,17115,FACULDADE TRÊS MARIAS,PB,João Pessoa,157,97,42
2577,2022,17563,FACULDADE DE TECNOLOGIA COESP,PB,João Pessoa,19,17,0
2613,2022,18978,Faculdade Rebouças de Campina Grande,PB,Campina Grande,40,22,11
2640,2022,19956,FACULDADE UNIRB JOÃO PESSOA,PB,João Pessoa,3,0,0
2680,2022,22248,FACULDADE SUCESSO,PB,São Bento,89,151,0
968,2021,352,CENTRO UNIVERSITÁRIO DE JOÃO PESSOA,PB,João Pessoa,140,86,59
1029,2021,579,UNIVERSIDADE FEDERAL DA PARAÍBA,PB,João Pessoa,17,0,7
1097,2021,1075,CENTRO UNIVERSITÁRIO - UNIESP,PB,Cabedelo,86,50,10
1361,2021,2564,UNIVERSIDADE FEDERAL DE CAMPINA GRANDE,PB,Campina Grande,88,50,8
1391,2021,3099,FACULDADE INTERNACIONAL DA PARAÍBA,PB,João Pessoa,236,104,90
1436,2021,3805,FACULDADE DE TECNOLOGIA DA PARAÍBA,PB,Cabedelo,11,0,10
1437,2021,3817,Centro Universitário Maurício de Nassau de João Pessoa,PB,João Pessoa,8,4,3
1474,2021,4094,Faculdade Estácio da Paraíba,PB,João Pessoa,25,6,18
1672,2021,17115,FACULDADE TRÊS MARIAS,PB,João Pessoa,76,38,7
1681,2021,17563,FACULDADE DE TECNOLOGIA COESP,PB,João Pessoa,9,0,6
1719,2021,18978,Faculdade Rebouças de Campina Grande,PB,Campina Grande,120,12,82
1743,2021,19956,FACULDADE UNIRB JOÃO PESSOA,PB,João Pessoa,3,3,0
67,2020,352,CENTRO UNIVERSITÁRIO DE JOÃO PESSOA,PB,João Pessoa,177,94,81
127,2020,579,UNIVERSIDADE FEDERAL DA PARAÍBA,PB,João Pessoa,9,0,1
196,2020,1075,CENTRO UNIVERSITÁRIO - UNIESP,PB,Cabedelo,36,44,0
465,2020,2564,UNIVERSIDADE FEDERAL DE CAMPINA GRANDE,PB,Campina Grande,91,50,14
494,2020,3099,FACULDADE INTERNACIONAL DA PARAÍBA,PB,João Pessoa,278,223,40
543,2020,3805,FACULDADE DE TECNOLOGIA DA PARAÍBA,PB,Cabedelo,51,0,42
544,2020,3817,FACULDADE UNINASSAU JOÃO PESSOA,PB,João Pessoa,30,3,16
580,2020,4094,Faculdade Estácio da Paraíba,PB,João Pessoa,46,40,1
771,2020,15839,Faculdade Pitágoras da Paraíba,PB,João Pessoa,5,0,5
781,2020,17115,FACULDADE TRÊS MARIAS,PB,João Pessoa,66,32,19
790,2020,17563,FACULDADE DE TECNOLOGIA COESP,PB,João Pessoa,22,0,13
824,2020,18978,Faculdade Rebouças de Campina Grande,PB,Campina Grande,154,71,19
3649,2024,38,UNIVERSIDADE DO ESTADO DO PARÁ,PA,Belém,89,33,16
3709,2024,383,UNIVERSIDADE DA AMAZÔNIA,PA,Belém,1838,778,259
3944,2024,1672,INSTITUTO ESPERANÇA DE ENSINO SUPERIOR,PA,Santarém,0,0,0
3979,2024,1813,"INSTITUTO FEDERAL DE EDUCAÇÃO, CIÊNCIA E TECNOLOGIA DO PARÁ",PA,Belém,252,69,62
4016,2024,2036,Faculdade Estácio do Pará - Estácio FAP,PA,Belém,0,2,0
4278,2024,15079,FACULDADE MASTER DE PARAUAPEBAS - FAMAP,PA,Parauapebas,1,1,0
4406,2024,21268,FACULDADE ESTÁCIO DE ANANINDEUA,PA,Ananindeua,0,0,0
4425,2024,21877,FACULDADE INTEGRADA DA AMAZÔNIA,PA,Belém,54,23,12
2745,2023,38,UNIVERSIDADE DO ESTADO DO PARÁ,PA,Belém,59,37,11
2806,2023,383,UNIVERSIDADE DA AMAZÔNIA,PA,Belém,1221,569,232
2991,2023,1423,Faculdade Ideal Wyden,PA,Belém,0,0,0
3044,2023,1672,INSTITUTO ESPERANÇA DE ENSINO SUPERIOR,PA,Santarém,0,0,0
3080,2023,1813,"INSTITUTO FEDERAL DE EDUCAÇÃO, CIÊNCIA E TECNOLOGIA DO PARÁ",PA,Belém,250,119,32
3124,2023,2036,Faculdade Estácio do Pará - Estácio FAP,PA,Belém,2,0,2
3290,2023,4450,CENTRO UNIVERSITÁRIO METROPOLITANO DA AMAZÔNIA,PA,Belém,0,0,0
3528,2023,21210,Faculdade Estratego,PA,Belém,0,0,0
3532,2023,21268,FACULDADE ESTÁCIO DE ANANINDEUA,PA,Ananindeua,0,0,0
3548,2023,21877,FACULDADE INTEGRADA DA AMAZÔNIA,PA,Belém,51,19,16
1827,2022,38,UNIVERSIDADE DO ESTADO DO PARÁ,PA,Belém,57,0,24
1887,2022,383,UNIVERSIDADE DA AMAZÔNIA,PA,Belém,1292,923,131
2076,2022,1423,Faculdade Ideal Wyden,PA,Belém,0,0,0
2134,2022,1672,INSTITUTO ESPERANÇA DE ENSINO SUPERIOR,PA,Santarém,0,0,0
2172,2022,1813,"INSTITUTO FEDERAL DE EDUCAÇÃO, CIÊNCIA E TECNOLOGIA DO PARÁ",PA,Belém,185,93,1
2218,2022,2036,Faculdade Estácio do Pará - Estácio FAP,PA,Belém,51,36,14
2399,2022,4450,CENTRO UNIVERSITÁRIO METROPOLITANO DA AMAZÔNIA,PA,Belém,4,0,3
2631,2022,19788,FACULDADE ANHANGUERA DE PARAUAPEBAS,PA,Parauapebas,0,0,0
2654,2022,21210,Faculdade Estratego,PA,Belém,37,62,0
2658,2022,21268,FACULDADE ESTÁCIO DE ANANINDEUA,PA,Ananindeua,32,22,5
2671,2022,21877,FACULDADE INTEGRADA DA AMAZÔNIA,PA,Belém,37,17,0
918,2021,38,UNIVERSIDADE DO ESTADO DO PARÁ,PA,Belém,78,30,14
976,2021,383,UNIVERSIDADE DA AMAZÔNIA,PA,Belém,600,621,39
1169,2021,1423,Faculdade Ideal Wyden,PA,Belém,1,0,1
1230,2021,1672,INSTITUTO ESPERANÇA DE ENSINO SUPERIOR,PA,Santarém,1,0,1
1269,2021,1813,"INSTITUTO FEDERAL DE EDUCAÇÃO, CIÊNCIA E TECNOLOGIA DO PARÁ",PA,Belém,151,22,3
1313,2021,2036,Faculdade Estácio do Pará - Estácio FAP,PA,Belém,60,29,16
1384,2021,2911,FACULDADE PAN AMAZÔNICA,PA,Belém,0,0,0
1499,2021,4450,CENTRO UNIVERSITÁRIO METROPOLITANO DA AMAZÔNIA,PA,Belém,23,0,15
1712,2021,18647,FACULDADE DA AMAZÔNIA DE MARABÁ,PA,Marabá,0,0,0
1735,2021,19788,Faculdade Pitágoras de Parauapebas,PA,Parauapebas,4,8,1
1760,2021,21268,FACULDADE ESTÁCIO DE ANANINDEUA,PA,Ananindeua,44,31,12
1774,2021,21877,FACULDADE INTEGRADA DA AMAZÔNIA,PA,Belém,43,24,11
75,2020,383,UNIVERSIDADE DA AMAZÔNIA,PA,Belém,472,340,49
270,2020,1423,Faculdade Ideal Wyden,PA,Belém,8,3,1
329,2020,1672,INSTITUTO ESPERANÇA DE ENSINO SUPERIOR,PA,Santarém,1,2,1
368,2020,1813,"INSTITUTO FEDERAL DE EDUCAÇÃO, CIÊNCIA E TECNOLOGIA DO PARÁ",PA,Belém,136,103,11
414,2020,2036,Faculdade Estácio do Pará - Estácio FAP,PA,Belém,130,66,39
486,2020,2911,FACULDADE PAN AMAZÔNICA,PA,Belém,5,11,5
605,2020,4450,CENTRO UNIVERSITÁRIO METROPOLITANO DA AMAZÔNIA,PA,Belém,54,1,35
718,2020,13982,FACULDADE UNINASSAU BELÉM,PA,Belém,0,0,0
820,2020,18647,FACULDADE DA AMAZÔNIA DE MARABÁ,PA,Marabá,31,0,16
844,2020,19788,Faculdade Pitágoras de Parauapebas,PA,Parauapebas,8,42,0
860,2020,21210,Faculdade Estratego,PA,Belém,0,0,0
864,2020,21268,FACULDADE ESTÁCIO DE ANANINDEUA,PA,Ananindeua,46,71,7
875,2020,21877,FACULDADE INTEGRADA DA AMAZÔNIA,PA,Belém,41,16,15
3795,2024,719,Universidade do Estado de Mato Grosso Carlos Alberto Reyes Maldonado - UNEMAT,MT,Cáceres,169,91,7
3803,2024,794,CENTRO UNIVERSITÁRIO DE VÁRZEA GRANDE,MT,Várzea Grande,44,41,7
3851,2024,1162,FACULDADE DE ALTA FLORESTA,MT,Alta Floresta,9,19,0
3880,2024,1374,FACULDADE DE GUARANTÃ DO NORTE,MT,Guarantã do Norte,5,0,2
3881,2024,1375,FACULDADE CATÓLICA RAINHA DA PAZ DE ARAPUTANGA,MT,Araputanga,29,9,10
4007,2024,1936,CENTRO UNIVERSITÁRIO LA SALLE,MT,Lucas do Rio Verde,17,3,3
4009,2024,1952,CENTRO UNIVERSITÁRIO CATHEDRAL,MT,Barra do Garças,285,178,79
4081,2024,3164,"INSTITUTO FEDERAL DE EDUCAÇÃO, CIÊNCIA E TECNOLOGIA DE MATO GROSSO",MT,Cuiabá,670,142,70
4094,2024,3303,Centro Universitário Invest,MT,Cuiabá,172,75,106
4122,2024,3815,FACULDADE DE DIREITO DE ALTA FLORESTA,MT,Alta Floresta,36,22,9
4229,2024,10116,FACULDADE DE TECNOLOGIA SENAI MATO GROSSO,MT,Cuiabá,186,61,100
4248,2024,12946,FACULDADE DE MATO GROSSO,MT,Cuiabá,2,2,0
4282,2024,15382,FACULDADE AJES,MT,Juína,50,29,10
4283,2024,15433,FACULDADE CATÓLICA DE MATO GROSSO,MT,Várzea Grande,48,21,30
4374,2024,19349,Faculdade do Instituto Panamericano,MT,Cuiabá,27,16,10
4384,2024,19816,Faculdade Alffa do Brasil,MT,Cuiabá,33,0,33
4430,2024,22018,Faculdade de Tecnologia de Sinop,MT,Sinop,23,8,3
4455,2024,22650,FACULDADE DO CENTRO EDUCACIONAL INTERDISCIPLINAR DO BRASIL,MT,Cuiabá,69,26,37
4457,2024,22684,Faculdade Unicentral,MT,Campo Verde,15,12,0
4489,2024,23890,FACULDADE DO CENTRO EDUCACIONAL INTERDISCIPLINAR DO BRASIL CPA,MT,Cuiabá,18,0,0
4497,2024,24437,Faculdade Méritos,MT,Cuiabá,21,21,0
2891,2023,719,Universidade do Estado de Mato Grosso Carlos Alberto Reyes Maldonado - UNEMAT,MT,Cáceres,185,111,54
2896,2023,781,FACULDADE ANHANGUERA DE RONDONÓPOLIS,MT,Rondonópolis,0,0,0
2898,2023,794,CENTRO UNIVERSITÁRIO DE VÁRZEA GRANDE,MT,Várzea Grande,24,19,1
2948,2023,1162,FACULDADE DE ALTA FLORESTA,MT,Alta Floresta,9,20,0
2958,2023,1233,CENTRO UNIVERSITÁRIO UNIC,MT,Cuiabá,0,0,0
2978,2023,1374,FACULDADE DE GUARANTÃ DO NORTE,MT,Guarantã do Norte,10,0,1
2979,2023,1375,FACULDADE CATÓLICA RAINHA DA PAZ DE ARAPUTANGA,MT,Araputanga,27,16,0
3114,2023,1936,CENTRO UNIVERSITÁRIO LA SALLE,MT,Lucas do Rio Verde,1,1,0
3117,2023,1952,CENTRO UNIVERSITÁRIO CATHEDRAL,MT,Barra do Garças,380,215,88
3195,2023,3164,"INSTITUTO FEDERAL DE EDUCAÇÃO, CIÊNCIA E TECNOLOGIA DE MATO GROSSO",MT,Cuiabá,791,206,1
3209,2023,3303,Faculdade Invest de Ciências e Tecnologia,MT,Cuiabá,196,57,122
3351,2023,10116,FACULDADE DE TECNOLOGIA SENAI MATO GROSSO,MT,Cuiabá,189,55,35
3369,2023,12946,FACULDADE DE MATO GROSSO,MT,Cuiabá,1,0,1
3407,2023,15382,FACULDADE AJES,MT,Juína,63,25,0
3408,2023,15433,FACULDADE CATÓLICA DE MATO GROSSO,MT,Várzea Grande,35,30,0
3498,2023,19349,Faculdade do Instituto Panamericano,MT,Cuiabá,10,0,0
3509,2023,19816,Faculdade Alffa do Brasil,MT,Cuiabá,7,0,0
3529,2023,21215,Faculdade de Ensino de Pesquisa do Cooperativismo,MT,Cuiabá,11,0,11
3550,2023,22018,Faculdade de Tecnologia de Sinop,MT,Sinop,18,12,1
3572,2023,22634,FACULDADE FASIPE DE RONDONÓPOLIS,MT,Rondonópolis,0,0,0
3573,2023,22650,FACULDADE DO CENTRO EDUCACIONAL INTERDISCIPLINAR DO BRASIL,MT,Cuiabá,66,51,9
3575,2023,22684,Faculdade Unicentral,MT,Campo Verde,24,11,13
3603,2023,23890,FACULDADES INTEGRADAS DE SAÚDE E EDUCAÇÃO DO BRASIL,MT,Cuiabá,18,18,0
1977,2022,781,FACULDADE ANHANGUERA DE RONDONÓPOLIS,MT,Rondonópolis,11,0,11
1979,2022,794,CENTRO UNIVERSITÁRIO DE VÁRZEA GRANDE,MT,Várzea Grande,28,24,9
2039,2022,1233,CENTRO UNIVERSITÁRIO UNIC,MT,Cuiabá,4,0,2
2060,2022,1374,FACULDADE DE GUARANTÃ DO NORTE,MT,Guarantã do Norte,9,0,6
2061,2022,1375,FACULDADE CATÓLICA RAINHA DA PAZ DE ARAPUTANGA,MT,Araputanga,25,14,11
2206,2022,1936,CENTRO UNIVERSITÁRIO LA SALLE,MT,Lucas do Rio Verde,5,0,3
2209,2022,1952,CENTRO UNIVERSITÁRIO CATHEDRAL,MT,Barra do Garças,482,329,79
2217,2022,1996,INSTITUTO CUIABÁ DE ENSINO E CULTURA,MT,Cuiabá,4,1,4
2288,2022,2973,FACULDADE ANHANGUERA DE PRIMAVERA DO LESTE,MT,Primavera do Leste,2,0,2
2295,2022,3164,"INSTITUTO FEDERAL DE EDUCAÇÃO, CIÊNCIA E TECNOLOGIA DE MATO GROSSO",MT,Cuiabá,648,0,272
2309,2022,3303,Faculdade Invest de Ciências e Tecnologia,MT,Cuiabá,188,98,34
2465,2022,10116,FACULDADE DE TECNOLOGIA SENAI MATO GROSSO,MT,Cuiabá,214,141,35
2486,2022,12946,FACULDADE DE MATO GROSSO,MT,Cuiabá,15,10,3
2523,2022,14869,Faculdade Faipe,MT,Cuiabá,0,0,0
2531,2022,15382,FACULDADE AJES,MT,Juína,26,38,0
2533,2022,15433,FACULDADE CATÓLICA DE MATO GROSSO,MT,Várzea Grande,7,7,0
2622,2022,19349,Faculdade do Instituto Panamericano,MT,Cuiabá,45,0,36
2632,2022,19816,Faculdades Impactos Brasil,MT,Cuiabá,15,14,4
2655,2022,21215,Faculdade de Ensino de Pesquisa do Cooperativismo,MT,Cuiabá,32,0,20
2673,2022,22018,Faculdade de Tecnologia de Sinop,MT,Sinop,7,7,0
2694,2022,22634,FACULDADE FASIPE DE RONDONÓPOLIS,MT,Rondonópolis,8,0,8
2695,2022,22650,Faculdade Impactos - FACI,MT,Cuiabá,75,64,19
2697,2022,22684,Faculdade Unicentral,MT,Campo Verde,24,5,12
1067,2021,781,FACULDADE DE RONDONÓPOLIS,MT,Rondonópolis,43,6,26
1069,2021,794,CENTRO UNIVERSITÁRIO DE VÁRZEA GRANDE,MT,Várzea Grande,11,3,5
1129,2021,1233,CENTRO UNIVERSITÁRIO UNIC,MT,Cuiabá,23,8,13
1153,2021,1374,FACULDADE DE GUARANTÃ DO NORTE,MT,Guarantã do Norte,44,1,30
1154,2021,1375,FACULDADE CATÓLICA RAINHA DA PAZ DE ARAPUTANGA,MT,Araputanga,13,3,0
1302,2021,1936,CENTRO UNIVERSITÁRIO LA SALLE,MT,Lucas do Rio Verde,23,2,14
1305,2021,1952,CENTRO UNIVERSITÁRIO CATHEDRAL,MT,Barra do Garças,627,431,88
1312,2021,1996,INSTITUTO CUIABÁ DE ENSINO E CULTURA,MT,Cuiabá,10,1,7
1388,2021,2973,FACULDADES INTEGRADAS DE PRIMAVERA DO LESTE,MT,Primavera do Leste,21,5,17
1395,2021,3164,"INSTITUTO FEDERAL DE EDUCAÇÃO, CIÊNCIA E TECNOLOGIA DE MATO GROSSO",MT,Cuiabá,699,119,36
1409,2021,3303,Faculdade Invest de Ciências e Tecnologia,MT,Cuiabá,66,8,23
1509,2021,4567,FACULDADE CENTRO MATO-GROSSENSE,MT,Sorriso,0,0,0
1566,2021,10116,FACULDADE DE TECNOLOGIA SENAI MATO GROSSO,MT,Cuiabá,104,94,33
1587,2021,12946,FACULDADE DE MATO GROSSO,MT,Cuiabá,13,8,2
1626,2021,14869,Faculdade Faipe,MT,Cuiabá,0,0,0
1635,2021,15433,FACULDADE CATÓLICA DE MATO GROSSO,MT,Várzea Grande,21,1,5
1726,2021,19349,Faculdade do Instituto Panamericano,MT,Cuiabá,46,46,0
1736,2021,19816,Faculdades Impactos Brasil,MT,Cuiabá,29,0,29
1757,2021,21215,Faculdade de Ensino de Pesquisa do Cooperativismo,MT,Cuiabá,71,24,24
1791,2021,22634,FACULDADE FASIPE DE RONDONÓPOLIS,MT,Rondonópolis,9,11,0
1792,2021,22650,Faculdade Impactos - FACI,MT,Cuiabá,15,15,0
1793,2021,22684,Faculdade Unicentral,MT,Campo Verde,22,8,0
165,2020,781,FACULDADE DE RONDONÓPOLIS,MT,Rondonópolis,100,113,42
167,2020,794,CENTRO UNIVERSITÁRIO DE VÁRZEA GRANDE,MT,Várzea Grande,33,26,17
229,2020,1233,CENTRO UNIVERSITÁRIO UNIC,MT,Cuiabá,68,65,39
255,2020,1374,FACULDADE DE GUARANTÃ DO NORTE,MT,Guarantã do Norte,95,9,25
256,2020,1375,FACULDADE CATÓLICA RAINHA DA PAZ DE ARAPUTANGA,MT,Araputanga,13,23,0
402,2020,1936,CENTRO UNIVERSITÁRIO LA SALLE,MT,Lucas do Rio Verde,42,14,10
404,2020,1945,FACULDADE DE SORRISO,MT,Sorriso,0,1,0
406,2020,1952,CENTRO UNIVERSITÁRIO CATHEDRAL,MT,Barra do Garças,342,183,74
413,2020,1996,INSTITUTO CUIABÁ DE ENSINO E CULTURA,MT,Cuiabá,50,32,39
491,2020,2973,FACULDADES INTEGRADAS DE PRIMAVERA DO LESTE,MT,Primavera do Leste,47,25,23
499,2020,3164,"INSTITUTO FEDERAL DE EDUCAÇÃO, CIÊNCIA E TECNOLOGIA DE MATO GROSSO",MT,Cuiabá,665,226,45
515,2020,3303,Faculdade Invest de Ciências e Tecnologia,MT,Cuiabá,98,30,47
614,2020,4567,FACULDADE CENTRO MATO-GROSSENSE,MT,Sorriso,0,0,0
674,2020,10116,FACULDADE DE TECNOLOGIA SENAI MATO GROSSO,MT,Cuiabá,179,112,30
696,2020,12946,FACULDADE DE MATO GROSSO,MT,Cuiabá,13,12,1
737,2020,14869,Faculdade Faipe,MT,Cuiabá,45,4,42
745,2020,15433,FACULDADE CATÓLICA DE MATO GROSSO,MT,Várzea Grande,8,0,2
845,2020,19816,Faculdades Impactos Brasil,MT,Cuiabá,61,10,51
861,2020,21215,Faculdade de Ensino de Pesquisa do Cooperativismo,MT,Cuiabá,48,30,0
888,2020,22684,Faculdade de Ciências Sociais e Tecnologia,MT,Campo Verde,15,22,0
3713,2024,387,UNIVERSIDADE CATÓLICA DOM BOSCO,MS,Campo Grande,126,75,43
3784,2024,671,UNIVERSIDADE ANHANGUERA,MS,Campo Grande,1442,883,521
3785,2024,673,CENTRO UNIVERSITÁRIO DA GRANDE DOURADOS,MS,Dourados,2306,1270,559
3788,2024,694,UNIVERSIDADE FEDERAL DE MATO GROSSO DO SUL,MS,Campo Grande,1761,923,367
3809,2024,862,Centro Universitário Estácio de Campo Grande,MS,Campo Grande,15,14,4
3814,2024,926,Centro Universitário Anhanguera Pitágoras Unopar de Campo Grande,MS,Campo Grande,7171,7418,1433
3822,2024,1028,UNIVERSIDADE ESTADUAL DE MATO GROSSO DO SUL,MS,Dourados,122,114,2
4173,2024,4504,FUNDAÇÃO UNIVERSIDADE FEDERAL DA GRANDE DOURADOS,MS,Dourados,1,0,1
4175,2024,4532,FACULDADE DE TECNOLOGIA SENAI CAMPO GRANDE,MS,Campo Grande,5,0,5
4287,2024,15520,"INSTITUTO FEDERAL DE EDUCAÇÃO, CIÊNCIA E TECNOLOGIA DE MATO GROSSO DO SUL",MS,Campo Grande,102,4,27
4355,2024,18463,Faculdade UniFAHE,MS,Mundo Novo,14,13,0
4429,2024,21999,Faculdade Prime,MS,Campo Grande,5,14,0
4432,2024,22089,Faculdade INSTED,MS,Campo Grande,97,83,24
2810,2023,387,UNIVERSIDADE CATÓLICA DOM BOSCO,MS,Campo Grande,143,82,39
2879,2023,671,UNIVERSIDADE ANHANGUERA,MS,Campo Grande,2118,1005,1138
2880,2023,673,CENTRO UNIVERSITÁRIO DA GRANDE DOURADOS,MS,Dourados,2084,995,834
2883,2023,694,UNIVERSIDADE FEDERAL DE MATO GROSSO DO SUL,MS,Campo Grande,1368,771,38
2906,2023,862,FACULDADE ESTÁCIO DE SÁ DE CAMPO GRANDE,MS,Campo Grande,23,16,5
2912,2023,926,Centro Universitário Anhanguera Pitágoras Unopar de Campo Grande,MS,Campo Grande,7153,8655,867
2918,2023,1028,UNIVERSIDADE ESTADUAL DE MATO GROSSO DO SUL,MS,Dourados,24,0,11
3293,2023,4504,FUNDAÇÃO UNIVERSIDADE FEDERAL DA GRANDE DOURADOS,MS,Dourados,91,0,77
3295,2023,4532,FACULDADE DE TECNOLOGIA SENAI CAMPO GRANDE,MS,Campo Grande,5,5,0
3480,2023,18463,Faculdade UniFAHE,MS,Mundo Novo,2,2,0
3552,2023,22089,Faculdade INSTED,MS,Campo Grande,189,80,81
1891,2022,387,UNIVERSIDADE CATÓLICA DOM BOSCO,MS,Campo Grande,121,60,39
1960,2022,671,UNIVERSIDADE ANHANGUERA,MS,Campo Grande,6481,1393,4610
1961,2022,673,CENTRO UNIVERSITÁRIO DA GRANDE DOURADOS,MS,Dourados,1933,1084,230
1964,2022,694,UNIVERSIDADE FEDERAL DE MATO GROSSO DO SUL,MS,Campo Grande,825,765,33
1986,2022,862,FACULDADE ESTÁCIO DE SÁ DE CAMPO GRANDE,MS,Campo Grande,29,29,5
1992,2022,926,Centro Universitário Anhanguera Pitágoras Unopar de Campo Grande,MS,Campo Grande,4100,6356,67
1997,2022,1028,UNIVERSIDADE ESTADUAL DE MATO GROSSO DO SUL,MS,Dourados,34,36,0
2231,2022,2149,FACULDADE MATO GROSSO DO SUL,MS,Campo Grande,9,7,9
2404,2022,4504,FUNDAÇÃO UNIVERSIDADE FEDERAL DA GRANDE DOURADOS,MS,Dourados,201,0,77
2407,2022,4532,FACULDADE DE TECNOLOGIA SENAI CAMPO GRANDE,MS,Campo Grande,0,1,0
2675,2022,22089,Faculdade INSTED,MS,Campo Grande,162,63,0
980,2021,387,UNIVERSIDADE CATÓLICA DOM BOSCO,MS,Campo Grande,206,158,64
1050,2021,671,UNIVERSIDADE ANHANGUERA,MS,Campo Grande,35774,33106,8059
1051,2021,673,CENTRO UNIVERSITÁRIO DA GRANDE DOURADOS,MS,Dourados,1932,1207,441
1054,2021,694,UNIVERSIDADE FEDERAL DE MATO GROSSO DO SUL,MS,Campo Grande,146,61,31
1076,2021,862,FACULDADE ESTÁCIO DE SÁ DE CAMPO GRANDE,MS,Campo Grande,31,24,6
1082,2021,926,Centro Universitário Anhanguera Pitágoras Unopar de Campo Grande,MS,Campo Grande,453,568,4
1326,2021,2149,FACULDADE MATO GROSSO DO SUL,MS,Campo Grande,36,0,25
1504,2021,4504,FUNDAÇÃO UNIVERSIDADE FEDERAL DA GRANDE DOURADOS,MS,Dourados,271,278,0
1507,2021,4532,FACULDADE DE TECNOLOGIA SENAI CAMPO GRANDE,MS,Campo Grande,12,0,11
1777,2021,22089,INSTED - INSTITUTO AVANÇADO DE ENSINO SUPERIOR E DESENVOLVIMENTO HUMANO,MS,Campo Grande,135,142,0
79,2020,387,UNIVERSIDADE CATÓLICA DOM BOSCO,MS,Campo Grande,171,80,49
147,2020,671,UNIVERSIDADE ANHANGUERA,MS,Campo Grande,30663,29682,6229
148,2020,673,CENTRO UNIVERSITÁRIO DA GRANDE DOURADOS,MS,Dourados,2317,1295,988
151,2020,694,UNIVERSIDADE FEDERAL DE MATO GROSSO DO SUL,MS,Campo Grande,132,59,27
174,2020,862,FACULDADE ESTÁCIO DE SÁ DE CAMPO GRANDE,MS,Campo Grande,65,37,8
180,2020,926,CENTRO UNIVERSITÁRIO ANHANGUERA DE CAMPO GRANDE,MS,Campo Grande,23,25,17
187,2020,1038,FACULDADES INTEGRADAS DE TRÊS LAGOAS,MS,Três Lagoas,0,3,0
426,2020,2149,FACULDADE MATO GROSSO DO SUL,MS,Campo Grande,137,90,71
612,2020,4532,FACULDADE DE TECNOLOGIA SENAI CAMPO GRANDE,MS,Campo Grande,12,0,4
3641,2024,27,Centro Universitário UninCor,MG,Três Corações,0,0,0
3642,2024,30,UNIVERSIDADE PROFESSOR EDSON ANTÔNIO VELANO,MG,Alfenas,35,40,4
3664,2024,143,UNIVERSIDADE DE UBERABA,MG,Uberaba,3101,1691,585
3695,2024,337,Centro Universitário Academia,MG,Juiz de Fora,36,22,7
3696,2024,338,PONTIFÍCIA UNIVERSIDADE CATÓLICA DE MINAS GERAIS,MG,Belo Horizonte,537,314,147
3697,2024,343,CENTRO UNIVERSITÁRIO NEWTON PAIVA,MG,Belo Horizonte,640,246,258
3698,2024,344,CENTRO UNIVERSITÁRIO UNA,MG,Belo Horizonte,1875,1529,447
3699,2024,349,CENTRO UNIVERSITÁRIO DE BELO HORIZONTE,MG,Belo Horizonte,14,13,4
3704,2024,367,UNIVERSIDADE ESTADUAL DE MONTES CLAROS,MG,Montes Claros,215,98,38
3747,2024,513,UNIVERSIDADE VALE DO RIO DOCE,MG,Governador Valadares,20,17,3
3776,2024,648,FACULDADES ASSOCIADAS DE UBERABA - FAZU,MG,Uberaba,107,44,10
3797,2024,727,"FACULDADE DE FILOSOFIA, CIÊNCIAS E LETRAS DO ALTO SÃO FRANCISCO",MG,Luz,0,20,0
3801,2024,752,FACULDADE CATÓLICA DE PARÁ DE MINAS,MG,Pará de Minas,41,42,0
3824,2024,1036,UNIVERSIDADE DO ESTADO DE MINAS GERAIS,MG,Belo Horizonte,387,162,29
3875,2024,1346,Faculdade IPEMIG,MG,Belo Horizonte,47,1,7
3908,2024,1492,FACULDADE ANHANGUERA DE UBERLÂNDIA,MG,Uberlândia,0,0,0
3913,2024,1509,Centro Universitário Estácio de Belo Horizonte - Estácio BH,MG,Belo Horizonte,51,26,20
3923,2024,1557,UNIVERSIDADE FUMEC,MG,Belo Horizonte,42,17,13
3928,2024,1575,CENTRO UNIVERSITÁRIO DO PLANALTO DE ARAXÁ,MG,Araxá,121,29,42
3933,2024,1598,CENTRO UNIVERSITÁRIO UNA DE UBERLÂNDIA,MG,Uberlândia,0,0,0
3943,2024,1666,CENTRO UNIVERSITÁRIO UNIHORIZONTES,MG,Belo Horizonte,45,45,10
3948,2024,1700,FACULDADE PROMOVE DE SETE LAGOAS,MG,Sete Lagoas,6,0,5
3954,2024,1720,FACULDADE MINAS GERAIS,MG,Belo Horizonte,4,0,4
3971,2024,1786,Faculdade FESSUL Machado,MG,Machado,84,20,24
4005,2024,1923,Centro Universitário Arnaldo Janssen,MG,Belo Horizonte,339,295,32
4014,2024,1984,Centro Universitário Unifacig,MG,Manhuaçu,21,13,7
4017,2024,2040,FACULDADE DO FUTURO,MG,Manhuaçu,8,5,1
4018,2024,2041,FACULDADE SUDAMÉRICA,MG,Cataguases,0,0,0
4026,2024,2145,FACULDADE PROMOVE DE TECNOLOGIA,MG,Belo Horizonte,2,0,0
4034,2024,2270,FACULDADE DE CIÊNCIAS SOCIAIS APLICADAS DE EXTREMA,MG,Extrema,109,46,35
4055,2024,2579,CENTRO UNIVERSITÁRIO ATENAS,MG,Paracatu,11,9,0
4071,2024,2910,FACULDADE VERDE NORTE,MG,Mato Verde,8,0,4
4082,2024,3165,"INSTITUTO FEDERAL DE EDUCAÇÃO, CIÊNCIA E TECNOLOGIA  DO TRIÂNGULO MINEIRO",MG,Uberaba,70,27,7
4085,2024,3188,"INSTITUTO FEDERAL DE EDUCAÇÃO, CIÊNCIA E TECNOLOGIA DO NORTE DE MINAS GERAIS",MG,Montes Claros,194,75,14
4086,2024,3189,"INSTITUTO FEDERAL DE EDUCAÇÃO, CIÊNCIA E TECNOLOGIA DE MINAS GERAIS",MG,Belo Horizonte,372,118,65
4090,2024,3279,"INSTITUTO FEDERAL DE EDUCAÇÃO, CIÊNCIA E TECNOLOGIA DO SUDESTE DE MINAS GERAIS",MG,Juiz de Fora,199,72,16
4097,2024,3368,CENTRO UNIVERSITÁRIO DO SUL DE MINAS,MG,Varginha,532,414,173
4098,2024,3371,CENTRO UNIVERSITÁRIO DE PATOS DE MINAS,MG,Patos de Minas,73,90,15
4099,2024,3372,CENTRO UNIVERSITÁRIO DE LAVRAS,MG,Lavras,53,32,9
4103,2024,3430,"Faculdade Uberlandense de Núcleos Integrados de Ensino, Serviço Social e Aprendizagem",MG,Uberlândia,56,22,19
4134,2024,3983,CENTRO UNIVERSITÁRIO DE FORMIGA,MG,Formiga,6,2,2
4163,2024,4251,FACULDADE ANHANGUERA DE TECNOLOGIA DE BELO HORIZONTE,MG,Belo Horizonte,108,65,48
4168,2024,4362,FACULDADE ANHANGUERA DE BETIM,MG,Betim,30,2,17
4188,2024,4722,FACULDADES INTEGRADAS VIANNA JÚNIOR,MG,Juiz de Fora,1,0,1
4193,2024,4766,Centro Universitário UNA de Contagem,MG,Contagem,126,73,67
4199,2024,4910,FACULDADE DO TRABALHO,MG,Uberlândia,20,21,0
4202,2024,4962,CENTRO UNIVERSITÁRIO DE SETE LAGOAS,MG,Sete Lagoas,14,0,0
4218,2024,5370,Centro Universitário Doctum de Teófilo Otoni,MG,Teófilo Otoni,293,316,38
4249,2024,13034,Faculdade Coram Deo,MG,Uberlândia,12,11,0
4251,2024,13300,FACULDADE ADJETIVO CETEP,MG,Mariana,3,0,2
4255,2024,13663,FACULDADE ISEIB DE BETIM,MG,Betim,23,14,8
4256,2024,13684,FACULDADE ANHANGUERA DE CONTAGEM,MG,Contagem,67,57,24
4260,2024,13828,FACULDADE ISEIB DE BELO HORIZONTE,MG,Belo Horizonte,3,3,0
4262,2024,14028,Centro Universitário UNA de Betim,MG,Betim,52,16,31
4265,2024,14248,Faculdade Presidente Antônio Carlos de Uberlândia,MG,Uberlândia,74,16,19
4284,2024,15450,Centro Universitário Única,MG,Ipatinga,1267,705,52
4285,2024,15452,CENTRO UNIVERSITÁRIO UNA DE BOM DESPACHO,MG,Bom Despacho,3,0,1
4354,2024,18454,Faculdade Una de Sete Lagoas,MG,Sete Lagoas,1,1,1
4357,2024,18637,Faculdade IMES,MG,Governador Valadares,808,865,0
4364,2024,18952,Faculdade FAMART,MG,Itaúna,245,96,58
4366,2024,19207,Faculdade Supremo,MG,Belo Horizonte,4,4,0
4370,2024,19257,Faculdade UNA de Divinópolis,MG,Divinópolis,0,0,0
4388,2024,19865,Faculdade Una de Pouso Alegre,MG,Pouso Alegre,1,0,1
4394,2024,20053,FACULDADE UNIMED,MG,Belo Horizonte,120,98,33
4400,2024,20700,FACULDADE DE DESENVOLVIMENTO DO NORTE,MG,São Francisco,0,0,0
4403,2024,21200,Faculdade ISMD,MG,Belo Horizonte,45,22,24
4419,2024,21757,Fasul Educacional EaD,MG,São Lourenço,877,758,1
4426,2024,21888,Faculdade Rehagro,MG,Belo Horizonte,61,37,0
4434,2024,22103,Faculdade de Saúde Santa Casa BH,MG,Belo Horizonte,67,33,7
4443,2024,22455,Faculdade Líbano,MG,Araxá,19,24,0
4459,2024,22758,Faculdade Una de Itabira,MG,Itabira,0,0,0
4474,2024,23275,Faculdade de Agronomia UNA de Conselheiro Lafaiete,MG,Conselheiro Lafaiete,0,0,0
4475,2024,23280,FACULDADE DE EDUCAÇÃO SUPERIOR IESLA,MG,Belo Horizonte,2,3,0
4476,2024,23332,Faculdade ALFA de Teófilo Otoni,MG,Teófilo Otoni,199,107,23
4478,2024,23455,Faculdade Integrada Instituto Souza,MG,Ipatinga,15,7,3
4485,2024,23817,Faculdade de Ciências Médicas Cemepe,MG,Belo Horizonte,15,0,0
4493,2024,24214,Faculdade dos Gênios,MG,Ipatinga,164,0,82
4500,2024,24526,Faculdade Endex,MG,Pouso Alegre,19,15,4
2737,2023,27,Centro Universitário UninCor,MG,Três Corações,2,1,1
2738,2023,30,UNIVERSIDADE PROFESSOR EDSON ANTÔNIO VELANO,MG,Alfenas,34,33,0
2760,2023,143,UNIVERSIDADE DE UBERABA,MG,Uberaba,2758,1641,425
2792,2023,337,Centro Universitário Academia,MG,Juiz de Fora,28,17,9
2793,2023,338,PONTIFÍCIA UNIVERSIDADE CATÓLICA DE MINAS GERAIS,MG,Belo Horizonte,529,326,151
2794,2023,343,CENTRO UNIVERSITÁRIO NEWTON PAIVA,MG,Belo Horizonte,668,361,63
2795,2023,344,CENTRO UNIVERSITÁRIO UNA,MG,Belo Horizonte,1414,1752,280
2796,2023,349,CENTRO UNIVERSITÁRIO DE BELO HORIZONTE,MG,Belo Horizonte,6,6,0
2801,2023,367,UNIVERSIDADE ESTADUAL DE MONTES CLAROS,MG,Montes Claros,170,101,16
2844,2023,513,UNIVERSIDADE VALE DO RIO DOCE,MG,Governador Valadares,13,0,8
2893,2023,727,"FACULDADE DE FILOSOFIA, CIÊNCIAS E LETRAS DO ALTO SÃO FRANCISCO",MG,Luz,0,10,0
2904,2023,828,FACULDADE DE SÃO LOURENÇO,MG,São Lourenço,0,0,0
2920,2023,1036,UNIVERSIDADE DO ESTADO DE MINAS GERAIS,MG,Belo Horizonte,473,175,42
2973,2023,1346,FACULDADE BATISTA DE MINAS GERAIS,MG,Belo Horizonte,136,91,2
3000,2023,1468,FACULDADE ESAMC UBERLÂNDIA,MG,Uberlândia,0,3,0
3008,2023,1492,FACULDADE ANHANGUERA DE UBERLÂNDIA,MG,Uberlândia,5,0,4
3013,2023,1509,Centro Universitário Estácio de Belo Horizonte - Estácio BH,MG,Belo Horizonte,76,42,23
3022,2023,1557,UNIVERSIDADE FUMEC,MG,Belo Horizonte,63,32,16
3027,2023,1575,CENTRO UNIVERSITÁRIO DO PLANALTO DE ARAXÁ,MG,Araxá,133,33,17
3032,2023,1598,CENTRO UNIVERSITÁRIO UNA DE UBERLÂNDIA,MG,Uberlândia,5,5,1
3043,2023,1666,CENTRO UNIVERSITÁRIO UNIHORIZONTES,MG,Belo Horizonte,110,27,32
3049,2023,1700,FACULDADE PROMOVE DE SETE LAGOAS,MG,Sete Lagoas,5,0,5
3055,2023,1720,FACULDADE MINAS GERAIS,MG,Belo Horizonte,4,0,0
3072,2023,1786,INSTITUTO MACHADENSE DE ENSINO SUPERIOR,MG,Machado,113,33,19
3081,2023,1818,FACULDADE ANHANGUERA DE BELO HORIZONTE,MG,Belo Horizonte,0,0,0
3112,2023,1923,FACULDADE  ARNALDO JANSSEN,MG,Belo Horizonte,158,114,38
3121,2023,1984,Centro Universitário Unifacig,MG,Manhuaçu,20,15,2
3122,2023,1986,CENTRO UNIVERSITÁRIO ESTÁCIO JUIZ DE FORA - ESTÁCIO JUIZ DE FORA,MG,Juiz de Fora,0,0,0
3125,2023,2040,FACULDADE DO FUTURO,MG,Manhuaçu,14,12,4
3126,2023,2041,FACULDADE SUDAMÉRICA,MG,Cataguases,0,0,0
3134,2023,2145,FACULDADE PROMOVE DE TECNOLOGIA,MG,Belo Horizonte,2,1,1
3137,2023,2171,INSTITUTO BELO HORIZONTE DE ENSINO SUPERIOR,MG,Belo Horizonte,1,0,1
3143,2023,2241,CENTRO UNIVERSITÁRIO DO SUDESTE MINEIRO,MG,Juiz de Fora,1,3,1
3147,2023,2270,FACULDADE DE CIÊNCIAS SOCIAIS APLICADAS DE EXTREMA,MG,Extrema,172,82,52
3169,2023,2579,CENTRO UNIVERSITÁRIO ATENAS,MG,Paracatu,6,5,0
3186,2023,2910,FACULDADE VERDE NORTE,MG,Mato Verde,4,4,0
3196,2023,3165,"INSTITUTO FEDERAL DE EDUCAÇÃO, CIÊNCIA E TECNOLOGIA  DO TRIÂNGULO MINEIRO",MG,Uberaba,67,42,10
3200,2023,3188,"INSTITUTO FEDERAL DE EDUCAÇÃO, CIÊNCIA E TECNOLOGIA DO NORTE DE MINAS GERAIS",MG,Montes Claros,201,93,16
3201,2023,3189,"INSTITUTO FEDERAL DE EDUCAÇÃO, CIÊNCIA E TECNOLOGIA DE MINAS GERAIS",MG,Belo Horizonte,446,166,76
3205,2023,3279,"INSTITUTO FEDERAL DE EDUCAÇÃO, CIÊNCIA E TECNOLOGIA DO SUDESTE DE MINAS GERAIS",MG,Juiz de Fora,243,58,78
3213,2023,3368,CENTRO UNIVERSITÁRIO DO SUL DE MINAS,MG,Varginha,631,411,191
3214,2023,3371,CENTRO UNIVERSITÁRIO DE PATOS DE MINAS,MG,Patos de Minas,33,16,7
3215,2023,3372,CENTRO UNIVERSITÁRIO DE LAVRAS,MG,Lavras,53,54,12
3219,2023,3430,"Faculdade Uberlandense de Núcleos Integrados de Ensino, Serviço Social e Aprendizagem",MG,Uberlândia,72,72,24
3250,2023,3983,CENTRO UNIVERSITÁRIO DE FORMIGA,MG,Formiga,6,1,2
3281,2023,4251,FACULDADE ANHANGUERA DE TECNOLOGIA DE BELO HORIZONTE,MG,Belo Horizonte,136,85,53
3287,2023,4362,FACULDADE ANHANGUERA DE BETIM,MG,Betim,62,59,22
3308,2023,4722,FACULDADES INTEGRADAS VIANNA JÚNIOR,MG,Juiz de Fora,10,0,7
3313,2023,4766,Centro Universitário UNA de Contagem,MG,Contagem,178,90,74
3321,2023,4910,FACULDADE DO TRABALHO,MG,Uberlândia,9,0,8
3325,2023,4962,CENTRO UNIVERSITÁRIO DE SETE LAGOAS,MG,Sete Lagoas,22,10,2
3340,2023,5370,Centro Universitário Doctum de Teófilo Otoni,MG,Teófilo Otoni,207,31,55
3370,2023,13034,Faculdade Coram Deo,MG,Uberlândia,3,3,0
3371,2023,13300,FACULDADE ADJETIVO CETEP,MG,Mariana,8,0,8
3375,2023,13663,FACULDADE ISEIB DE BETIM,MG,Betim,18,9,5
3376,2023,13684,FACULDADE ANHANGUERA DE CONTAGEM,MG,Contagem,69,57,27
3380,2023,13828,FACULDADE ISEIB DE BELO HORIZONTE,MG,Belo Horizonte,0,0,0
3383,2023,14028,Centro Universitário UNA de Betim,MG,Betim,118,60,40
3386,2023,14248,Faculdade Presidente Antônio Carlos de Uberlândia,MG,Uberlândia,50,32,11
3409,2023,15450,Faculdade Única de Ipatinga,MG,Ipatinga,1210,813,202
3410,2023,15452,CENTRO UNIVERSITÁRIO UNA DE BOM DESPACHO,MG,Bom Despacho,7,2,1
3478,2023,18454,Faculdade Una de Sete Lagoas,MG,Sete Lagoas,9,8,4
3479,2023,18462,FACULDADE PROMOVE DE CURVELO,MG,Curvelo,0,0,0
3482,2023,18637,Faculdade IMES,MG,Governador Valadares,15,15,0
3489,2023,18952,Faculdade FAMART,MG,Itaúna,292,207,51
3491,2023,19207,Faculdade Supremo,MG,Belo Horizonte,0,4,0
3495,2023,19257,Faculdade UNA de Divinópolis,MG,Divinópolis,5,6,1
3502,2023,19512,Centro Universitário Imepac - Araguari,MG,Araguari,0,0,0
3513,2023,19865,Faculdade Una de Pouso Alegre,MG,Pouso Alegre,11,15,0
3517,2023,20053,FACULDADE UNIMED,MG,Belo Horizonte,125,41,24
3524,2023,20700,FACULDADE DE DESENVOLVIMENTO DO NORTE,MG,São Francisco,0,0,0
3527,2023,21200,Faculdade ISMD,MG,Belo Horizonte,36,50,8
3543,2023,21757,Fasul Educacional EaD,MG,São Lourenço,411,421,0
3554,2023,22103,Faculdade de Saúde Santa Casa BH,MG,Belo Horizonte,60,42,12
3564,2023,22455,Faculdade Líbano,MG,Araxá,27,39,27
3577,2023,22758,Faculdade Una de Itabira,MG,Itabira,1,1,0
3590,2023,23275,Faculdade de Agronomia UNA de Conselheiro Lafaiete,MG,Conselheiro Lafaiete,1,1,0
3591,2023,23332,Faculdade ALFA de Teófilo Otoni,MG,Teófilo Otoni,117,121,0
3593,2023,23455,Faculdade Integrada Instituto Souza,MG,Ipatinga,11,10,0
3599,2023,23817,Faculdade de Ciências Médicas Cemepe,MG,Belo Horizonte,21,41,0
3607,2023,24214,Faculdade dos Gênios,MG,Ipatinga,181,112,0
3610,2023,24526,Faculdade Endex,MG,Pouso Alegre,4,0,0
1819,2022,27,Centro Universitário Vale do Rio Verde,MG,Três Corações,35,28,0
1820,2022,30,Professor Edson Antônio Velano,MG,Alfenas,12,16,0
1841,2022,143,UNIVERSIDADE DE UBERABA,MG,Uberaba,2272,1383,426
1873,2022,337,Centro Universitário Academia,MG,Juiz de Fora,29,15,10
1874,2022,338,PONTIFÍCIA UNIVERSIDADE CATÓLICA DE MINAS GERAIS,MG,Belo Horizonte,384,295,64
1875,2022,343,CENTRO UNIVERSITÁRIO NEWTON PAIVA,MG,Belo Horizonte,624,362,113
1876,2022,344,CENTRO UNIVERSITÁRIO UNA,MG,Belo Horizonte,617,338,224
1877,2022,349,CENTRO UNIVERSITÁRIO DE BELO HORIZONTE,MG,Belo Horizonte,5,3,2
1882,2022,367,UNIVERSIDADE ESTADUAL DE MONTES CLAROS,MG,Montes Claros,118,42,15
1924,2022,513,UNIVERSIDADE VALE DO RIO DOCE,MG,Governador Valadares,13,5,2
1973,2022,727,"FACULDADE DE FILOSOFIA, CIÊNCIAS E LETRAS DO ALTO SÃO FRANCISCO",MG,Luz,0,14,0
1985,2022,828,FACULDADE DE SÃO LOURENÇO,MG,São Lourenço,3,0,2
1999,2022,1036,UNIVERSIDADE DO ESTADO DE MINAS GERAIS,MG,Belo Horizonte,392,171,88
2055,2022,1346,FACULDADE BATISTA DE MINAS GERAIS,MG,Belo Horizonte,95,76,6
2086,2022,1468,FACULDADE ESAMC UBERLÂNDIA,MG,Uberlândia,5,7,0
2094,2022,1492,FACULDADE ANHANGUERA DE UBERLÂNDIA,MG,Uberlândia,12,7,6
2101,2022,1509,Centro Universitário Estácio de Belo Horizonte - Estácio BH,MG,Belo Horizonte,93,55,35
2110,2022,1557,UNIVERSIDADE FUMEC,MG,Belo Horizonte,99,24,44
2116,2022,1575,CENTRO UNIVERSITÁRIO DO PLANALTO DE ARAXÁ,MG,Araxá,161,118,22
2120,2022,1586,UNIVERSIDADE DO VALE DO SAPUCAÍ,MG,Pouso Alegre,2,0,2
2122,2022,1598,CENTRO UNIVERSITÁRIO UNA DE UBERLÂNDIA,MG,Uberlândia,4,3,2
2133,2022,1666,CENTRO UNIVERSITÁRIO UNIHORIZONTES,MG,Belo Horizonte,171,47,81
2139,2022,1700,FACULDADE PROMOVE DE SETE LAGOAS,MG,Sete Lagoas,10,1,10
2146,2022,1720,FACULDADE MINAS GERAIS,MG,Belo Horizonte,6,0,2
2163,2022,1786,INSTITUTO MACHADENSE DE ENSINO SUPERIOR,MG,Machado,131,56,27
2174,2022,1818,FACULDADE ANHANGUERA DE BELO HORIZONTE,MG,Belo Horizonte,20,13,18
2204,2022,1923,FACULDADE  ARNALDO JANSSEN,MG,Belo Horizonte,153,113,45
2214,2022,1984,Centro Universitário Unifacig,MG,Manhuaçu,15,19,1
2215,2022,1986,CENTRO UNIVERSITÁRIO ESTÁCIO JUIZ DE FORA - ESTÁCIO JUIZ DE FORA,MG,Juiz de Fora,0,0,0
2219,2022,2040,FACULDADE DO FUTURO,MG,Manhuaçu,8,12,0
2220,2022,2041,FACULDADE SUDAMÉRICA,MG,Cataguases,0,1,0
2229,2022,2145,FACULDADE PROMOVE DE TECNOLOGIA,MG,Belo Horizonte,4,0,4
2238,2022,2200,FACULDADE VALE DO GORUTUBA,MG,Nova Porteirinha,0,0,0
2239,2022,2241,CENTRO UNIVERSITÁRIO DO SUDESTE MINEIRO,MG,Juiz de Fora,5,3,5
2244,2022,2270,FACULDADE DE CIÊNCIAS SOCIAIS APLICADAS DE EXTREMA,MG,Extrema,151,75,46
2266,2022,2579,CENTRO UNIVERSITÁRIO ATENAS,MG,Paracatu,6,6,0
2271,2022,2703,FACULDADE SENAC MINAS,MG,Contagem,1,0,1
2296,2022,3165,"INSTITUTO FEDERAL DE EDUCAÇÃO, CIÊNCIA E TECNOLOGIA  DO TRIÂNGULO MINEIRO",MG,Uberaba,90,46,11
2300,2022,3188,"INSTITUTO FEDERAL DE EDUCAÇÃO, CIÊNCIA E TECNOLOGIA DO NORTE DE MINAS GERAIS",MG,Montes Claros,167,66,25
2301,2022,3189,"INSTITUTO FEDERAL DE EDUCAÇÃO, CIÊNCIA E TECNOLOGIA DE MINAS GERAIS",MG,Belo Horizonte,436,177,86
2305,2022,3279,"INSTITUTO FEDERAL DE EDUCAÇÃO, CIÊNCIA E TECNOLOGIA DO SUDESTE DE MINAS GERAIS",MG,Juiz de Fora,224,75,22
2314,2022,3368,CENTRO UNIVERSITÁRIO DO SUL DE MINAS,MG,Varginha,819,388,184
2315,2022,3371,CENTRO UNIVERSITÁRIO DE PATOS DE MINAS,MG,Patos de Minas,117,80,18
2316,2022,3372,CENTRO UNIVERSITÁRIO DE LAVRAS,MG,Lavras,24,20,3
2320,2022,3430,"Faculdade Uberlandense de Núcleos Integrados de Ensino, Serviço Social e Aprendizagem",MG,Uberlândia,97,56,43
2336,2022,3786,FACULDADE DE ENSINO DE MINAS GERAIS,MG,Belo Horizonte,1,0,1
2354,2022,3983,CENTRO UNIVERSITÁRIO DE FORMIGA,MG,Formiga,9,8,0
2389,2022,4251,FACULDADE ANHANGUERA DE TECNOLOGIA DE BELO HORIZONTE,MG,Belo Horizonte,147,138,42
2395,2022,4362,FACULDADE ANHANGUERA DE BETIM,MG,Betim,65,69,19
2421,2022,4722,FACULDADES INTEGRADAS VIANNA JÚNIOR,MG,Juiz de Fora,46,14,28
2426,2022,4766,Centro Universitário UNA de Contagem,MG,Contagem,200,130,64
2433,2022,4910,FACULDADE DO TRABALHO,MG,Uberlândia,42,21,29
2437,2022,4962,CENTRO UNIVERSITÁRIO DE SETE LAGOAS,MG,Sete Lagoas,26,0,8
2453,2022,5369,FACULDADES INTEGRADAS ASMEC,MG,Ouro Fino,0,0,0
2454,2022,5370,Centro Universitário Doctum de Teófilo Otoni,MG,Teófilo Otoni,502,430,90
2487,2022,13034,Faculdade de Ensino Superior,MG,Uberlândia,0,0,0
2490,2022,13300,FACULDADE ADJETIVO CETEP,MG,Mariana,36,0,18
2495,2022,13663,FACULDADE ISEIB DE BETIM,MG,Betim,21,29,2
2496,2022,13684,FACULDADE ANHANGUERA DE CONTAGEM,MG,Contagem,104,99,49
2502,2022,13828,FACULDADE ISEIB DE BELO HORIZONTE,MG,Belo Horizonte,5,0,4
2505,2022,14028,Centro Universitário UNA de Betim,MG,Betim,119,88,26
2508,2022,14242,FACULDADE ÚNICA DE TIMÓTEO,MG,Timóteo,0,0,0
2509,2022,14246,Faculdade Presidente Antônio Carlos de Uberaba,MG,Uberaba,0,0,0
2510,2022,14248,Faculdade Presidente Antônio Carlos de Uberlândia,MG,Uberlândia,36,34,6
2534,2022,15450,Faculdade Única de Ipatinga,MG,Ipatinga,1237,1271,26
2535,2022,15452,CENTRO UNIVERSITÁRIO UNA DE BOM DESPACHO,MG,Bom Despacho,8,6,1
2603,2022,18454,Faculdade Una de Sete Lagoas,MG,Sete Lagoas,5,6,0
2604,2022,18462,FACULDADE PROMOVE DE CURVELO,MG,Curvelo,0,0,0
2612,2022,18952,Faculdade FAMART,MG,Itaúna,148,142,0
2614,2022,19207,Faculdade Supremo,MG,Belo Horizonte,0,5,0
2618,2022,19257,Faculdade UNA de Divinópolis,MG,Divinópolis,2,2,0
2627,2022,19512,Centro Universitário Imepac - Araguari,MG,Araguari,21,0,19
2637,2022,19865,Faculdade Una de Pouso Alegre,MG,Pouso Alegre,5,6,0
2642,2022,20053,FACULDADE UNIMED,MG,Belo Horizonte,131,119,23
2650,2022,20700,FACULDADE DE DESENVOLVIMENTO DO NORTE,MG,São Francisco,7,0,7
2653,2022,21200,Faculdade ISMD,MG,Belo Horizonte,8,18,0
2677,2022,22103,FACULDADE SANTA CASA DE BELO HORIZONTE,MG,Belo Horizonte,47,17,8
2686,2022,22455,FGW - Faculdade de Gestão WOLI,MG,Araxá,123,128,14
2711,2022,23455,Faculdade Integrada Instituto Souza,MG,Ipatinga,12,14,0
2719,2022,24214,Faculdade dos Gênios,MG,Ipatinga,95,95,0
2720,2022,24526,Faculdade Endex,MG,Pouso Alegre,8,8,0
911,2021,27,Centro Universitário Vale do Rio Verde,MG,Três Corações,19,0,12
931,2021,143,UNIVERSIDADE DE UBERABA,MG,Uberaba,1973,1202,412
963,2021,337,Centro Universitário Academia,MG,Juiz de Fora,27,13,5
964,2021,338,PONTIFÍCIA UNIVERSIDADE CATÓLICA DE MINAS GERAIS,MG,Belo Horizonte,219,249,0
965,2021,343,CENTRO UNIVERSITÁRIO NEWTON PAIVA,MG,Belo Horizonte,856,395,250
966,2021,344,CENTRO UNIVERSITÁRIO UNA,MG,Belo Horizonte,974,506,436
967,2021,349,CENTRO UNIVERSITÁRIO DE BELO HORIZONTE,MG,Belo Horizonte,2,0,1
972,2021,367,UNIVERSIDADE ESTADUAL DE MONTES CLAROS,MG,Montes Claros,216,53,71
1012,2021,513,UNIVERSIDADE VALE DO RIO DOCE,MG,Governador Valadares,17,11,8
1023,2021,545,FACULDADE DE DESENVOLVIMENTO DAS CIÊNCIAS E HUMANIDADES,MG,Itabira,1,0,1
1063,2021,727,"FACULDADE DE FILOSOFIA, CIÊNCIAS E LETRAS DO ALTO SÃO FRANCISCO",MG,Luz,0,10,0
1075,2021,828,FACULDADE DE SÃO LOURENÇO,MG,São Lourenço,12,0,7
1088,2021,1036,UNIVERSIDADE DO ESTADO DE MINAS GERAIS,MG,Belo Horizonte,471,192,7
1148,2021,1346,FACULDADE BATISTA DE MINAS GERAIS,MG,Belo Horizonte,24,26,0
1187,2021,1492,FACULDADE PITÁGORAS DE UBERLÂNDIA,MG,Uberlândia,28,23,10
1194,2021,1509,Centro Universitário Estácio de Belo Horizonte - Estácio BH,MG,Belo Horizonte,122,49,38
1203,2021,1557,UNIVERSIDADE FUMEC,MG,Belo Horizonte,146,54,55
1204,2021,1558,Faculdade Doctum de João Monlevade,MG,João Monlevade,3,4,3
1211,2021,1575,CENTRO UNIVERSITÁRIO DO PLANALTO DE ARAXÁ,MG,Araxá,104,72,10
1215,2021,1586,UNIVERSIDADE DO VALE DO SAPUCAÍ,MG,Pouso Alegre,1,0,1
1217,2021,1598,CENTRO UNIVERSITÁRIO UNA DE UBERLÂNDIA,MG,Uberlândia,2,1,1
1229,2021,1666,CENTRO UNIVERSITÁRIO UNIHORIZONTES,MG,Belo Horizonte,302,148,115
1236,2021,1700,FACULDADE PROMOVE DE SETE LAGOAS,MG,Sete Lagoas,38,0,32
1242,2021,1720,FACULDADE MINAS GERAIS,MG,Belo Horizonte,10,9,0
1258,2021,1786,INSTITUTO MACHADENSE DE ENSINO SUPERIOR,MG,Machado,117,60,13
1271,2021,1818,FACULDADE PITÁGORAS DE BELO HORIZONTE,MG,Belo Horizonte,127,54,99
1300,2021,1923,FACULDADE  ARNALDO JANSSEN,MG,Belo Horizonte,176,87,62
1309,2021,1984,Centro Universitário Unifacig,MG,Manhuaçu,9,16,0
1310,2021,1986,CENTRO UNIVERSITÁRIO ESTÁCIO JUIZ DE FORA - ESTÁCIO JUIZ DE FORA,MG,Juiz de Fora,0,0,0
1314,2021,2040,FACULDADE DO FUTURO,MG,Manhuaçu,6,11,0
1324,2021,2145,FACULDADE PROMOVE DE TECNOLOGIA,MG,Belo Horizonte,19,4,15
1328,2021,2171,INSTITUTO BELO HORIZONTE DE ENSINO SUPERIOR,MG,Belo Horizonte,3,0,3
1334,2021,2200,FACULDADE VALE DO GORUTUBA,MG,Nova Porteirinha,1,0,0
1335,2021,2229,FACULDADE UNIS SÃO LOURENÇO,MG,São Lourenço,2,0,2
1336,2021,2241,CENTRO UNIVERSITÁRIO DO SUDESTE MINEIRO,MG,Juiz de Fora,38,0,33
1341,2021,2270,FACULDADE DE CIÊNCIAS SOCIAIS APLICADAS DE EXTREMA,MG,Extrema,164,66,64
1342,2021,2275,FACULDADE SANTO AGOSTINHO,MG,Montes Claros,0,0,0
1365,2021,2579,CENTRO UNIVERSITÁRIO ATENAS,MG,Paracatu,8,9,0
1369,2021,2703,FACULDADE SENAC MINAS,MG,Contagem,10,0,9
1396,2021,3165,"INSTITUTO FEDERAL DE EDUCAÇÃO, CIÊNCIA E TECNOLOGIA  DO TRIÂNGULO MINEIRO",MG,Uberaba,74,43,13
1400,2021,3188,"INSTITUTO FEDERAL DE EDUCAÇÃO, CIÊNCIA E TECNOLOGIA DO NORTE DE MINAS GERAIS",MG,Montes Claros,200,114,6
1401,2021,3189,"INSTITUTO FEDERAL DE EDUCAÇÃO, CIÊNCIA E TECNOLOGIA DE MINAS GERAIS",MG,Belo Horizonte,502,176,74
1405,2021,3279,"INSTITUTO FEDERAL DE EDUCAÇÃO, CIÊNCIA E TECNOLOGIA DO SUDESTE DE MINAS GERAIS",MG,Juiz de Fora,218,76,56
1414,2021,3368,CENTRO UNIVERSITÁRIO DO SUL DE MINAS,MG,Varginha,824,556,205
1415,2021,3371,CENTRO UNIVERSITÁRIO DE PATOS DE MINAS,MG,Patos de Minas,154,149,19
1416,2021,3372,CENTRO UNIVERSITÁRIO DE LAVRAS,MG,Lavras,35,18,18
1420,2021,3430,"Faculdade Uberlandense de Núcleos Integrados de Ensino, Serviço Social e Aprendizagem",MG,Uberlândia,183,106,86
1433,2021,3786,FACULDADE DE ENSINO DE MINAS GERAIS,MG,Belo Horizonte,23,0,23
1453,2021,3983,CENTRO UNIVERSITÁRIO DE FORMIGA,MG,Formiga,6,14,0
1489,2021,4251,FACULDADE PITÁGORAS DE TECNOLOGIA DE BELO HORIZONTE,MG,Belo Horizonte,193,89,123
1496,2021,4362,FACULDADE PITÁGORAS DE BETIM,MG,Betim,138,84,89
1522,2021,4722,FACULDADES INTEGRADAS VIANNA JÚNIOR,MG,Juiz de Fora,52,36,11
1527,2021,4766,Centro Universitário UNA de Contagem,MG,Contagem,128,135,13
1534,2021,4910,FACULDADE DO TRABALHO,MG,Uberlândia,134,60,77
1538,2021,4962,CENTRO UNIVERSITÁRIO DE SETE LAGOAS,MG,Sete Lagoas,58,0,30
1554,2021,5369,FACULDADES INTEGRADAS ASMEC,MG,Ouro Fino,5,0,5
1555,2021,5370,Centro Universitário Doctum de Teófilo Otoni,MG,Teófilo Otoni,36,291,9
1588,2021,13034,Faculdade de Ensino Superior,MG,Uberlândia,3,3,0
1591,2021,13300,FACULDADE ADJETIVO CETEP,MG,Mariana,61,0,20
1597,2021,13663,FACULDADE ISEIB DE BETIM,MG,Betim,3,0,2
1598,2021,13684,FACULDADE PITÁGORAS DE CONTAGEM,MG,Contagem,181,166,96
1604,2021,13828,FACULDADE ISEIB DE BELO HORIZONTE,MG,Belo Horizonte,62,3,51
1607,2021,14028,Centro Universitário UNA de Betim,MG,Betim,72,79,8
1610,2021,14242,FACULDADE ÚNICA DE TIMÓTEO,MG,Timóteo,0,0,0
1611,2021,14246,Faculdade Presidente Antônio Carlos de Uberaba,MG,Uberaba,6,1,1
1612,2021,14248,Faculdade Presidente Antônio Carlos de Uberlândia,MG,Uberlândia,6,0,0
1636,2021,15450,Faculdade Única de Ipatinga,MG,Ipatinga,612,1151,3
1637,2021,15452,CENTRO UNIVERSITÁRIO UNA DE BOM DESPACHO,MG,Bom Despacho,3,5,0
1638,2021,15453,Faculdade Presidente Antônio Carlos de Conselheiro Lafaiete,MG,Conselheiro Lafaiete,10,0,10
1708,2021,18462,FACULDADE PROMOVE DE CURVELO,MG,Curvelo,12,0,11
1718,2021,18952,Faculdade FAMART,MG,Itaúna,10,10,0
1731,2021,19512,Centro Universitário Imepac - Araguari,MG,Araguari,27,0,4
1745,2021,20053,FACULDADE UNIMED,MG,Belo Horizonte,160,129,33
1753,2021,20700,FACULDADE DE DESENVOLVIMENTO DO NORTE,MG,São Francisco,17,0,11
1756,2021,21200,Faculdade ISMD,MG,Belo Horizonte,29,8,17
1779,2021,22103,FACULDADE SANTA CASA DE BELO HORIZONTE,MG,Belo Horizonte,38,29,0
1785,2021,22455,FGW - Faculdade de Gestão WOLI,MG,Araxá,137,237,7
9,2020,27,UNIVERSIDADE VALE DO RIO VERDE,MG,Três Corações,45,28,6
29,2020,143,UNIVERSIDADE DE UBERABA,MG,Uberaba,1612,822,431
62,2020,337,Centro Universitário Academia,MG,Juiz de Fora,33,25,13
63,2020,338,PONTIFÍCIA UNIVERSIDADE CATÓLICA DE MINAS GERAIS,MG,Belo Horizonte,1,0,1
64,2020,343,CENTRO UNIVERSITÁRIO NEWTON PAIVA,MG,Belo Horizonte,772,418,229
65,2020,344,CENTRO UNIVERSITÁRIO UNA,MG,Belo Horizonte,1218,750,454
66,2020,349,CENTRO UNIVERSITÁRIO DE BELO HORIZONTE,MG,Belo Horizonte,62,2,54
71,2020,367,UNIVERSIDADE ESTADUAL DE MONTES CLAROS,MG,Montes Claros,201,59,18
111,2020,513,UNIVERSIDADE VALE DO RIO DOCE,MG,Governador Valadares,22,9,13
160,2020,727,"FACULDADE DE FILOSOFIA, CIÊNCIAS E LETRAS DO ALTO SÃO FRANCISCO",MG,Luz,0,14,0
173,2020,828,FACULDADE DE SÃO LOURENÇO,MG,São Lourenço,30,0,19
186,2020,1036,UNIVERSIDADE DO ESTADO DE MINAS GERAIS,MG,Belo Horizonte,452,206,59
250,2020,1346,FACULDADE BATISTA DE MINAS GERAIS,MG,Belo Horizonte,3,5,0
288,2020,1492,FACULDADE PITÁGORAS DE UBERLÂNDIA,MG,Uberlândia,76,52,49
295,2020,1509,Centro Universitário Estácio de Belo Horizonte - Estácio BH,MG,Belo Horizonte,163,149,31
304,2020,1557,UNIVERSIDADE FUMEC,MG,Belo Horizonte,162,87,48
305,2020,1558,Faculdade Doctum de João Monlevade,MG,João Monlevade,34,2,20
311,2020,1575,CENTRO UNIVERSITÁRIO DO PLANALTO DE ARAXÁ,MG,Araxá,111,89,12
315,2020,1586,UNIVERSIDADE DO VALE DO SAPUCAÍ,MG,Pouso Alegre,60,0,58
316,2020,1598,CENTRO UNIVERSITÁRIO UNA DE UBERLÂNDIA,MG,Uberlândia,18,5,17
328,2020,1666,CENTRO UNIVERSITÁRIO UNIHORIZONTES,MG,Belo Horizonte,369,156,144
341,2020,1720,FACULDADE MINAS GERAIS,MG,Belo Horizonte,2,0,2
356,2020,1786,INSTITUTO MACHADENSE DE ENSINO SUPERIOR,MG,Machado,71,72,0
370,2020,1818,FACULDADE PITÁGORAS DE BELO HORIZONTE,MG,Belo Horizonte,486,252,258
373,2020,1825,FACULDADE DE ESTUDOS SUPERIORES DE MINAS GERAIS,MG,Belo Horizonte,6,6,0
386,2020,1860,FACULDADE DE CIÊNCIAS GERENCIAIS PADRE ARNALDO JANSSEN,MG,Belo Horizonte,270,133,119
400,2020,1923,FACULDADE DE DIREITO PADRE ARNALDO JANSSEN,MG,Belo Horizonte,4,5,0
410,2020,1984,Centro Universitário Unifacig,MG,Manhuaçu,0,0,0
411,2020,1986,CENTRO UNIVERSITÁRIO ESTÁCIO JUIZ DE FORA - ESTÁCIO JUIZ DE FORA,MG,Juiz de Fora,8,2,3
424,2020,2145,FACULDADE PROMOVE DE TECNOLOGIA,MG,Belo Horizonte,28,8,7
428,2020,2171,INSTITUTO BELO HORIZONTE DE ENSINO SUPERIOR,MG,Belo Horizonte,23,7,19
435,2020,2200,FACULDADE VALE DO GORUTUBA,MG,Nova Porteirinha,7,0,5
436,2020,2229,FACULDADE UNIS SÃO LOURENÇO,MG,São Lourenço,7,0,5
437,2020,2241,CENTRO UNIVERSITÁRIO DO SUDESTE MINEIRO,MG,Juiz de Fora,111,48,62
442,2020,2270,FACULDADE DE CIÊNCIAS SOCIAIS APLICADAS DE EXTREMA,MG,Extrema,234,127,105
443,2020,2275,FACULDADE SANTO AGOSTINHO,MG,Montes Claros,9,0,9
469,2020,2579,CENTRO UNIVERSITÁRIO ATENAS,MG,Paracatu,8,9,0
473,2020,2703,FACULDADE SENAC MINAS,MG,Contagem,47,15,32
495,2020,3149,FACULDADE PITÁGORAS DE DIVINÓPOLIS - FPD,MG,Divinópolis,11,4,11
500,2020,3165,"INSTITUTO FEDERAL DE EDUCAÇÃO, CIÊNCIA E TECNOLOGIA  DO TRIÂNGULO MINEIRO",MG,Uberaba,93,48,21
505,2020,3188,"INSTITUTO FEDERAL DE EDUCAÇÃO, CIÊNCIA E TECNOLOGIA DO NORTE DE MINAS GERAIS",MG,Montes Claros,171,115,6
506,2020,3189,"INSTITUTO FEDERAL DE EDUCAÇÃO, CIÊNCIA E TECNOLOGIA DE MINAS GERAIS",MG,Belo Horizonte,449,88,58
508,2020,3205,CENTRO UNIVERSITÁRIO DE VIÇOSA,MG,Viçosa,0,0,0
511,2020,3279,"INSTITUTO FEDERAL DE EDUCAÇÃO, CIÊNCIA E TECNOLOGIA DO SUDESTE DE MINAS GERAIS",MG,Juiz de Fora,197,76,53
520,2020,3368,CENTRO UNIVERSITÁRIO DO SUL DE MINAS,MG,Varginha,696,437,250
521,2020,3371,CENTRO UNIVERSITÁRIO DE PATOS DE MINAS,MG,Patos de Minas,144,111,28
522,2020,3372,CENTRO UNIVERSITÁRIO DE LAVRAS,MG,Lavras,45,12,18
526,2020,3430,"Faculdade Uberlandense de Núcleos Integrados de Ensino, Serviço Social e Aprendizagem",MG,Uberlândia,279,125,124
541,2020,3786,FACULDADE DE ENSINO DE MINAS GERAIS,MG,Belo Horizonte,76,36,50
558,2020,3955,FACULDADES INTEGRADAS DE CATAGUASES,MG,Cataguases,0,0,0
595,2020,4251,FACULDADE PITÁGORAS DE TECNOLOGIA DE BELO HORIZONTE,MG,Belo Horizonte,385,248,182
602,2020,4362,FACULDADE PITÁGORAS DE BETIM,MG,Betim,228,139,91
626,2020,4722,FACULDADES INTEGRADAS VIANNA JÚNIOR,MG,Juiz de Fora,110,33,66
631,2020,4766,Centro Universitário UNA de Contagem,MG,Contagem,6,6,1
640,2020,4910,FACULDADE DO TRABALHO,MG,Uberlândia,172,133,55
644,2020,4962,CENTRO UNIVERSITÁRIO DE SETE LAGOAS,MG,Sete Lagoas,171,74,41
661,2020,5369,FACULDADES INTEGRADAS ASMEC,MG,Ouro Fino,13,9,8
662,2020,5370,Centro Universitário Doctum de Teófilo Otoni,MG,Teófilo Otoni,125,236,1
697,2020,13034,FACULDADE SHALOM DE ENSINO SUPERIOR,MG,Uberlândia,0,0,0
700,2020,13300,FACULDADE ADJETIVO CETEP,MG,Mariana,68,16,4
706,2020,13663,FACULDADE ISEIB DE BETIM,MG,Betim,12,0,5
708,2020,13684,FACULDADE PITÁGORAS DE CONTAGEM,MG,Contagem,263,125,156
714,2020,13828,FACULDADE ISEIB DE BELO HORIZONTE,MG,Belo Horizonte,96,1,3
719,2020,14028,Centro Universitário UNA de Betim,MG,Betim,74,27,53
722,2020,14242,FACULDADE ÚNICA DE TIMÓTEO,MG,Timóteo,5,1,5
723,2020,14246,Faculdade Presidente Antônio Carlos de Uberaba,MG,Uberaba,20,3,9
724,2020,14248,Faculdade Presidente Antônio Carlos de Uberlândia,MG,Uberlândia,6,7,0
746,2020,15450,Faculdade Única de Ipatinga,MG,Ipatinga,352,126,164
747,2020,15452,CENTRO UNIVERSITÁRIO UNA DE BOM DESPACHO,MG,Bom Despacho,0,0,0
748,2020,15453,Faculdade Presidente Antônio Carlos de Conselheiro Lafaiete,MG,Conselheiro Lafaiete,15,1,0
806,2020,18036,FACULDADE DE EMPREENDEDORISMO E CIÊNCIAS HUMANAS,MG,Uberlândia,10,0,10
815,2020,18462,FACULDADE PROMOVE DE CURVELO,MG,Curvelo,10,0,0
839,2020,19512,Centro Universitário Imepac - Araguari,MG,Araguari,51,30,20
840,2020,19555,Favenorte de Porteirinha,MG,Porteirinha,15,0,15
851,2020,20053,FACULDADE UNIMED,MG,Belo Horizonte,103,14,10
857,2020,20700,FACULDADE DE DESENVOLVIMENTO DO NORTE,MG,São Francisco,36,19,12
859,2020,21200,Faculdade ISMD,MG,Belo Horizonte,25,14,0
879,2020,22103,FACULDADE SANTA CASA DE BELO HORIZONTE,MG,Belo Horizonte,25,27,0
884,2020,22455,FGW - Faculdade de Gestão WOLI,MG,Araxá,48,112,0
3757,2024,548,UNIVERSIDADE FEDERAL DO MARANHÃO,MA,São Luís,141,144,0
3759,2024,568,UNIVERSIDADE ESTADUAL DO MARANHÃO,MA,São Luís,121,46,18
3767,2024,600,"INSTITUTO FEDERAL DE EDUCAÇÃO, CIÊNCIA E TECNOLOGIA DO MARANHÃO",MA,São Luís,125,35,53
3806,2024,823,UNIVERSIDADE CEUMA,MA,São Luís,110,66,22
3842,2024,1115,Centro Universitário Santa Terezinha,MA,São Luís,260,107,130
3932,2024,1590,CENTRO UNIVERSITÁRIO ESTÁCIO DE SÃO LUÍS,MA,São Luís,15,0,13
3998,2024,1885,CENTRO UNIVERSITÁRIO UNIDADE DE ENSINO SUPERIOR DOM BOSCO,MA,São Luís,26,19,8
4006,2024,1931,INSTITUTO DE ENSINO SUPERIOR FRANCISCANO,MA,Paço do Lumiar,149,60,38
4031,2024,2189,FACULDADE DO MARANHÃO,MA,São Luís,6,0,1
4050,2024,2539,FACULDADE EVANGÉLICA DO MEIO NORTE,MA,Coroatá,1,0,1
4170,2024,4399,CENTRO UNIVERSITÁRIO DE BALSAS,MA,Balsas,38,1,0
4261,2024,13897,FACULDADE LABORO,MA,São Luís,287,140,65
4312,2024,16245,FACULDADE ESCOLA DE NEGÓCIOS EXCELLENCE,MA,São Luís,0,0,0
4323,2024,17326,FACULDADE GIANNA BERETTA,MA,São Luís,63,14,18
4324,2024,17352,Faculdade de Educação Memorial Adelaide Franco,MA,Pedreiras,0,0,0
4351,2024,18253,FACULDADE VALE DO AÇO,MA,Açailândia,23,7,5
4483,2024,23776,FACULDADE DE ENSINO SUPERIOR DO LAGO,MA,Timon,5,6,0
4496,2024,24412,FACULDADE EDUFOR,MA,São Luís,77,82,0
2854,2023,568,UNIVERSIDADE ESTADUAL DO MARANHÃO,MA,São Luís,97,12,36
2862,2023,600,"INSTITUTO FEDERAL DE EDUCAÇÃO, CIÊNCIA E TECNOLOGIA DO MARANHÃO",MA,São Luís,186,27,27
2902,2023,823,UNIVERSIDADE CEUMA,MA,São Luís,143,111,23
2939,2023,1115,Centro Universitário Santa Terezinha,MA,São Luís,337,147,140
2999,2023,1452,FACULDADE ANHANGUERA DO MARANHÃO,MA,São Luís,0,0,0
3031,2023,1590,CENTRO UNIVERSITÁRIO ESTÁCIO DE SÃO LUÍS,MA,São Luís,24,14,4
3092,2023,1847,FACULDADE ANHANGUERA DE IMPERATRIZ,MA,Imperatriz,1,0,1
3102,2023,1885,CENTRO UNIVERSITÁRIO UNIDADE DE ENSINO SUPERIOR DOM BOSCO,MA,São Luís,20,13,1
3113,2023,1931,INSTITUTO DE ENSINO SUPERIOR FRANCISCANO,MA,Paço do Lumiar,174,79,46
3141,2023,2189,FACULDADE DO MARANHÃO,MA,São Luís,14,6,7
3164,2023,2539,FACULDADE EVANGÉLICA DO MEIO NORTE,MA,Coroatá,13,0,12
3289,2023,4399,FACULDADE DE BALSAS,MA,Balsas,2,0,0
3319,2023,4865,FACULDADE ANHANGUERA DE SÃO LUIZ,MA,São Luís,4,0,4
3382,2023,13897,FACULDADE LABORO,MA,São Luís,283,253,17
3437,2023,16245,FACULDADE ESCOLA DE NEGÓCIOS EXCELLENCE,MA,São Luís,0,0,0
3447,2023,17326,FACULDADE GIANNA BERETTA,MA,São Luís,71,30,5
3597,2023,23776,FACULDADE DE ENSINO SUPERIOR DO LAGO,MA,Timon,3,3,1
1934,2022,568,UNIVERSIDADE ESTADUAL DO MARANHÃO,MA,São Luís,106,65,1
1942,2022,600,"INSTITUTO FEDERAL DE EDUCAÇÃO, CIÊNCIA E TECNOLOGIA DO MARANHÃO",MA,São Luís,223,37,10
1983,2022,823,UNIVERSIDADE CEUMA,MA,São Luís,87,52,24
2020,2022,1115,FACULDADE SANTA TEREZINHA,MA,São Luís,357,166,177
2084,2022,1452,FACULDADE ANHANGUERA DO MARANHÃO,MA,São Luís,5,3,3
2121,2022,1590,CENTRO UNIVERSITÁRIO ESTÁCIO DE SÃO LUÍS,MA,São Luís,21,28,0
2185,2022,1847,FACULDADE ANHANGUERA DE IMPERATRIZ,MA,Imperatriz,4,0,3
2194,2022,1885,CENTRO UNIVERSITÁRIO UNIDADE DE ENSINO SUPERIOR DOM BOSCO,MA,São Luís,23,11,6
2205,2022,1931,INSTITUTO DE ENSINO SUPERIOR FRANCISCANO,MA,Paço do Lumiar,165,59,42
2237,2022,2189,FACULDADE DO MARANHÃO,MA,São Luís,24,7,15
2260,2022,2539,FACULDADE EVANGÉLICA DO MEIO NORTE,MA,Coroatá,14,0,0
2397,2022,4399,FACULDADE DE BALSAS,MA,Balsas,13,14,0
2431,2022,4865,FACULDADE ANHANGUERA DE SÃO LUIZ,MA,São Luís,13,2,6
2504,2022,13897,FACULDADE LABORO,MA,São Luís,254,131,131
2561,2022,16245,FACULDADE ESCOLA DE NEGÓCIOS EXCELLENCE,MA,São Luís,0,0,0
2571,2022,17326,FACULDADE GIANNA BERETTA,MA,São Luís,58,21,19
1024,2021,568,UNIVERSIDADE ESTADUAL DO MARANHÃO,MA,São Luís,59,8,0
1032,2021,600,"INSTITUTO FEDERAL DE EDUCAÇÃO, CIÊNCIA E TECNOLOGIA DO MARANHÃO",MA,São Luís,236,38,25
1073,2021,823,UNIVERSIDADE CEUMA,MA,São Luís,132,93,29
1109,2021,1115,FACULDADE SANTA TEREZINHA,MA,São Luís,335,164,57
1177,2021,1452,FACULDADE PITÁGORAS DO MARANHÃO,MA,São Luís,31,8,23
1216,2021,1590,CENTRO UNIVERSITÁRIO ESTÁCIO DE SÃO LUÍS,MA,São Luís,7,14,0
1281,2021,1847,FACULDADE PITÁGORAS DE IMPERATRIZ,MA,Imperatriz,28,10,16
1290,2021,1885,CENTRO UNIVERSITÁRIO UNIDADE DE ENSINO SUPERIOR DOM BOSCO,MA,São Luís,23,6,4
1301,2021,1931,INSTITUTO DE ENSINO SUPERIOR FRANCISCANO,MA,Paço do Lumiar,161,62,42
1332,2021,2189,FACULDADE DO MARANHÃO,MA,São Luís,35,9,15
1359,2021,2539,FACULDADE EVANGÉLICA DO MEIO NORTE,MA,Coroatá,25,17,9
1532,2021,4865,FACULDADE PITÁGORAS DE SÃO LUIZ,MA,São Luís,75,33,50
1606,2021,13897,FACULDADE LABORO,MA,São Luís,440,217,70
1675,2021,17326,FACULDADE GIANNA BERETTA,MA,São Luís,70,44,18
1705,2021,18253,FACULDADE VALE DO AÇO,MA,Açailândia,32,9,9
1710,2021,18639,Faculdade Pitágoras de Bacabal,MA,Bacabal,4,0,4
122,2020,568,UNIVERSIDADE ESTADUAL DO MARANHÃO,MA,São Luís,93,85,0
171,2020,823,UNIVERSIDADE CEUMA,MA,São Luís,169,72,44
209,2020,1115,FACULDADE SANTA TEREZINHA,MA,São Luís,360,257,154
278,2020,1452,FACULDADE PITÁGORAS DO MARANHÃO,MA,São Luís,75,78,35
340,2020,1717,Faculdade de Imperatriz Wyden,MA,Imperatriz,0,0,0
381,2020,1847,FACULDADE PITÁGORAS DE IMPERATRIZ,MA,Imperatriz,54,56,21
391,2020,1885,CENTRO UNIVERSITÁRIO UNIDADE DE ENSINO SUPERIOR DOM BOSCO,MA,São Luís,25,26,0
401,2020,1931,INSTITUTO DE ENSINO SUPERIOR FRANCISCANO,MA,Paço do Lumiar,233,61,65
433,2020,2189,FACULDADE DO MARANHÃO,MA,São Luís,40,20,0
637,2020,4865,FACULDADE PITÁGORAS DE SÃO LUIZ,MA,São Luís,153,117,78
717,2020,13897,FACULDADE LABORO,MA,São Luís,486,131,128
784,2020,17326,FACULDADE GIANNA BERETTA,MA,São Luís,140,20,97
818,2020,18639,Faculdade Pitágoras de Bacabal,MA,Bacabal,13,19,9
3650,2024,47,UNIVERSIDADE ESTADUAL DE GOIÁS,GO,Anápolis,150,75,51
3710,2024,384,Universidade Evangélica de Goiás,GO,Anápolis,75,21,36
3712,2024,386,CENTRO UNIVERSITÁRIO DE GOIÁS,GO,Goiânia,365,78,118
3755,2024,527,PONTIFÍCIA UNIVERSIDADE CATÓLICA DE GOIÁS,GO,Goiânia,241,151,20
3807,2024,826,CENTRO UNIVERSITÁRIO DE DESENVOLVIMENTO DO CENTRO OESTE,GO,Luziânia,35,18,14
3815,2024,939,FACULDADE CATÓLICA DE ANÁPOLIS,GO,Anápolis,10,0,10
3850,2024,1160,Centro Universitário Cambury,GO,Goiânia,63,44,25
3861,2024,1237,CENTRO UNIVERSITÁRIO NOSSA SENHORA APARECIDA,GO,Aparecida de Goiânia,154,57,64
3869,2024,1303,"INSTITUTO FEDERAL DE EDUCAÇÃO, CIÊNCIA E TECNOLOGIA GOIANO",GO,Goiânia,117,37,6
3898,2024,1440,INSTITUTO APHONSIANO DE ENSINO SUPERIOR,GO,Trindade,9,3,5
3909,2024,1493,CENTRO UNIVERSITÁRIO ALVES FARIA,GO,Goiânia,120,69,15
3926,2024,1573,CENTRO UNIVERSITÁRIO ALFREDO NASSER,GO,Aparecida de Goiânia,24,0,8
3942,2024,1663,Centro Universitário Araguaia,GO,Goiânia,120,72,24
3950,2024,1703,Centro Universitário UniBRAS Rio Verde,GO,Rio Verde,4,10,4
3977,2024,1811,"INSTITUTO FEDERAL DE EDUCAÇÃO, CIÊNCIA E TECNOLOGIA DE GOIÁS",GO,Goiânia,64,43,16
3982,2024,1822,Centro Universitário Sul-Americana,GO,Goiânia,14,10,8
4036,2024,2288,FACULDADE ALMEIDA RODRIGUES,GO,Rio Verde,44,18,9
4037,2024,2336,CENTRO UNIVERSITÁRIO UNIBRAS MONTES BELOS,GO,São Luís de Montes Belos,10,19,4
4048,2024,2501,CENTRO UNIVERSITÁRIO ESTÁCIO DE GOIÁS,GO,Goiânia,51,45,16
4062,2024,2756,FACULDADE ANHANGUERA DE VALPARAÍSO,GO,Valparaíso de Goiás,0,0,0
4064,2024,2770,Centro Universitário FACUNICAMPS,GO,Goiânia,57,47,3
4065,2024,2796,Centro Universitário de Iporá,GO,Iporá,3,1,2
4128,2024,3877,FACULDADE MAUÁ DE GOIÁS,GO,Águas Lindas de Goiás,57,27,25
4129,2024,3920,FACULDADE DE TECNOLOGIA SENAI ROBERTO MANGE,GO,Anápolis,20,27,0
4156,2024,4101,FACULDADE DE TECNOLOGIA SENAI DE DESENVOLVIMENTO GERENCIAL,GO,Goiânia,48,14,18
4158,2024,4123,Faculdade de Gestão e Inovação,GO,Jataí,94,63,0
4184,2024,4669,FACULDADE DELTA,GO,Goiânia,0,1,0
4185,2024,4699,FACULDADE NOROESTE,GO,Goiânia,18,10,3
4233,2024,11544,FACULDADE METROPOLITANA DE ANÁPOLIS,GO,Anápolis,120,80,29
4245,2024,12916,IPOG - INSTITUTO DE PÓS-GRADUAÇÃO & GRADUAÇÃO,GO,Goiânia,74,114,0
4247,2024,12928,FACULDADE CGESP GOIANIA,GO,Goiânia,11,8,1
4257,2024,13716,FACULDADE DE TECNOLOGIA GAP,GO,Anápolis,122,50,33
4338,2024,17831,Faculdade UniBRAS Catalão,GO,Catalão,0,0,0
4348,2024,18133,Centro Universitário Facunicamps Goiânia,GO,Goiânia,0,1,0
4389,2024,19878,FACULDADE CATEDRAL,GO,Valparaíso de Goiás,18,18,8
4396,2024,20455,FACULDADE DE GESTÃO BSSP,GO,Anápolis,20,20,0
4407,2024,21321,Faculdade Sensu,GO,Goiânia,151,139,19
4408,2024,21408,FACULDADE INTEGRADA DE PALMEIRAS DE GOIÁS,GO,Palmeiras de Goiás,15,7,0
4417,2024,21680,FACULDADE CEAFI,GO,Goiânia,21,8,8
4423,2024,21872,Faculdade CENBRAP,GO,Goiânia,27,50,0
4424,2024,21873,Faculdade Tecnológica Falcão,GO,Goiânia,47,0,0
4444,2024,22456,FACULDADE REALIZA,GO,Aparecida de Goiânia,1019,434,152
4445,2024,22463,Faculdade Impacto de Porangatu,GO,Porangatu,149,43,87
4449,2024,22592,FACULDADES INTEGRADAS DA AMÉRICA DO SUL,GO,Caldas Novas,18,20,16
4471,2024,23229,Faculdade Alfredo Nasser de Pontalina,GO,Pontalina,32,13,1
4473,2024,23252,Escola Superior UNA de Itumbiara,GO,Itumbiara,0,0,0
4481,2024,23707,FACULDADE DE TECNOLOGIA E EDUCAÇÃO SUPERIOR E PROFISSIONALIZ,GO,Formosa,8,6,0
4488,2024,23875,Faculdade Instituto de Ensino Superior,GO,Goiânia,401,100,301
4509,2024,25274,UNIVERSIDADE FEDERAL DE CATALÃO,GO,Catalão,99,0,0
4512,2024,25545,Faculdade Centro-Oeste,GO,Goiânia,97,97,0
4513,2024,25575,Faculdade VP,GO,Aparecida de Goiânia,23,36,0
4516,2024,25657,FACULDADE ITH,GO,Goiânia,56,43,0
4518,2024,26533,FACULDADE GOIÁS,GO,Goiânia,200,200,0
4522,2024,29928,COLÉGIO TECNOLÓGICO DO ESTADO DE GOIÁS AGUINALDO DE CAMPOS N,GO,Catalão,10,0,10
2746,2023,47,UNIVERSIDADE ESTADUAL DE GOIÁS,GO,Anápolis,145,57,34
2807,2023,384,Universidade Evangélica de Goiás,GO,Anápolis,109,57,26
2809,2023,386,CENTRO UNIVERSITÁRIO DE GOIÁS,GO,Goiânia,570,219,110
2852,2023,527,PONTIFÍCIA UNIVERSIDADE CATÓLICA DE GOIÁS,GO,Goiânia,221,204,40
2903,2023,826,CENTRO UNIVERSITÁRIO DE DESENVOLVIMENTO DO CENTRO OESTE,GO,Luziânia,38,23,8
2913,2023,939,FACULDADE CATÓLICA DE ANÁPOLIS,GO,Anápolis,15,8,6
2947,2023,1160,Centro Universitário Cambury,GO,Goiânia,35,28,2
2959,2023,1237,CENTRO UNIVERSITÁRIO NOSSA SENHORA APARECIDA,GO,Aparecida de Goiânia,174,100,46
2967,2023,1303,"INSTITUTO FEDERAL DE EDUCAÇÃO, CIÊNCIA E TECNOLOGIA GOIANO",GO,Goiânia,104,32,26
2997,2023,1440,INSTITUTO APHONSIANO DE ENSINO SUPERIOR,GO,Trindade,9,10,0
3009,2023,1493,CENTRO UNIVERSITÁRIO ALVES FARIA,GO,Goiânia,68,60,4
3025,2023,1573,CENTRO UNIVERSITÁRIO ALFREDO NASSER,GO,Aparecida de Goiânia,35,11,9
3042,2023,1663,Centro Universitário Araguaia,GO,Goiânia,97,69,19
3051,2023,1703,Centro Universitário UniBRAS Rio Verde,GO,Rio Verde,16,0,11
3078,2023,1811,"INSTITUTO FEDERAL DE EDUCAÇÃO, CIÊNCIA E TECNOLOGIA DE GOIÁS",GO,Goiânia,86,41,12
3084,2023,1822,Centro Universitário Sul-Americana,GO,Goiânia,6,2,3
3146,2023,2266,FACULDADE UNIÃO DE GOYAZES FORMOSA,GO,Formosa,0,0,0
3149,2023,2288,FACULDADE ALMEIDA RODRIGUES,GO,Rio Verde,18,13,8
3151,2023,2336,CENTRO UNIVERSITÁRIO BRASÍLIA DO ESTADO DE GOIÁS,GO,São Luís de Montes Belos,4,3,0
3163,2023,2501,CENTRO UNIVERSITÁRIO ESTÁCIO DE GOIÁS,GO,Goiânia,51,24,17
3176,2023,2756,FACULDADE ANHANGUERA DE VALPARAÍSO,GO,Valparaíso de Goiás,2,8,2
3178,2023,2770,Centro Universitário FACUNICAMPS,GO,Goiânia,100,222,0
3179,2023,2796,Centro Universitário de Iporá,GO,Iporá,3,0,2
3244,2023,3877,FACULDADE MAUÁ DE GOIÁS,GO,Águas Lindas de Goiás,74,73,8
3247,2023,3939,FACULDADE ALIANÇA DE ITABERAI,GO,Itaberaí,6,0,6
3253,2023,3987,CENTRO UNIVERSITÁRIO GOYAZES,GO,Trindade,0,0,0
3273,2023,4101,FACULDADE DE TECNOLOGIA SENAI DE DESENVOLVIMENTO GERENCIAL,GO,Goiânia,66,28,24
3275,2023,4123,Faculdade de Gestão e Inovação,GO,Jataí,95,115,0
3305,2023,4699,FACULDADE NOROESTE,GO,Goiânia,16,8,0
3345,2023,5550,FACULDADE ANHANGUERA DE ANÁPOLIS,GO,Anápolis,1,0,1
3354,2023,11544,FACULDADE METROPOLITANA DE ANÁPOLIS,GO,Anápolis,99,77,23
3366,2023,12916,IPOG - INSTITUTO DE PÓS-GRADUAÇÃO & GRADUAÇÃO,GO,Goiânia,32,50,0
3368,2023,12928,FACULDADE CGESP GOIANIA,GO,Goiânia,3,4,0
3377,2023,13716,FACULDADE DE TECNOLOGIA GAP,GO,Anápolis,114,57,34
3387,2023,14303,FACULDADE PADRAO DE SENADOR CANEDO,GO,Senador Canedo,2,1,0
3463,2023,17831,Faculdade UniBRAS Catalão,GO,Catalão,0,0,0
3467,2023,18009,Faculdade BSSP,GO,Goiânia,46,0,46
3514,2023,19878,FACULDADE CATEDRAL,GO,Valparaíso de Goiás,8,8,0
3518,2023,20074,Instituto Brasileiro de Coaching,GO,Goiânia,11,0,11
3520,2023,20455,Faculdade de Tecnologia Avançada,GO,Anápolis,1,0,1
3533,2023,21321,Faculdade Sensu,GO,Goiânia,27,13,4
3534,2023,21408,FACULDADE INTEGRADA DE PALMEIRAS DE GOIÁS,GO,Palmeiras de Goiás,11,11,0
3541,2023,21680,FACULDADE CEAFI,GO,Goiânia,22,6,7
3546,2023,21872,Faculdade CENBRAP,GO,Goiânia,12,0,12
3547,2023,21873,Faculdade Tecnológica Falcão,GO,Goiânia,47,47,0
3565,2023,22456,FACULDADE REALIZA,GO,Aparecida de Goiânia,915,488,330
3566,2023,22463,Faculdade Impacto de Porangatu,GO,Porangatu,127,38,0
3569,2023,22592,FACULDADES INTEGRADAS DA AMÉRICA DO SUL,GO,Caldas Novas,29,20,5
3587,2023,23229,Faculdade Alfredo Nasser de Pontalina,GO,Pontalina,42,22,9
3589,2023,23252,Escola Superior UNA de Itumbiara,GO,Itumbiara,3,6,0
3595,2023,23707,FACULDADE DE TECNOLOGIA E EDUCAÇÃO SUPERIOR E PROFISSIONALIZ,GO,Formosa,10,0,7
3618,2023,25274,UNIVERSIDADE FEDERAL DE CATALÃO,GO,Catalão,111,144,0
3621,2023,25545,Faculdade Centro-Oeste,GO,Goiânia,28,28,0
3624,2023,25657,FACULDADE ITH,GO,Goiânia,34,35,0
3628,2023,29928,COLÉGIO TECNOLÓGICO DO ESTADO DE GOIÁS AGUINALDO DE CAMPOS N,GO,Catalão,10,0,0
1828,2022,47,UNIVERSIDADE ESTADUAL DE GOIÁS,GO,Anápolis,162,42,8
1888,2022,384,Universidade Evangélica de Goiás,GO,Anápolis,167,152,20
1890,2022,386,CENTRO UNIVERSITÁRIO DE GOIÁS,GO,Goiânia,609,432,97
1932,2022,527,PONTIFÍCIA UNIVERSIDADE CATÓLICA DE GOIÁS,GO,Goiânia,238,217,15
1976,2022,763,CENTRO UNIVERSITÁRIO DE GOIÂNIA,GO,Goiânia,0,0,0
1984,2022,826,CENTRO UNIVERSITÁRIO DE DESENVOLVIMENTO DO CENTRO OESTE,GO,Luziânia,37,13,15
1993,2022,939,FACULDADE CATÓLICA DE ANÁPOLIS,GO,Anápolis,9,13,0
2027,2022,1160,Centro Universitário Cambury,GO,Goiânia,20,13,9
2040,2022,1237,CENTRO UNIVERSITÁRIO NOSSA SENHORA APARECIDA,GO,Aparecida de Goiânia,148,105,33
2095,2022,1493,CENTRO UNIVERSITÁRIO ALVES FARIA,GO,Goiânia,35,42,0
2114,2022,1573,CENTRO UNIVERSITÁRIO ALFREDO NASSER,GO,Aparecida de Goiânia,45,24,8
2132,2022,1663,Centro Universitário Araguaia,GO,Goiânia,80,21,41
2141,2022,1703,Centro Universitário do Sul Goiano,GO,Rio Verde,52,0,14
2170,2022,1811,"INSTITUTO FEDERAL DE EDUCAÇÃO, CIÊNCIA E TECNOLOGIA DE GOIÁS",GO,Goiânia,82,29,16
2177,2022,1822,Centro Universitário Sul-Americana,GO,Goiânia,4,0,0
2243,2022,2266,FACULDADE UNIÃO DE GOYAZES FORMOSA,GO,Formosa,1,0,1
2246,2022,2288,FACULDADE ALMEIDA RODRIGUES,GO,Rio Verde,17,14,3
2247,2022,2336,CENTRO UNIVERSITÁRIO BRASÍLIA DO ESTADO DE GOIÁS,GO,São Luís de Montes Belos,38,84,0
2259,2022,2501,CENTRO UNIVERSITÁRIO ESTÁCIO DE GOIÁS,GO,Goiânia,79,46,32
2274,2022,2756,FACULDADE ANHANGUERA DE VALPARAÍSO,GO,Valparaíso de Goiás,9,7,6
2276,2022,2770,Centro Universitário FACUNICAMPS,GO,Goiânia,13,13,0
2278,2022,2796,FACULDADE DE IPORÁ,GO,Iporá,7,3,4
2347,2022,3877,FACULDADE MAUÁ DE GOIÁS,GO,Águas Lindas de Goiás,47,65,4
2357,2022,3987,CENTRO UNIVERSITÁRIO GOYAZES,GO,Trindade,2,10,0
2380,2022,4101,FACULDADE DE TECNOLOGIA SENAI DE DESENVOLVIMENTO GERENCIAL,GO,Goiânia,45,33,5
2382,2022,4123,Faculdade de Gestão e Inovação,GO,Jataí,26,26,0
2417,2022,4669,FACULDADE DELTA,GO,Goiânia,0,5,0
2418,2022,4699,FACULDADE NOROESTE,GO,Goiânia,31,31,0
2459,2022,5550,FACULDADE ANHANGUERA DE ANÁPOLIS,GO,Anápolis,8,1,6
2470,2022,11544,FACULDADE METROPOLITANA DE ANÁPOLIS,GO,Anápolis,84,67,18
2485,2022,12928,FACULDADE CGESP GOIANIA,GO,Goiânia,1,2,0
2489,2022,13133,FACULDADE ANHANGUERA DE GOIÂNIA,GO,Goiânia,1,0,1
2497,2022,13716,FACULDADE DE TECNOLOGIA GAP,GO,Anápolis,90,50,8
2511,2022,14303,FACULDADE PADRAO DE SENADOR CANEDO,GO,Senador Canedo,1,0,1
2588,2022,17831,Faculdade de Tecnologia e Negócios de Catalão,GO,Catalão,2,0,2
2592,2022,18009,Faculdade BSSP,GO,Goiânia,82,15,44
2643,2022,20074,Instituto Brasileiro de Coaching,GO,Goiânia,11,4,4
2646,2022,20455,Faculdade de Tecnologia Avançada,GO,Anápolis,11,0,10
2659,2022,21321,Faculdade Sensu,GO,Goiânia,39,11,11
2660,2022,21408,FACULDADE INTEGRADA DE PALMEIRAS DE GOIÁS,GO,Palmeiras de Goiás,6,0,6
2667,2022,21680,FACULDADE CEAFI,GO,Goiânia,26,8,9
2670,2022,21872,Faculdade CENBRAP,GO,Goiânia,12,0,0
2687,2022,22456,FACULDADE REALIZA,GO,Aparecida de Goiânia,600,0,353
2688,2022,22463,Faculdade Impacto de Porangatu,GO,Porangatu,65,42,0
2691,2022,22592,FACULDADES INTEGRADAS DA AMÉRICA DO SUL,GO,Caldas Novas,31,24,0
2708,2022,23229,Faculdade Alfredo Nasser de Pontalina,GO,Pontalina,29,19,0
2713,2022,23707,FACULDADE DE TECNOLOGIA E EDUCAÇÃO SUPERIOR E PROFISSIONALIZ,GO,Formosa,9,1,0
919,2021,47,UNIVERSIDADE ESTADUAL DE GOIÁS,GO,Anápolis,360,40,126
977,2021,384,Universidade Evangélica de Goiás,GO,Anápolis,144,124,26
979,2021,386,CENTRO UNIVERSITÁRIO DE GOIÁS,GO,Goiânia,485,484,62
1020,2021,527,PONTIFÍCIA UNIVERSIDADE CATÓLICA DE GOIÁS,GO,Goiânia,268,305,4
1066,2021,763,CENTRO UNIVERSITÁRIO DE GOIÂNIA,GO,Goiânia,11,0,10
1074,2021,826,CENTRO UNIVERSITÁRIO DE DESENVOLVIMENTO DO CENTRO OESTE,GO,Luziânia,60,21,23
1083,2021,939,FACULDADE CATÓLICA DE ANÁPOLIS,GO,Anápolis,8,2,8
1117,2021,1160,Centro Universitário Cambury,GO,Goiânia,50,16,21
1130,2021,1237,CENTRO UNIVERSITÁRIO NOSSA SENHORA APARECIDA,GO,Aparecida de Goiânia,115,60,27
1209,2021,1573,CENTRO UNIVERSITÁRIO ALFREDO NASSER,GO,Aparecida de Goiânia,60,26,11
1228,2021,1663,Centro Universitário Araguaia,GO,Goiânia,107,83,16
1238,2021,1703,FACULDADE UNIBRAS DE GOIÁS,GO,Rio Verde,167,72,62
1267,2021,1811,"INSTITUTO FEDERAL DE EDUCAÇÃO, CIÊNCIA E TECNOLOGIA DE GOIÁS",GO,Goiânia,108,47,16
1274,2021,1822,Centro Universitário Sul-Americana,GO,Goiânia,8,8,0
1340,2021,2266,FACULDADE UNIÃO DE GOYAZES FORMOSA,GO,Formosa,13,0,12
1344,2021,2288,FACULDADE ALMEIDA RODRIGUES,GO,Rio Verde,21,11,8
1345,2021,2336,CENTRO UNIVERSITÁRIO BRASÍLIA DO ESTADO DE GOIÁS,GO,São Luís de Montes Belos,0,0,0
1358,2021,2501,FACULDADE ESTÁCIO DE SÁ DE GOIÁS,GO,Goiânia,114,51,41
1372,2021,2756,FACULDADE ANHANGUERA DE VALPARAÍSO,GO,Valparaíso de Goiás,82,37,62
1377,2021,2796,FACULDADE DE IPORÁ,GO,Iporá,14,3,8
1444,2021,3877,FACULDADE MAUÁ DE GOIÁS,GO,Águas Lindas de Goiás,21,47,9
1448,2021,3939,FACULDADE ALIANÇA DE ITABERAI,GO,Itaberaí,19,0,19
1456,2021,3987,CENTRO UNIVERSITÁRIO GOYAZES,GO,Trindade,5,7,0
1478,2021,4101,FACULDADE DE TECNOLOGIA SENAI DE DESENVOLVIMENTO GERENCIAL,GO,Goiânia,35,9,16
1486,2021,4162,Faculdade SENAC Goiás,GO,Goiânia,3,1,3
1519,2021,4669,FACULDADE DELTA,GO,Goiânia,13,6,0
1520,2021,4699,FACULDADE NOROESTE,GO,Goiânia,1,1,0
1560,2021,5550,FACULDADE ANHANGUERA DE ANÁPOLIS,GO,Anápolis,44,16,34
1571,2021,11544,FACULDADE METROPOLITANA DE ANÁPOLIS,GO,Anápolis,87,22,43
1586,2021,12928,FACULDADE CGESP GOIANIA,GO,Goiânia,0,1,0
1590,2021,13133,FACULDADE PITÁGORAS DE GOIÂNIA,GO,Goiânia,2,0,1
1599,2021,13716,FACULDADE DE TECNOLOGIA GAP,GO,Anápolis,70,50,17
1614,2021,14303,FACULDADE PADRAO DE SENADOR CANEDO,GO,Senador Canedo,2,0,2
1691,2021,17831,Faculdade de Tecnologia e Negócios de Catalão,GO,Catalão,3,0,0
1695,2021,18009,Faculdade BSSP,GO,Goiânia,114,71,13
1746,2021,20074,Instituto Brasileiro de Coaching,GO,Goiânia,7,14,0
1749,2021,20455,Faculdade de Tecnologia Avançada,GO,Anápolis,13,13,0
1761,2021,21321,Faculdade Sensu,GO,Goiânia,233,188,162
1762,2021,21408,FACULDADE INTEGRADA DE PALMEIRAS DE GOIÁS,GO,Palmeiras de Goiás,12,4,2
1769,2021,21680,FACULDADE CEAFI,GO,Goiânia,24,10,0
1773,2021,21872,Faculdade CENBRAP,GO,Goiânia,15,15,0
1786,2021,22456,FACULDADE REALIZA,GO,Aparecida de Goiânia,625,269,26
1787,2021,22463,Faculdade Impacto de Porangatu,GO,Porangatu,26,26,0
1788,2021,22592,FACULDADES INTEGRADAS DA AMÉRICA DO SUL,GO,Caldas Novas,7,27,0
1802,2021,23229,Faculdade Alfredo Nasser de Pontalina,GO,Pontalina,14,21,0
1805,2021,23707,FACULDADE DE TECNOLOGIA E EDUCAÇÃO SUPERIOR E PROFISSIONALIZ,GO,Formosa,11,11,0
16,2020,47,UNIVERSIDADE ESTADUAL DE GOIÁS,GO,Anápolis,695,67,298
76,2020,384,CENTRO UNIVERSITÁRIO DE ANÁPOLIS,GO,Anápolis,65,34,12
78,2020,386,CENTRO UNIVERSITÁRIO DE GOIÁS,GO,Goiânia,197,202,26
119,2020,527,PONTIFÍCIA UNIVERSIDADE CATÓLICA DE GOIÁS,GO,Goiânia,238,271,0
163,2020,763,CENTRO UNIVERSITÁRIO DE GOIÂNIA,GO,Goiânia,95,40,50
172,2020,826,CENTRO UNIVERSITÁRIO DE DESENVOLVIMENTO DO CENTRO OESTE,GO,Luziânia,93,28,34
181,2020,939,FACULDADE CATÓLICA DE ANÁPOLIS,GO,Anápolis,12,8,6
217,2020,1160,Centro Universitário Cambury,GO,Goiânia,67,1,24
230,2020,1237,CENTRO UNIVERSITÁRIO NOSSA SENHORA APARECIDA,GO,Aparecida de Goiânia,267,71,158
310,2020,1573,CENTRO UNIVERSITÁRIO ALFREDO NASSER,GO,Aparecida de Goiânia,56,13,30
327,2020,1663,Centro Universitário Araguaia,GO,Goiânia,71,99,0
336,2020,1703,FACULDADE UNIBRAS DE GOIÁS,GO,Rio Verde,226,87,91
366,2020,1811,"INSTITUTO FEDERAL DE EDUCAÇÃO, CIÊNCIA E TECNOLOGIA DE GOIÁS",GO,Goiânia,105,42,17
441,2020,2266,FACULDADE UNIÃO DE GOYAZES FORMOSA,GO,Formosa,49,9,21
445,2020,2288,FACULDADE ALMEIDA RODRIGUES,GO,Rio Verde,29,20,18
448,2020,2336,CENTRO UNIVERSITÁRIO BRASÍLIA DO ESTADO DE GOIÁS,GO,São Luís de Montes Belos,4,0,3
461,2020,2501,FACULDADE ESTÁCIO DE SÁ DE GOIÁS,GO,Goiânia,194,114,48
476,2020,2756,FACULDADE ANHANGUERA DE VALPARAÍSO,GO,Valparaíso de Goiás,176,82,78
480,2020,2796,FACULDADE DE IPORÁ,GO,Iporá,13,4,0
551,2020,3877,Faculdade Linear,GO,Águas Lindas de Goiás,35,27,12
584,2020,4101,FACULDADE DE TECNOLOGIA SENAI DE DESENVOLVIMENTO GERENCIAL,GO,Goiânia,64,16,35
592,2020,4162,Faculdade SENAC Goiás,GO,Goiânia,10,0,5
624,2020,4669,FACULDADE DELTA,GO,Goiânia,37,20,5
668,2020,5550,FACULDADE ANHANGUERA DE ANÁPOLIS,GO,Anápolis,125,81,73
679,2020,11544,FACULDADE METROPOLITANA DE ANÁPOLIS,GO,Anápolis,150,88,23
699,2020,13133,FACULDADE PITÁGORAS DE GOIÂNIA,GO,Goiânia,10,2,7
709,2020,13716,FACULDADE DE TECNOLOGIA GAP,GO,Anápolis,35,28,0
726,2020,14303,FACULDADE PADRAO DE SENADOR CANEDO,GO,Senador Canedo,7,0,2
802,2020,18009,Faculdade BSSP,GO,Goiânia,69,45,18
865,2020,21321,Faculdade Sensu,GO,Goiânia,173,1,11
866,2020,21408,FACULDADE INTEGRADA DE PALMEIRAS DE GOIÁS,GO,Palmeiras de Goiás,11,13,0
871,2020,21680,FACULDADE CEAFI,GO,Goiânia,14,14,0
885,2020,22456,FACULDADE REALIZA,GO,Aparecida de Goiânia,396,519,0
896,2020,23229,Faculdade Alfredo Nasser de Pontalina,GO,Pontalina,10,19,0
3684,2024,267,CENTRO UNIVERSITÁRIO ESPÍRITO-SANTENSE/FAESA,ES,Vitória,83,119,12
3780,2024,664,UNIVERSIDADE VILA VELHA,ES,Vila Velha,427,325,82
3804,2024,798,FACULDADES INTEGRADAS DE ARACRUZ,ES,Aracruz,1,0,0
3862,2024,1240,FACULDADE DE ESTUDOS SOCIAIS DO ESPÍRITO SANTO,ES,Cariacica,44,20,18
3871,2024,1326,Faculdade Multivix Serra,ES,Serra,2036,1924,188
3888,2024,1409,FACULDADE DO CENTRO LESTE,ES,Serra,15,23,0
3938,2024,1652,FACULDADE DE VITÓRIA,ES,Vitória,25,2,0
3965,2024,1766,FACULDADE ESPÍRITO SANTENSE,ES,Cariacica,13,20,12
3974,2024,1808,"INSTITUTO FEDERAL DE EDUCAÇÃO, CIÊNCIA E TECNOLOGIA DO ESPÍRITO SANTO",ES,Vitória,78,38,8
4003,2024,1908,FACULDADE BRASILEIRA CRISTÃ,ES,Serra,47,34,5
4054,2024,2569,FACULDADE DE TECNOLOGIA FAESA,ES,Vitória,328,318,52
4057,2024,2652,FACULDADE UNIDA DE VITÓRIA,ES,Vitória,3,8,0
4118,2024,3782,FACULDADE DE TECNOLOGIA CACHOEIRO DE ITAPEMIRIM,ES,Cachoeiro de Itapemirim,0,0,0
2781,2023,267,CENTRO UNIVERSITÁRIO ESPÍRITO-SANTENSE/FAESA,ES,Vitória,54,60,9
2875,2023,664,UNIVERSIDADE VILA VELHA,ES,Vila Velha,370,279,75
2899,2023,798,FACULDADES INTEGRADAS DE ARACRUZ,ES,Aracruz,2,0,1
2960,2023,1240,FACULDADE DE ESTUDOS SOCIAIS DO ESPÍRITO SANTO,ES,Cariacica,46,29,13
2969,2023,1326,Faculdade Multivix Serra,ES,Serra,1831,933,338
2987,2023,1409,FACULDADE DO CENTRO LESTE,ES,Serra,5,1,5
3037,2023,1652,FACULDADE DE VITÓRIA,ES,Vitória,24,14,0
3066,2023,1766,FACULDADE ESPÍRITO SANTENSE,ES,Cariacica,38,36,10
3075,2023,1808,"INSTITUTO FEDERAL DE EDUCAÇÃO, CIÊNCIA E TECNOLOGIA DO ESPÍRITO SANTO",ES,Vitória,57,39,5
3108,2023,1908,FACULDADE BRASILEIRA CRISTÃ,ES,Serra,43,35,9
3168,2023,2569,FACULDADE DE TECNOLOGIA FAESA,ES,Vitória,302,348,46
3171,2023,2652,FACULDADE UNIDA DE VITÓRIA,ES,Vitória,0,0,0
3235,2023,3782,FACULDADE DE TECNOLOGIA CACHOEIRO DE ITAPEMIRIM,ES,Cachoeiro de Itapemirim,6,5,0
1862,2022,267,CENTRO UNIVERSITÁRIO ESPÍRITO-SANTENSE/FAESA,ES,Vitória,24,3,9
1955,2022,664,UNIVERSIDADE VILA VELHA,ES,Vila Velha,337,185,91
1980,2022,798,FACULDADES INTEGRADAS DE ARACRUZ,ES,Aracruz,4,0,2
2041,2022,1240,FACULDADE DE ESTUDOS SOCIAIS DO ESPÍRITO SANTO,ES,Cariacica,30,20,6
2051,2022,1326,Faculdade Multivix Serra,ES,Serra,1823,1492,273
2071,2022,1409,FACULDADE DO CENTRO LESTE,ES,Serra,16,2,9
2096,2022,1498,INSTITUTO DE ENSINO SUPERIOR E FORMAÇÃO AVANÇADA DE VITÓRIA,ES,Vitória,7,7,7
2127,2022,1652,FACULDADE DE VITÓRIA,ES,Vitória,13,0,0
2157,2022,1766,FACULDADE ESPÍRITO SANTENSE,ES,Cariacica,17,17,5
2167,2022,1808,"INSTITUTO FEDERAL DE EDUCAÇÃO, CIÊNCIA E TECNOLOGIA DO ESPÍRITO SANTO",ES,Vitória,43,22,2
2200,2022,1908,FACULDADE BRASILEIRA CRISTÃ,ES,Serra,32,26,6
2264,2022,2569,FACULDADE DE TECNOLOGIA FAESA,ES,Vitória,283,433,41
2268,2022,2652,FACULDADE UNIDA DE VITÓRIA,ES,Vitória,0,3,0
2335,2022,3782,FACULDADE DE TECNOLOGIA CACHOEIRO DE ITAPEMIRIM,ES,Cachoeiro de Itapemirim,4,8,0
2501,2022,13812,ESCOLA SUPERIOR ABERTA DO BRASIL,ES,Vila Velha,186,90,74
952,2021,267,CENTRO UNIVERSITÁRIO ESPÍRITO-SANTENSE/FAESA,ES,Vitória,62,52,22
1045,2021,664,UNIVERSIDADE VILA VELHA,ES,Vila Velha,314,152,38
1070,2021,798,FACULDADES INTEGRADAS DE ARACRUZ,ES,Aracruz,1,0,0
1131,2021,1240,FACULDADE DE ESTUDOS SOCIAIS DO ESPÍRITO SANTO,ES,Cariacica,14,0,5
1144,2021,1326,Faculdade Multivix Serra,ES,Serra,1180,793,93
1164,2021,1409,FACULDADE DO CENTRO LESTE,ES,Serra,28,22,9
1188,2021,1498,INSTITUTO DE ENSINO SUPERIOR E FORMAÇÃO AVANÇADA DE VITÓRIA,ES,Vitória,57,0,49
1223,2021,1652,FACULDADE DE VITÓRIA,ES,Vitória,14,14,0
1253,2021,1766,FACULDADE ESPÍRITO SANTENSE,ES,Cariacica,24,16,12
1264,2021,1808,"INSTITUTO FEDERAL DE EDUCAÇÃO, CIÊNCIA E TECNOLOGIA DO ESPÍRITO SANTO",ES,Vitória,77,40,26
1296,2021,1908,ESCOLA DE ENSINO SUPERIOR FABRA,ES,Serra,30,30,7
1363,2021,2569,FACULDADE DE TECNOLOGIA FAESA,ES,Vitória,240,300,62
1432,2021,3782,FACULDADE DE TECNOLOGIA CACHOEIRO DE ITAPEMIRIM,ES,Cachoeiro de Itapemirim,1,0,1
1603,2021,13812,ESCOLA SUPERIOR ABERTA DO BRASIL,ES,Vila Velha,167,61,16
50,2020,267,CENTRO UNIVERSITÁRIO ESPÍRITO-SANTENSE/FAESA,ES,Vitória,85,55,26
142,2020,664,UNIVERSIDADE VILA VELHA,ES,Vila Velha,320,170,116
168,2020,798,FACULDADES INTEGRADAS DE ARACRUZ,ES,Aracruz,18,0,16
231,2020,1240,FACULDADE DE ESTUDOS SOCIAIS DO ESPÍRITO SANTO,ES,Cariacica,38,11,22
243,2020,1308,FACULDADE NOVO MILÊNIO,ES,Vila Velha,0,0,0
246,2020,1326,Faculdade Multivix Serra,ES,Serra,956,682,128
266,2020,1409,FACULDADE DO CENTRO LESTE,ES,Serra,55,21,24
289,2020,1498,INSTITUTO DE ENSINO SUPERIOR E FORMAÇÃO AVANÇADA DE VITÓRIA,ES,Vitória,144,100,65
351,2020,1766,FACULDADE ESPÍRITO SANTENSE,ES,Cariacica,26,15,14
363,2020,1808,"INSTITUTO FEDERAL DE EDUCAÇÃO, CIÊNCIA E TECNOLOGIA DO ESPÍRITO SANTO",ES,Vitória,43,0,4
396,2020,1908,ESCOLA DE ENSINO SUPERIOR FABRA,ES,Serra,28,35,0
467,2020,2569,FACULDADE DE TECNOLOGIA FAESA,ES,Vitória,376,243,139
540,2020,3782,FACULDADE DE TECNOLOGIA CACHOEIRO DE ITAPEMIRIM,ES,Cachoeiro de Itapemirim,5,5,3
713,2020,13812,ESCOLA SUPERIOR ABERTA DO BRASIL,ES,Vila Velha,273,255,32
3716,2024,402,CENTRO UNIVERSITÁRIO DE BRASÍLIA,DF,Brasília,222,114,65
3717,2024,403,UNIVERSIDADE CATÓLICA DE BRASÍLIA,DF,Brasília,897,481,130
3750,2024,518,CENTRO UNIVERSITÁRIO DO DISTRITO FEDERAL,DF,Brasília,251,212,59
3831,2024,1060,CENTRO UNIVERSITÁRIO DO INSTITUTO DE EDUCAÇÃO SUPERIOR DE BRASÍLIA - IESB,DF,Brasília,2003,1198,429
3841,2024,1113,CENTRO UNIVERSITÁRIO EURO-AMERICANO,DF,Brasília,0,0,0
3852,2024,1173,FACULDADE ANHANGUERA DE BRASÍLIA,DF,Brasília,66,64,17
3900,2024,1446,CENTRO UNIVERSITÁRIO PLANALTO DO DISTRITO FEDERAL - UNIPLAN,DF,Brasília,133,8,55
3919,2024,1538,CENTRO UNIVERSITARIO PROJEÇÃO,DF,Brasília,301,211,73
3941,2024,1660,CENTRO UNIVERSITÁRIO ESTÁCIO DE BRASÍLIA - ESTÁCIO BRASÍLIA,DF,Brasília,1916,1765,335
4045,2024,2484,Centro Universitário Processus,DF,Brasília,102,90,38
4073,2024,2964,FACULDADE PROJEÇÃO DO GUARÁ,DF,Brasília,0,0,0
4101,2024,3396,Centro Universitário LS,DF,Brasília,97,52,34
4124,2024,3854,FACULDADE IBRA DE BRASÍLIA,DF,Brasília,35,2,9
4126,2024,3867,CENTRO UNIVERSITÁRIO MAUÁ DE BRASÍLIA,DF,Brasília,61,23,37
4176,2024,4588,FACULDADE APOGEU,DF,Brasília,1,1,1
4190,2024,4732,Faculdade de Tecnologia e Inovação Senac DF,DF,Brasília,59,26,31
4221,2024,5439,CENTRO UNIVERSITÁRIO DO PLANALTO CENTRAL APPARECIDO DOS SANTOS,DF,Brasília,1,0,0
4269,2024,14408,"INSTITUTO FEDERAL DE EDUCAÇÃO, CIENCIA E TECNOLOGIA DE BRASILIA",DF,Brasília,1029,335,81
4274,2024,14882,FACULDADE HORIZONTE,DF,Brasília,1,0,1
4316,2024,16628,Faculdade ANASPS,DF,Brasília,371,180,120
4326,2024,17401,Faculdade de Tecnologia CNA,DF,Brasília,954,500,238
4367,2024,19219,FACULDADE FASIPE DF,DF,Brasília,4,4,0
4371,2024,19281,FACULDADE ATAME,DF,Brasília,28,21,7
4373,2024,19348,Faculdade de Tecnologia Ícone,DF,Brasília,21,0,20
4410,2024,21446,Instituto Superior da Convenção Nac. das Assembleias de Deus,DF,Brasília,9,0,8
4416,2024,21672,Faculdade Cerrado,DF,Brasília,33,33,7
4440,2024,22326,Faculdade Brasília,DF,Brasília,32,40,0
4463,2024,22872,Faculdade UNIABA,DF,Brasília,79,13,67
4519,2024,27103,UNIVERSIDADE DO DISTRITO FEDERAL,DF,Brasília,68,33,22
2813,2023,402,CENTRO UNIVERSITÁRIO DE BRASÍLIA,DF,Brasília,271,152,86
2814,2023,403,UNIVERSIDADE CATÓLICA DE BRASÍLIA,DF,Brasília,465,275,61
2847,2023,518,CENTRO UNIVERSITÁRIO DO DISTRITO FEDERAL,DF,Brasília,194,155,52
2927,2023,1060,CENTRO UNIVERSITÁRIO DO INSTITUTO DE EDUCAÇÃO SUPERIOR DE BRASÍLIA - IESB,DF,Brasília,1464,819,358
2938,2023,1113,CENTRO UNIVERSITÁRIO EURO-AMERICANO,DF,Brasília,1,0,1
2949,2023,1173,FACULDADE ANHANGUERA DE BRASÍLIA,DF,Brasília,48,57,4
2998,2023,1446,CENTRO UNIVERSITÁRIO PLANALTO DO DISTRITO FEDERAL - UNIPLAN,DF,Brasília,263,81,80
3018,2023,1538,CENTRO UNIVERSITARIO PROJEÇÃO,DF,Brasília,268,223,93
3040,2023,1660,CENTRO UNIVERSITÁRIO ESTÁCIO DE BRASÍLIA - ESTÁCIO BRASÍLIA,DF,Brasília,1607,1795,116
3041,2023,1661,Faculdade Projeção de Sobradinho,DF,Brasília,0,0,0
3160,2023,2484,Centro Universitário Processus,DF,Brasília,94,88,28
3188,2023,2964,FACULDADE PROJEÇÃO DO GUARÁ,DF,Brasília,3,0,2
3217,2023,3396,Centro Universitário LS,DF,Brasília,120,57,45
3240,2023,3854,FACULDADE IBRA DE BRASÍLIA,DF,Brasília,45,41,3
3242,2023,3867,CENTRO UNIVERSITÁRIO MAUÁ DE BRASÍLIA,DF,Brasília,37,34,3
3296,2023,4588,FACULDADE APOGEU,DF,Brasília,21,5,5
3310,2023,4732,Faculdade de Tecnologia e Inovação Senac DF,DF,Brasília,119,65,66
3342,2023,5439,CENTRO UNIVERSITÁRIO DO PLANALTO CENTRAL APPARECIDO DOS SANTOS,DF,Brasília,1,0,0
3357,2023,11895,Faculdade Unibras Brasília,DF,Brasília,0,0,0
3391,2023,14408,"INSTITUTO FEDERAL DE EDUCAÇÃO, CIENCIA E TECNOLOGIA DE BRASILIA",DF,Brasília,873,369,131
3399,2023,14882,FACULDADE HORIZONTE,DF,Brasília,10,0,9
3441,2023,16628,Faculdade ANASPS,DF,Brasília,272,140,0
3450,2023,17401,Faculdade de Tecnologia CNA,DF,Brasília,1067,734,179
3492,2023,19219,FACULDADE FASIPE DF,DF,Brasília,6,0,6
3496,2023,19281,FACULDADE ATAME,DF,Brasília,19,10,0
3497,2023,19348,Faculdade de Tecnologia Ícone,DF,Brasília,2,0,1
3535,2023,21446,Instituto Superior da Convenção Nac. das Assembleias de Deus,DF,Brasília,25,11,12
3540,2023,21672,Faculdade Cerrado,DF,Brasília,63,50,15
3561,2023,22326,Faculdade Brasília,DF,Brasília,9,16,0
3581,2023,22872,Faculdade UNIABA,DF,Brasília,68,9,0
3602,2023,23877,"INSIDE - Instituto Superior para Integração, Desenvolvimento e Educação",DF,Brasília,8,20,0
3625,2023,27103,UNIVERSIDADE DO DISTRITO FEDERAL,DF,Brasília,60,36,6
1894,2022,402,CENTRO UNIVERSITÁRIO DE BRASÍLIA,DF,Brasília,281,137,65
1895,2022,403,UNIVERSIDADE CATÓLICA DE BRASÍLIA,DF,Brasília,377,254,92
1927,2022,518,CENTRO UNIVERSITÁRIO DO DISTRITO FEDERAL,DF,Brasília,212,154,77
2007,2022,1060,CENTRO UNIVERSITÁRIO DO INSTITUTO DE EDUCAÇÃO SUPERIOR DE BRASÍLIA - IESB,DF,Brasília,1451,874,411
2019,2022,1113,CENTRO UNIVERSITÁRIO EURO-AMERICANO,DF,Brasília,20,3,16
2028,2022,1173,FACULDADE ANHANGUERA DE BRASÍLIA,DF,Brasília,30,37,9
2083,2022,1446,CENTRO UNIVERSITÁRIO PLANALTO DO DISTRITO FEDERAL - UNIPLAN,DF,Brasília,458,209,97
2099,2022,1507,FACULDADE PROJEÇÃO DE CEILÂNDIA,DF,Brasília,37,20,11
2105,2022,1538,CENTRO UNIVERSITARIO PROJEÇÃO,DF,Brasília,460,207,122
2130,2022,1660,CENTRO UNIVERSITÁRIO ESTÁCIO DE BRASÍLIA - ESTÁCIO BRASÍLIA,DF,Brasília,801,1052,52
2131,2022,1661,Faculdade Projeção de Sobradinho,DF,Brasília,18,9,10
2257,2022,2484,Centro Universitário Processus,DF,Brasília,61,37,25
2283,2022,2904,FACULDADE JK - GUARÁ,DF,Brasília,1,0,0
2287,2022,2964,FACULDADE PROJEÇÃO DO GUARÁ,DF,Brasília,11,7,4
2318,2022,3396,Centro Universitário LS,DF,Brasília,139,74,36
2343,2022,3854,FACULDADE IBRA DE BRASÍLIA,DF,Brasília,24,19,9
2345,2022,3867,CENTRO UNIVERSITÁRIO MAUÁ DE BRASÍLIA,DF,Brasília,40,6,4
2408,2022,4588,FACULDADE APOGEU,DF,Brasília,36,17,18
2423,2022,4732,Faculdade de Tecnologia e Inovação Senac DF,DF,Brasília,91,97,3
2449,2022,5290,FACULDADE ANHANGUERA DE CIÊNCIAS E TECNOLOGIA DE BRASÍLIA,DF,Brasília,0,0,0
2457,2022,5439,CENTRO UNIVERSITÁRIO DO PLANALTO CENTRAL APPARECIDO DOS SANTOS,DF,Brasília,28,0,25
2474,2022,11895,FACULDADE UNIBRASÍLIA,DF,Brasília,23,2,21
2515,2022,14408,"INSTITUTO FEDERAL DE EDUCAÇÃO, CIENCIA E TECNOLOGIA DE BRASILIA",DF,Brasília,872,334,195
2524,2022,14882,FACULDADE HORIZONTE,DF,Brasília,19,0,6
2565,2022,16628,Faculdade ANASPS,DF,Brasília,178,158,23
2574,2022,17401,Faculdade de Tecnologia CNA,DF,Brasília,1029,915,143
2615,2022,19219,FACULDADE FASIPE DF,DF,Brasília,13,0,7
2620,2022,19281,FACULDADE ATAME,DF,Brasília,9,9,0
2621,2022,19348,Faculdade de Tecnologia Ícone,DF,Brasília,5,0,4
2661,2022,21446,Instituto Superior da Convenção Nac. das Assembleias de Deus,DF,Brasília,37,38,0
2666,2022,21672,Faculdade Cerrado,DF,Brasília,135,45,83
2701,2022,22872,Faculdade UNIABA,DF,Brasília,68,0,0
2716,2022,23877,"INSIDE - Instituto Superior para Integração, Desenvolvimento e Educação",DF,Brasília,6,10,0
2724,2022,27103,UNIVERSIDADE DO DISTRITO FEDERAL,DF,Brasília,44,28,12
983,2021,402,CENTRO UNIVERSITÁRIO DE BRASÍLIA,DF,Brasília,316,169,71
984,2021,403,UNIVERSIDADE CATÓLICA DE BRASÍLIA,DF,Brasília,388,146,149
1015,2021,518,CENTRO UNIVERSITÁRIO DO DISTRITO FEDERAL,DF,Brasília,263,137,97
1096,2021,1060,CENTRO UNIVERSITÁRIO DO INSTITUTO DE EDUCAÇÃO SUPERIOR DE BRASÍLIA - IESB,DF,Brasília,1684,1031,552
1108,2021,1113,CENTRO UNIVERSITÁRIO EURO-AMERICANO,DF,Brasília,47,2,28
1118,2021,1173,FACULDADE ANHANGUERA DE BRASÍLIA,DF,Brasília,86,56,63
1176,2021,1446,CENTRO UNIVERSITÁRIO PLANALTO DO DISTRITO FEDERAL - UNIPLAN,DF,Brasília,781,239,341
1192,2021,1507,FACULDADE PROJEÇÃO DE CEILÂNDIA,DF,Brasília,56,25,19
1198,2021,1538,CENTRO UNIVERSITARIO PROJEÇÃO,DF,Brasília,553,317,143
1226,2021,1660,CENTRO UNIVERSITÁRIO ESTÁCIO DE BRASÍLIA - ESTÁCIO BRASÍLIA,DF,Brasília,163,115,30
1227,2021,1661,Faculdade Projeção de Sobradinho,DF,Brasília,77,46,34
1356,2021,2484,FACULDADE PROCESSUS,DF,Brasília,124,61,73
1382,2021,2904,FACULDADE JK - GUARÁ,DF,Brasília,1,1,0
1387,2021,2964,FACULDADE PROJEÇÃO DO GUARÁ,DF,Brasília,48,23,25
1418,2021,3396,FACULDADE LS,DF,Brasília,141,61,45
1440,2021,3854,FACULDADE IBRA DE BRASÍLIA,DF,Brasília,28,43,0
1442,2021,3867,CENTRO UNIVERSITÁRIO MAUÁ DE BRASÍLIA,DF,Brasília,43,31,9
1510,2021,4588,FACULDADE APOGEU,DF,Brasília,31,24,7
1524,2021,4732,Faculdade de Tecnologia e Inovação Senac DF,DF,Brasília,22,0,19
1550,2021,5290,FACULDADE ANHANGUERA DE CIÊNCIAS E TECNOLOGIA DE BRASÍLIA,DF,Brasília,1,5,1
1558,2021,5439,CENTRO UNIVERSITÁRIO DO PLANALTO CENTRAL APPARECIDO DOS SANTOS,DF,Brasília,108,59,48
1575,2021,11895,FACULDADE UNIBRASÍLIA,DF,Brasília,140,43,87
1618,2021,14408,"INSTITUTO FEDERAL DE EDUCAÇÃO, CIENCIA E TECNOLOGIA DE BRASILIA",DF,Brasília,1110,208,193
1627,2021,14882,FACULDADE HORIZONTE,DF,Brasília,24,22,2
1668,2021,16628,Faculdade ANASPS,DF,Brasília,33,40,0
1678,2021,17401,Faculdade de Tecnologia CNA,DF,Brasília,721,835,78
1721,2021,19219,FACULDADE FASIPE DF,DF,Brasília,49,14,37
1725,2021,19348,Faculdade de Tecnologia Ícone,DF,Brasília,12,0,11
1763,2021,21446,Instituto Superior da Convenção Nac. das Assembleias de Deus,DF,Brasília,14,10,0
1768,2021,21672,Faculdade Cerrado,DF,Brasília,141,80,38
1796,2021,22872,Faculdade UNIABA,DF,Brasília,60,60,0
1806,2021,23725,Escola Superior de Gestão,DF,Brasília,50,15,24
82,2020,402,CENTRO UNIVERSITÁRIO DE BRASÍLIA,DF,Brasília,394,249,68
83,2020,403,UNIVERSIDADE CATÓLICA DE BRASÍLIA,DF,Brasília,841,251,418
114,2020,518,CENTRO UNIVERSITÁRIO DO DISTRITO FEDERAL,DF,Brasília,343,223,111
195,2020,1060,CENTRO UNIVERSITÁRIO DO INSTITUTO DE EDUCAÇÃO SUPERIOR DE BRASÍLIA - IESB,DF,Brasília,1673,1147,375
208,2020,1113,CENTRO UNIVERSITÁRIO EURO-AMERICANO,DF,Brasília,131,41,63
218,2020,1173,FACULDADE ANHANGUERA DE BRASÍLIA,DF,Brasília,231,104,134
277,2020,1446,CENTRO UNIVERSITÁRIO PLANALTO DO DISTRITO FEDERAL - UNIPLAN,DF,Brasília,1543,670,597
293,2020,1507,FACULDADE PROJEÇÃO DE CEILÂNDIA,DF,Brasília,98,38,46
299,2020,1538,CENTRO UNIVERSITARIO PROJEÇÃO,DF,Brasília,699,398,258
325,2020,1660,CENTRO UNIVERSITÁRIO ESTÁCIO DE BRASÍLIA - ESTÁCIO BRASÍLIA,DF,Brasília,313,177,92
326,2020,1661,Faculdade Projeção de Sobradinho,DF,Brasília,114,45,51
459,2020,2484,FACULDADE PROCESSUS,DF,Brasília,191,90,93
490,2020,2964,FACULDADE PROJEÇÃO DO GUARÁ,DF,Brasília,55,34,15
524,2020,3396,FACULDADE LS,DF,Brasília,173,129,23
534,2020,3610,Centro Universitário ICESP,DF,Brasília,0,0,0
547,2020,3854,FACULDADE IBRA DE BRASÍLIA,DF,Brasília,33,0,31
549,2020,3867,FACULDADE MAUÁ DE BRASÍLIA,DF,Brasília,33,10,7
615,2020,4588,FACULDADE APOGEU,DF,Brasília,23,9,1
628,2020,4732,FACULDADE DE TECNOLOGIA SENAC DF,DF,Brasília,55,9,33
657,2020,5290,FACULDADE ANHANGUERA DE CIÊNCIAS E TECNOLOGIA DE BRASÍLIA,DF,Brasília,37,34,29
665,2020,5439,CENTRO UNIVERSITÁRIO DO PLANALTO CENTRAL APPARECIDO DOS SANTOS,DF,Brasília,107,60,33
682,2020,11895,FACULDADE UNIBRASÍLIA,DF,Brasília,191,155,49
730,2020,14408,"INSTITUTO FEDERAL DE EDUCAÇÃO, CIENCIA E TECNOLOGIA DE BRASILIA",DF,Brasília,1095,355,105
738,2020,14882,FACULDADE HORIZONTE,DF,Brasília,12,0,11
787,2020,17401,Faculdade de Tecnologia CNA,DF,Brasília,378,344,43
826,2020,19219,FACULDADE DO DISTRITO FEDERAL,DF,Brasília,72,22,32
830,2020,19281,FACULDADE ATAME,DF,Brasília,22,4,15
832,2020,19334,Faculdade Uninassau Brasília,DF,Brasília,0,0,0
833,2020,19348,Faculdade de Tecnologia Ícone,DF,Brasília,30,12,17
870,2020,21672,Faculdade Cerrado,DF,Brasília,154,66,83
899,2020,23725,Escola Superior de Gestão,DF,Brasília,37,12,0
3758,2024,555,UNIVERSIDADE DE FORTALEZA,CE,Fortaleza,215,247,0
3764,2024,583,UNIVERSIDADE FEDERAL DO CEARÁ,CE,Fortaleza,0,0,0
3840,2024,1107,Centro Universitário Estácio do Ceará,CE,Fortaleza,212,200,86
3876,2024,1350,Centro Universitário Multiversa do Jaguaribe- UNIJAGUARIBE,CE,Aracati,36,47,0
3939,2024,1658,CENTRO UNIVERSITÁRIO DA GRANDE FORTALEZA,CE,Fortaleza,3121,2267,192
3966,2024,1772,Centro Universitário Fanor Wyden,CE,Fortaleza,1007,740,226
3980,2024,1819,CENTRO UNIVERSITÁRIO FARIAS BRITO,CE,Fortaleza,32,25,3
4000,2024,1895,CENTRO UNIVERSITÁRIO CHRISTUS,CE,Fortaleza,23,9,4
4013,2024,1978,Centro Universitário Fametro,CE,Fortaleza,134,54,33
4021,2024,2111,CENTRO UNIVERSITÁRIO INTA,CE,Sobral,431,215,47
4025,2024,2135,CENTRO UNIVERSITÁRIO CATÓLICA DE QUIXADÁ,CE,Quixadá,30,10,5
4041,2024,2410,Centro Universitário Cearense,CE,Fortaleza,10,0,5
4046,2024,2485,FACULDADE CATÓLICA DE FORTALEZA,CE,Fortaleza,1,1,0
4047,2024,2497,CENTRO UNIVERSITÁRIO ATENEU,CE,Fortaleza,1023,813,96
4100,2024,3388,CENTRO UNIVERSITÁRIO PARAÍSO,CE,Juazeiro do Norte,41,12,17
4114,2024,3680,FACULDADE UNINTA FORTALEZA - Gestão e Negócios,CE,Fortaleza,16,3,0
4125,2024,3862,FACULDADE LUCIANO FEIJÃO,CE,Sobral,20,20,0
4169,2024,4367,FACULDADE TERRA NORDESTE,CE,Caucaia,18,7,2
4194,2024,4784,FACULDADE CDL,CE,Fortaleza,273,179,85
4205,2024,4992,FACULDADE DE TECNOLOGIA CENTEC - SERTÃO CENTRAL,CE,Quixeramobim,149,57,16
4250,2024,13106,Faculdade Multiversa de Tecnologia,CE,Fortaleza,8,10,0
4266,2024,14321,CENTRO UNIVERSITÁRIO MAURÍCIO DE NASSAU DE FORTALEZA,CE,Fortaleza,142,74,24
4327,2024,17403,FACULDADE ARI DE SÁ,CE,Fortaleza,44,29,6
4333,2024,17628,Centro Universitário do Maciço de Baturité,CE,Baturité,133,62,21
4335,2024,17670,Faculdade de Quixeramobim,CE,Quixeramobim,74,21,46
4346,2024,18051,Faculdades de Ciências e Tecnologia do Nordeste LTDA,CE,Fortaleza,46,3,26
4358,2024,18643,FACULDADE UNINASSAU MARACANAÚ,CE,Maracanaú,166,64,36
4381,2024,19597,Faculdade Via Sapiens,CE,Tianguá,68,30,5
4397,2024,20532,Faculdade Metropolitana de Horizonte,CE,Horizonte,31,14,16
4401,2024,21088,FACULDADE RODOLFO TEÓFILO,CE,Fortaleza,8,1,8
4420,2024,21811,Faculdade Tecnológica de Capacitação,CE,Fortaleza,25,25,0
4464,2024,22932,FACULDADE UNIFAMEC,CE,Crato,3,3,0
4498,2024,24490,FACULDADE MAR ATLÂNTICO,CE,Fortaleza,23,23,0
2861,2023,583,UNIVERSIDADE FEDERAL DO CEARÁ,CE,Fortaleza,0,0,0
2937,2023,1107,Centro Universitário Estácio do Ceará,CE,Fortaleza,314,93,113
2974,2023,1350,Centro Universitário Multiversa do Jaguaribe- UNIJAGUARIBE,CE,Aracati,7,17,0
3038,2023,1658,CENTRO UNIVERSITÁRIO DA GRANDE FORTALEZA,CE,Fortaleza,1435,1485,1
3060,2023,1735,CENTRO UNIVERSITÁRIO DOUTOR LEÃO SAMPAIO,CE,Juazeiro do Norte,0,0,0
3067,2023,1772,Centro Universitário Fanor Wyden,CE,Fortaleza,845,695,107
3082,2023,1819,CENTRO UNIVERSITÁRIO FARIAS BRITO,CE,Fortaleza,32,33,7
3105,2023,1895,CENTRO UNIVERSITÁRIO CHRISTUS,CE,Fortaleza,32,27,7
3120,2023,1978,Centro Universitário Fametro,CE,Fortaleza,195,122,34
3129,2023,2111,CENTRO UNIVERSITÁRIO INTA,CE,Sobral,406,247,25
3133,2023,2135,CENTRO UNIVERSITÁRIO CATÓLICA DE QUIXADÁ,CE,Quixadá,49,32,16
3156,2023,2410,Centro Universitário Cearense,CE,Fortaleza,29,12,16
3161,2023,2485,FACULDADE CATÓLICA DE FORTALEZA,CE,Fortaleza,1,1,0
3162,2023,2497,CENTRO UNIVERSITÁRIO ATENEU,CE,Fortaleza,1147,535,216
3216,2023,3388,CENTRO UNIVERSITÁRIO PARAÍSO,CE,Juazeiro do Norte,58,29,9
3231,2023,3680,FACULDADE UNINTA FORTALEZA - Gestão e Negócios,CE,Fortaleza,18,18,0
3288,2023,4367,FACULDADE TERRA NORDESTE,CE,Caucaia,24,12,2
3314,2023,4784,FACULDADE CDL,CE,Fortaleza,256,158,53
3388,2023,14321,CENTRO UNIVERSITÁRIO MAURÍCIO DE NASSAU DE FORTALEZA,CE,Fortaleza,96,74,13
3413,2023,15526,FACULDADE UNIRB CEARÁ,CE,Fortaleza,0,0,0
3451,2023,17403,FACULDADE ARI DE SÁ,CE,Fortaleza,23,11,4
3457,2023,17628,Faculdade do Maciço do Baturité,CE,Baturité,105,59,33
3459,2023,17670,Faculdade de Quixeramobim,CE,Quixeramobim,64,21,3
3460,2023,17688,FACULDADE FADAM,CE,Fortaleza,6,8,6
3472,2023,18051,Faculdades de Ciências e Tecnologia do Nordeste LTDA,CE,Fortaleza,79,28,32
3483,2023,18643,FACULDADE UNINASSAU MARACANAÚ,CE,Maracanaú,145,74,31
3506,2023,19597,Faculdade Via Sapiens,CE,Tianguá,71,79,0
3521,2023,20532,Faculdade Metropolitana de Horizonte,CE,Horizonte,38,23,9
3525,2023,21088,FACULDADE RODOLFO TEÓFILO,CE,Fortaleza,17,1,10
1941,2022,583,UNIVERSIDADE FEDERAL DO CEARÁ,CE,Fortaleza,2,0,2
2018,2022,1107,Centro Universitário Estácio do Ceará,CE,Fortaleza,540,264,161
2056,2022,1350,Centro Universitário do Vale do Jaguaribe,CE,Aracati,3,0,3
2128,2022,1658,CENTRO UNIVERSITÁRIO DA GRANDE FORTALEZA,CE,Fortaleza,10,0,4
2151,2022,1735,CENTRO UNIVERSITÁRIO DOUTOR LEÃO SAMPAIO,CE,Juazeiro do Norte,4,0,4
2158,2022,1772,Centro Universitário Fanor Wyden,CE,Fortaleza,586,663,52
2175,2022,1819,CENTRO UNIVERSITÁRIO FARIAS BRITO,CE,Fortaleza,43,11,16
2197,2022,1895,CENTRO UNIVERSITÁRIO CHRISTUS,CE,Fortaleza,3,1,2
2213,2022,1978,Centro Universitário Fametro,CE,Fortaleza,186,51,73
2223,2022,2111,CENTRO UNIVERSITÁRIO INTA,CE,Sobral,298,159,44
2228,2022,2135,CENTRO UNIVERSITÁRIO CATÓLICA DE QUIXADÁ,CE,Quixadá,54,59,4
2242,2022,2256,Faculdade Stella Maris - FSM,CE,Fortaleza,2,0,2
2252,2022,2410,FACULDADE CEARENSE,CE,Fortaleza,27,10,4
2258,2022,2497,CENTRO UNIVERSITÁRIO ATENEU,CE,Fortaleza,1115,480,312
2317,2022,3388,CENTRO UNIVERSITÁRIO PARAÍSO,CE,Juazeiro do Norte,44,40,5
2370,2022,4037,CENTRO UNIVERSITÁRIO ANHANGUERA DE FORTALEZA,CE,Fortaleza,1,0,1
2396,2022,4367,FACULDADE TERRA NORDESTE,CE,Caucaia,27,16,2
2427,2022,4784,FACULDADE CDL,CE,Fortaleza,260,172,53
2488,2022,13106,FACULDADE DE TECNOLOGIA LOURENÇO FILHO,CE,Fortaleza,1,0,1
2512,2022,14321,CENTRO UNIVERSITÁRIO MAURÍCIO DE NASSAU DE FORTALEZA,CE,Fortaleza,70,41,11
2538,2022,15526,FACULDADE UNIRB CEARÁ,CE,Fortaleza,4,0,4
2575,2022,17403,FACULDADE ARI DE SÁ,CE,Fortaleza,26,17,4
2581,2022,17628,Faculdade do Maciço do Baturité,CE,Baturité,142,48,5
2583,2022,17670,Faculdade de Quixeramobim,CE,Quixeramobim,58,58,0
2584,2022,17688,FACULDADE FADAM,CE,Fortaleza,40,21,12
2597,2022,18051,Faculdades de Ciências e Tecnologia do Nordeste LTDA,CE,Fortaleza,83,52,12
2606,2022,18643,FACULDADE UNINASSAU MARACANAÚ,CE,Maracanaú,114,65,16
2633,2022,19844,FACULDADE UNINASSAU SOBRAL,CE,Sobral,0,0,0
2647,2022,20532,Faculdade Metropolitana de Horizonte,CE,Horizonte,33,26,7
2651,2022,21088,FACULDADE RODOLFO TEÓFILO,CE,Fortaleza,20,1,4
1031,2021,583,UNIVERSIDADE FEDERAL DO CEARÁ,CE,Fortaleza,37,0,33
1107,2021,1107,Centro Universitário Estácio do Ceará,CE,Fortaleza,729,231,199
1149,2021,1350,CENTRO UNIVERSITÁRIO DO VALE DO JAGUARIBE,CE,Aracati,11,0,2
1224,2021,1658,CENTRO UNIVERSITÁRIO DA GRANDE FORTALEZA,CE,Fortaleza,42,1,13
1248,2021,1735,CENTRO UNIVERSITÁRIO DOUTOR LEÃO SAMPAIO,CE,Juazeiro do Norte,23,2,17
1254,2021,1772,Centro Universitário Fanor Wyden,CE,Fortaleza,181,114,63
1272,2021,1819,CENTRO UNIVERSITÁRIO FARIAS BRITO,CE,Fortaleza,55,13,18
1293,2021,1895,CENTRO UNIVERSITÁRIO CHRISTUS,CE,Fortaleza,46,20,10
1308,2021,1978,Centro Universitário Fametro,CE,Fortaleza,191,92,41
1318,2021,2111,CENTRO UNIVERSITÁRIO INTA,CE,Sobral,284,172,44
1323,2021,2135,CENTRO UNIVERSITÁRIO CATÓLICA DE QUIXADÁ,CE,Quixadá,48,17,30
1339,2021,2256,Faculdade Stella Maris - FSM,CE,Fortaleza,1,0,1
1350,2021,2410,FACULDADE CEARENSE,CE,Fortaleza,38,11,15
1357,2021,2497,CENTRO UNIVERSITÁRIO ATENEU,CE,Fortaleza,1268,640,280
1375,2021,2783,FACULDADE DE TECNOLOGIA DO NORDESTE,CE,Fortaleza,8,0,8
1417,2021,3388,CENTRO UNIVERSITÁRIO PARAÍSO,CE,Juazeiro do Norte,32,26,10
1470,2021,4037,CENTRO UNIVERSITÁRIO PITÁGORAS DE FORTALEZA,CE,Fortaleza,6,1,5
1497,2021,4367,FACULDADE TERRA NORDESTE,CE,Caucaia,31,21,10
1528,2021,4784,FACULDADE CDL,CE,Fortaleza,270,141,100
1589,2021,13106,FACULDADE DE TECNOLOGIA LOURENÇO FILHO,CE,Fortaleza,1,0,0
1615,2021,14321,CENTRO UNIVERSITÁRIO MAURÍCIO DE NASSAU DE FORTALEZA,CE,Fortaleza,69,43,13
1642,2021,15526,FACULDADE DE GESTAO E NEGOCIOS DE FORTALEZA,CE,Fortaleza,15,0,7
1667,2021,16453,Faculdade Unirb -  Ceará,CE,Fortaleza,1,0,0
1679,2021,17403,FACULDADE ARI DE SÁ,CE,Fortaleza,17,4,2
1685,2021,17628,Faculdade do Maciço do Baturité,CE,Baturité,111,71,22
1687,2021,17688,FACULDADE FADAM,CE,Fortaleza,65,15,7
1700,2021,18051,Faculdades de Ciências e Tecnologia do Nordeste LTDA,CE,Fortaleza,79,33,25
1701,2021,18067,CISNE - Faculdade Tecnológica de Quixadá,CE,Quixadá,3,0,3
1711,2021,18643,FACULDADE UNINASSAU MARACANAÚ,CE,Maracanaú,139,55,40
1737,2021,19844,FACULDADE UNINASSAU SOBRAL,CE,Sobral,0,0,0
1750,2021,20532,Faculdade Metropolitana de Horizonte,CE,Horizonte,25,11,13
1754,2021,21088,FACULDADE RODOLFO TEÓFILO,CE,Fortaleza,41,14,6
1771,2021,21811,Faculdade Paiva Andrade,CE,Fortaleza,7,10,7
121,2020,555,UNIVERSIDADE DE FORTALEZA,CE,Fortaleza,3,0,3
129,2020,583,UNIVERSIDADE FEDERAL DO CEARÁ,CE,Fortaleza,41,0,2
207,2020,1107,Centro Universitário Estácio do Ceará,CE,Fortaleza,1106,480,223
251,2020,1350,FACULDADE DO VALE DO JAGUARIBE,CE,Aracati,23,10,8
323,2020,1658,CENTRO UNIVERSITÁRIO DA GRANDE FORTALEZA,CE,Fortaleza,148,0,28
346,2020,1735,CENTRO UNIVERSITÁRIO DOUTOR LEÃO SAMPAIO,CE,Juazeiro do Norte,61,47,30
352,2020,1772,Centro Universitário Fanor Wyden,CE,Fortaleza,242,190,42
362,2020,1807,"INSTITUTO FEDERAL DE EDUCAÇÃO, CIÊNCIA E TECNOLOGIA DO CEARÁ",CE,Fortaleza,1,0,1
371,2020,1819,CENTRO UNIVERSITÁRIO FARIAS BRITO,CE,Fortaleza,72,24,25
394,2020,1895,CENTRO UNIVERSITÁRIO CHRISTUS,CE,Fortaleza,45,15,8
409,2020,1978,Centro Universitário Fametro,CE,Fortaleza,279,94,144
418,2020,2111,CENTRO UNIVERSITÁRIO INTA,CE,Sobral,195,86,19
423,2020,2135,CENTRO UNIVERSITÁRIO CATÓLICA DE QUIXADÁ,CE,Quixadá,63,27,10
440,2020,2256,Faculdade Stella Maris - FSM,CE,Fortaleza,6,0,4
453,2020,2410,FACULDADE CEARENSE,CE,Fortaleza,63,24,38
460,2020,2497,CENTRO UNIVERSITÁRIO ATENEU,CE,Fortaleza,1695,1084,438
523,2020,3388,CENTRO UNIVERSITÁRIO PARAÍSO,CE,Juazeiro do Norte,16,11,0
576,2020,4037,CENTRO UNIVERSITÁRIO PITÁGORAS DE FORTALEZA,CE,Fortaleza,54,24,46
603,2020,4367,FACULDADE TERRA NORDESTE,CE,Caucaia,23,10,6
632,2020,4784,FACULDADE CDL,CE,Fortaleza,320,169,99
635,2020,4823,FACULDADE DE TECNOLOGIA EVOLUÇÃO,CE,Fortaleza,22,6,6
698,2020,13106,FACULDADE DE TECNOLOGIA LOURENÇO FILHO,CE,Fortaleza,1,0,1
727,2020,14321,CENTRO UNIVERSITÁRIO MAURÍCIO DE NASSAU DE FORTALEZA,CE,Fortaleza,114,41,26
752,2020,15526,FACULDADE DE GESTAO E NEGOCIOS DE FORTALEZA,CE,Fortaleza,42,10,21
777,2020,16453,Faculdade Unirb -  Ceará,CE,Fortaleza,3,4,0
788,2020,17403,FACULDADE ARI DE SÁ,CE,Fortaleza,15,6,1
794,2020,17628,Faculdade do Maciço do Baturité,CE,Baturité,105,39,17
796,2020,17688,FACULDADE FADAM,CE,Maracanaú,61,33,32
808,2020,18067,CISNE - Faculdade Tecnológica de Quixadá,CE,Quixadá,30,0,27
819,2020,18643,FACULDADE UNINASSAU MARACANAÚ,CE,Maracanaú,154,53,60
846,2020,19844,FACULDADE UNINASSAU SOBRAL,CE,Sobral,2,0,1
852,2020,20200,Faculdade Padre Cícero,CE,Juazeiro do Norte,8,2,0
854,2020,20532,Faculdade Metropolitana de Horizonte,CE,Horizonte,52,34,29
858,2020,21088,FACULDADE RODOLFO TEÓFILO,CE,Fortaleza,46,28,0
873,2020,21811,Faculdade Paiva Andrade,CE,Fortaleza,16,23,0
3711,2024,385,UNIVERSIDADE SALVADOR,BA,Salvador,1455,741,802
3714,2024,396,Centro Universitário Ruy Barbosa Wyden,BA,Salvador,42,28,9
3751,2024,519,UNIVERSIDADE CATÓLICA DO SALVADOR,BA,Salvador,121,164,3
3766,2024,599,"INSTITUTO FEDERAL DE EDUCAÇÃO, CIÊNCIA E TECNOLOGIA DA BAHIA",BA,Salvador,31,31,0
3829,2024,1055,Centro Universitário Maurício de Nassau de Salvador,BA,Salvador,5,0,5
3830,2024,1058,Centro Universitário Estácio da Bahia,BA,Salvador,197,115,54
3853,2024,1185,CENTRO UNIVERSITÁRIO JORGE AMADO,BA,Salvador,1411,1008,292
3878,2024,1363,FACULDADE VISCONDE DE CAIRÚ,BA,Salvador,171,70,32
3937,2024,1640,CENTRO UNIVERSITÁRIO AGES,BA,Paripiranga,1,3,0
3953,2024,1718,CENTRO UNIVERSITÁRIO NOBRE DE FEIRA DE SANTANA,BA,Feira de Santana,14,14,0
4019,2024,2067,Centro Universitário de Ciências e Empreendedorismo,BA,Santo Antônio de Jesus,11,7,2
4020,2024,2076,CENTRO UNIVERSITÁRIO UNIRB,BA,Salvador,3,0,0
4032,2024,2222,Centro Universitário do Rio São Francisco Unirios,BA,Paulo Afonso,119,226,0
4039,2024,2402,Centro Universitário UNIFTC,BA,Salvador,19,1,15
4051,2024,2560,FACULDADE DE ENSINO SUPERIOR DA CIDADE DE FEIRA DE SANTANA,BA,Feira de Santana,221,108,53
4061,2024,2753,Faculdade de Ciências Educacionais de Capim Grosso,BA,Capim Grosso,12,8,7
4075,2024,3034,Faculdade Anhanguera Unime de Salvador,BA,Salvador,189,130,66
4089,2024,3268,FACULDADE MADRE THAIS,BA,Ilhéus,0,0,0
4091,2024,3285,FACULDADE SANTO ANTONIO,BA,Alagoinhas,7,3,1
4096,2024,3365,Faculdade UniBRAS Juazeiro,BA,Juazeiro,2,0,2
4109,2024,3588,CENTRO UNIVERSITÁRIO DOM PEDRO II,BA,Salvador,99,48,25
4130,2024,3921,CENTRO UNIVERSITÁRIO ARNALDO HORÁCIO FERREIRA,BA,Luís Eduardo Magalhães,0,0,0
4172,2024,4503,UNIVERSIDADE FEDERAL DO RECÔNCAVO DA BAHIA,BA,Cruz das Almas,263,67,25
4236,2024,11862,FACULDADE ALFREDO NASSER DE REMANSO,BA,Remanso,17,0,7
4237,2024,11951,FACULDADE DO SERTÃO BAIANO,BA,Monte Santo,18,0,18
4246,2024,12922,FACULDADE DE TECNOLOGIA E CIÊNCIAS DA BAHIA,BA,Alagoinhas,1,0,1
4270,2024,14509,"INSTITUTO FEDERAL DE EDUCAÇÃO, CIÊNCIA E TECNOLOGIA BAIANO",BA,Salvador,62,16,12
4404,2024,21226,FACULDADE SUDOESTE,BA,Vitória da Conquista,61,28,27
2808,2023,385,UNIVERSIDADE SALVADOR,BA,Salvador,1295,284,882
2811,2023,396,Centro Universitário Ruy Barbosa Wyden,BA,Salvador,49,40,6
2848,2023,519,UNIVERSIDADE CATÓLICA DO SALVADOR,BA,Salvador,35,66,13
2858,2023,578,UNIVERSIDADE FEDERAL DA BAHIA,BA,Salvador,0,0,0
2925,2023,1055,Centro Universitário Maurício de Nassau de Salvador,BA,Salvador,32,3,12
2926,2023,1058,Centro Universitário Estácio da Bahia,BA,Salvador,249,204,50
2950,2023,1185,CENTRO UNIVERSITÁRIO JORGE AMADO,BA,Salvador,1123,793,192
2976,2023,1363,FACULDADE VISCONDE DE CAIRÚ,BA,Salvador,141,98,6
3036,2023,1640,CENTRO UNIVERSITÁRIO AGES,BA,Paripiranga,6,15,2
3101,2023,1883,CENTRO UNIVERSITÁRIO UNIME,BA,Lauro de Freitas,1,0,1
3104,2023,1893,Faculdade Unirb - Feira de Santana,BA,Feira de Santana,0,0,0
3109,2023,1910,FACULDADE UNINASSAU LAURO DE FREITAS,BA,Lauro de Freitas,6,0,6
3127,2023,2067,Centro Universitário de Ciências e Empreendedorismo,BA,Santo Antônio de Jesus,5,1,0
3128,2023,2076,CENTRO UNIVERSITÁRIO UNIRB,BA,Salvador,9,4,4
3142,2023,2222,Centro Universitário do Rio São Francisco Unirios,BA,Paulo Afonso,37,87,0
3154,2023,2402,Centro Universitário UNIFTC,BA,Salvador,33,0,11
3165,2023,2560,FACULDADE DE ENSINO SUPERIOR DA CIDADE DE FEIRA DE SANTANA,BA,Feira de Santana,219,55,53
3175,2023,2753,Faculdade de Ciências Educacionais de Capim Grosso,BA,Capim Grosso,9,2,0
3190,2023,3034,Faculdade Anhanguera Unime de Salvador,BA,Salvador,179,127,48
3204,2023,3268,FACULDADE MADRE THAIS,BA,Ilhéus,1,0,1
3206,2023,3285,FACULDADE SANTO ANTONIO,BA,Alagoinhas,15,8,7
3212,2023,3365,Faculdade UniBRAS Juazeiro,BA,Juazeiro,2,0,1
3225,2023,3588,CENTRO UNIVERSITÁRIO DOM PEDRO II,BA,Salvador,142,100,25
3241,2023,3864,Centro Universitário UNIRB - Alagoinhas,BA,Alagoinhas,0,0,0
3245,2023,3921,CENTRO UNIVERSITÁRIO ARNALDO HORÁCIO FERREIRA,BA,Luís Eduardo Magalhães,12,0,12
3292,2023,4503,UNIVERSIDADE FEDERAL DO RECÔNCAVO DA BAHIA,BA,Cruz das Almas,247,110,15
3324,2023,4959,FACULDADE ANHANGUERA DE FEIRA DE SANTANA,BA,Feira de Santana,1,0,1
3358,2023,11951,FACULDADE DO SERTÃO BAIANO,BA,Monte Santo,9,0,0
3367,2023,12922,FACULDADE DE TECNOLOGIA E CIÊNCIAS DA BAHIA,BA,Alagoinhas,2,0,1
3393,2023,14509,"INSTITUTO FEDERAL DE EDUCAÇÃO, CIÊNCIA E TECNOLOGIA BAIANO",BA,Salvador,82,28,12
3401,2023,14996,FACULDADE DIPLOMATA,BA,Salvador,0,0,0
3486,2023,18708,Faculdade AGES de Senhor do Bonfim,BA,Senhor do Bonfim,0,1,0
3530,2023,21226,FACULDADE SUDOESTE,BA,Vitória da Conquista,73,27,35
1889,2022,385,UNIVERSIDADE SALVADOR,BA,Salvador,2103,1416,233
1892,2022,396,Centro Universitário Ruy Barbosa Wyden,BA,Salvador,26,24,6
1928,2022,519,UNIVERSIDADE CATÓLICA DO SALVADOR,BA,Salvador,45,4,15
1938,2022,578,UNIVERSIDADE FEDERAL DA BAHIA,BA,Salvador,4,0,3
2005,2022,1055,Centro Universitário Maurício de Nassau de Salvador,BA,Salvador,45,37,7
2006,2022,1058,Centro Universitário Estácio da Bahia,BA,Salvador,292,248,103
2031,2022,1185,CENTRO UNIVERSITÁRIO JORGE AMADO,BA,Salvador,830,727,107
2058,2022,1363,FACULDADE VISCONDE DE CAIRÚ,BA,Salvador,60,53,5
2068,2022,1394,FACULDADE CASTRO ALVES,BA,Salvador,0,0,0
2085,2022,1461,CENTRO UNIVERSIÁRIO UNIFTC SALVADOR,BA,Salvador,0,0,0
2113,2022,1571,FACULDADE UNIME DE CIÊNCIAS SOCIAIS,BA,Lauro de Freitas,8,0,6
2126,2022,1640,CENTRO UNIVERSITÁRIO AGES,BA,Paripiranga,7,8,2
2196,2022,1893,Faculdade Unirb - Feira de Santana,BA,Feira de Santana,1,0,0
2201,2022,1910,FACULDADE UNINASSAU LAURO DE FREITAS,BA,Lauro de Freitas,19,3,2
2221,2022,2067,Centro Universitário de Ciências e Empreendedorismo,BA,Santo Antônio de Jesus,12,3,4
2222,2022,2076,CENTRO UNIVERSITÁRIO UNIRB,BA,Salvador,13,2,0
2250,2022,2402,Centro Universitário UNIFTC,BA,Salvador,54,27,11
2254,2022,2444,Faculdade Unirb - Barreiras,BA,Barreiras,0,0,0
2261,2022,2560,FACULDADE DE ENSINO SUPERIOR DA CIDADE DE FEIRA DE SANTANA,BA,Feira de Santana,327,129,64
2273,2022,2753,Faculdade de Ciências Educacionais de Capim Grosso,BA,Capim Grosso,12,18,0
2285,2022,2944,FACULDADE ANHANGUERA DE ITABUNA,BA,Itabuna,1,0,1
2290,2022,3034,Faculdade Anhanguera de Salvador,BA,Salvador,155,161,35
2304,2022,3268,FACULDADE MADRE THAIS,BA,Ilhéus,31,3,17
2306,2022,3285,FACULDADE SANTO ANTONIO,BA,Alagoinhas,17,6,7
2313,2022,3365,FACULDADE UNIBRAS DA BAHIA,BA,Juazeiro,3,0,2
2326,2022,3588,CENTRO UNIVERSITÁRIO DOM PEDRO II,BA,Salvador,129,66,16
2344,2022,3864,Centro Universitário UNIRB - Alagoinhas,BA,Alagoinhas,0,0,0
2348,2022,3921,CENTRO UNIVERSITÁRIO ARNALDO HORÁCIO FERREIRA,BA,Luís Eduardo Magalhães,17,18,3
2400,2022,4460,FACULDADE DOM PEDRO II DE TECNOLOGIA,BA,Salvador,2,2,2
2403,2022,4503,UNIVERSIDADE FEDERAL DO RECÔNCAVO DA BAHIA,BA,Cruz das Almas,274,113,43
2436,2022,4959,FACULDADE ANHANGUERA DE FEIRA DE SANTANA,BA,Feira de Santana,2,1,0
2475,2022,11951,FACULDADE DO SERTÃO BAIANO,BA,Monte Santo,21,21,0
2484,2022,12922,FACULDADE DE TECNOLOGIA E CIÊNCIAS DA BAHIA,BA,Alagoinhas,6,2,1
2517,2022,14509,"INSTITUTO FEDERAL DE EDUCAÇÃO, CIÊNCIA E TECNOLOGIA BAIANO",BA,Salvador,95,25,20
2526,2022,14996,FACULDADE DE GESTAO E NEGOCIOS DE SALVADOR,BA,Salvador,8,0,4
2587,2022,17816,FACULDADE UNINASSAU FEIRA DE SANTANA,BA,Feira de Santana,0,0,0
2605,2022,18625,Faculdade Anhanguera De Vitória Da Conquista,BA,Vitória da Conquista,0,0,0
2619,2022,19260,FACULDADE ANHANGUERA DE JEQUIÉ,BA,Jequié,4,0,4
2656,2022,21226,FACULDADE SUDOESTE,BA,Vitória da Conquista,67,41,18
978,2021,385,UNIVERSIDADE SALVADOR,BA,Salvador,1713,1159,97
981,2021,396,Centro Universitário Ruy Barbosa Wyden,BA,Salvador,48,29,23
1016,2021,519,UNIVERSIDADE CATÓLICA DO SALVADOR,BA,Salvador,100,90,32
1028,2021,578,UNIVERSIDADE FEDERAL DA BAHIA,BA,Salvador,5,0,1
1094,2021,1055,Centro Universitário Maurício de Nassau de Salvador,BA,Salvador,24,7,11
1095,2021,1058,Centro Universitário Estácio da Bahia,BA,Salvador,386,110,122
1121,2021,1185,CENTRO UNIVERSITÁRIO JORGE AMADO,BA,Salvador,558,373,183
1151,2021,1363,FACULDADE VISCONDE DE CAIRÚ,BA,Salvador,27,19,8
1161,2021,1394,FACULDADE CASTRO ALVES,BA,Salvador,0,0,0
1179,2021,1461,CENTRO UNIVERSIÁRIO UNIFTC SALVADOR,BA,Salvador,18,0,16
1208,2021,1571,FACULDADE UNIME DE CIÊNCIAS SOCIAIS,BA,Lauro de Freitas,98,27,80
1221,2021,1640,CENTRO UNIVERSITÁRIO AGES,BA,Paripiranga,5,9,0
1222,2021,1645,FACULDADE DE TECNOLOGIA E CIÊNCIAS DE JEQUIÉ,BA,Jequié,0,0,0
1292,2021,1893,Faculdade Unirb - Feira de Santana,BA,Feira de Santana,1,1,0
1297,2021,1910,FACULDADE UNINASSAU LAURO DE FREITAS,BA,Lauro de Freitas,62,10,35
1315,2021,2067,Centro Universitário de Ciências e Empreendedorismo,BA,Santo Antônio de Jesus,23,3,12
1316,2021,2076,CENTRO UNIVERSITÁRIO UNIRB,BA,Salvador,1,1,0
1317,2021,2085,CENTRO UNIVERSITÁRIO DE SALVADOR,BA,Salvador,0,0,0
1348,2021,2402,Faculdade de Tecnologia e Ciências de Salvador,BA,Salvador,86,58,46
1353,2021,2444,Faculdade Unirb - Barreiras,BA,Barreiras,0,0,0
1360,2021,2560,FACULDADE DE ENSINO SUPERIOR DA CIDADE DE FEIRA DE SANTANA,BA,Feira de Santana,363,153,68
1385,2021,2944,FACULDADE DO SUL,BA,Itabuna,8,2,3
1390,2021,3034,FACULDADE DELTA,BA,Salvador,165,109,77
1404,2021,3268,FACULDADE MADRE THAIS,BA,Ilhéus,52,13,11
1406,2021,3285,FACULDADE SANTO ANTONIO,BA,Alagoinhas,25,10,8
1413,2021,3365,FACULDADE UNIBRAS DA BAHIA,BA,Juazeiro,4,0,2
1425,2021,3588,CENTRO UNIVERSITÁRIO DOM PEDRO II,BA,Salvador,125,29,28
1441,2021,3864,Centro Universitário UNIRB - Alagoinhas,BA,Alagoinhas,0,0,0
1445,2021,3921,CENTRO UNIVERSITÁRIO ARNALDO HORÁCIO FERREIRA,BA,Luís Eduardo Magalhães,6,6,2
1452,2021,3962,CENTRO UNIVERSITÁRIO SENAI CIMATEC,BA,Salvador,0,0,0
1500,2021,4460,FACULDADE DOM PEDRO II DE TECNOLOGIA,BA,Salvador,29,0,26
1503,2021,4503,UNIVERSIDADE FEDERAL DO RECÔNCAVO DA BAHIA,BA,Cruz das Almas,298,101,47
1537,2021,4959,FACULDADE PITÁGORAS DE FEIRA DE SANTANA,BA,Feira de Santana,17,0,14
1576,2021,11951,FACULDADE DO SERTÃO BAIANO,BA,Monte Santo,0,0,0
1585,2021,12922,FACULDADE DE TECNOLOGIA E CIÊNCIAS DA BAHIA,BA,Alagoinhas,24,4,14
1620,2021,14509,"INSTITUTO FEDERAL DE EDUCAÇÃO, CIÊNCIA E TECNOLOGIA BAIANO",BA,Salvador,90,37,2
1629,2021,14996,FACULDADE DE GESTAO E NEGOCIOS DE SALVADOR,BA,Salvador,9,4,4
1690,2021,17816,FACULDADE UNINASSAU FEIRA DE SANTANA,BA,Feira de Santana,0,0,0
1709,2021,18625,Faculdade Pitágoras de Vitória da Conquista,BA,Vitória da Conquista,5,0,5
1723,2021,19260,Faculdade Pitágoras de Jequié,BA,Jequié,17,1,10
1758,2021,21226,FACULDADE SUDOESTE,BA,Vitória da Conquista,48,14,20
77,2020,385,UNIVERSIDADE SALVADOR,BA,Salvador,1842,1358,447
80,2020,396,Centro Universitário Ruy Barbosa Wyden,BA,Salvador,110,74,26
115,2020,519,UNIVERSIDADE CATÓLICA DO SALVADOR,BA,Salvador,69,62,4
126,2020,578,UNIVERSIDADE FEDERAL DA BAHIA,BA,Salvador,1,0,1
193,2020,1055,Centro Universitário Maurício de Nassau de Salvador,BA,Salvador,45,14,18
194,2020,1058,Centro Universitário Estácio da Bahia,BA,Salvador,639,397,91
221,2020,1185,CENTRO UNIVERSITÁRIO JORGE AMADO,BA,Salvador,1115,460,722
253,2020,1363,FACULDADE VISCONDE DE CAIRÚ,BA,Salvador,56,17,30
263,2020,1394,FACULDADE CASTRO ALVES,BA,Salvador,1,0,0
280,2020,1461,CENTRO UNIVERSIÁRIO UNIFTC SALVADOR,BA,Salvador,43,8,21
309,2020,1571,FACULDADE UNIME DE CIÊNCIAS SOCIAIS,BA,Lauro de Freitas,219,178,92
322,2020,1645,FACULDADE DE TECNOLOGIA E CIÊNCIAS DE JEQUIÉ,BA,Jequié,0,0,0
393,2020,1893,Faculdade Unirb - Feira de Santana,BA,Feira de Santana,1,3,0
397,2020,1910,FACULDADE UNINASSAU LAURO DE FREITAS,BA,Lauro de Freitas,127,41,46
415,2020,2067,FACULDADE DE CIÊNCIAS E EMPREENDEDORISMO,BA,Santo Antônio de Jesus,42,15,16
416,2020,2076,CENTRO UNIVERSITÁRIO UNIRB,BA,Salvador,7,2,0
417,2020,2085,CENTRO UNIVERSITÁRIO DE SALVADOR,BA,Salvador,24,0,23
451,2020,2402,Faculdade de Tecnologia e Ciências,BA,Salvador,174,87,71
456,2020,2444,Faculdade Unirb - Barreiras,BA,Barreiras,8,0,0
463,2020,2553,Faculdade Dom Pedro II - Luis Eduardo Magalhães,BA,Luís Eduardo Magalhães,11,14,5
464,2020,2560,FACULDADE DE ENSINO SUPERIOR DA CIDADE DE FEIRA DE SANTANA,BA,Feira de Santana,456,211,28
470,2020,2581,FACULDADE SÃO SALVADOR,BA,Salvador,9,1,1
488,2020,2944,FACULDADE DO SUL,BA,Itabuna,40,27,28
493,2020,3034,FACULDADE DELTA,BA,Salvador,219,204,84
510,2020,3268,FACULDADE MADRE THAIS,BA,Ilhéus,78,26,28
512,2020,3285,FACULDADE SANTO ANTONIO,BA,Alagoinhas,35,8,10
519,2020,3365,FACULDADE UNIBRAS DA BAHIA,BA,Juazeiro,13,3,8
531,2020,3588,CENTRO UNIVERSITÁRIO DOM PEDRO II,BA,Salvador,127,50,26
548,2020,3864,Centro Universitário UNIRB - Alagoinhas,BA,Alagoinhas,1,1,0
552,2020,3921,CENTRO UNIVERSITÁRIO ARNALDO HORÁCIO FERREIRA,BA,Luís Eduardo Magalhães,20,9,14
559,2020,3962,CENTRO UNIVERSITÁRIO SENAI CIMATEC,BA,Salvador,1,0,1
606,2020,4460,FACULDADE DOM PEDRO II DE TECNOLOGIA,BA,Salvador,148,1,73
609,2020,4503,UNIVERSIDADE FEDERAL DO RECÔNCAVO DA BAHIA,BA,Cruz das Almas,271,111,21
643,2020,4959,FACULDADE PITÁGORAS DE FEIRA DE SANTANA,BA,Feira de Santana,46,9,22
683,2020,11951,FACULDADE DO SERTÃO BAIANO,BA,Monte Santo,2,2,0
694,2020,12922,FACULDADE DE TECNOLOGIA E CIÊNCIAS DA BAHIA,BA,Alagoinhas,35,17,5
732,2020,14509,"INSTITUTO FEDERAL DE EDUCAÇÃO, CIÊNCIA E TECNOLOGIA BAIANO",BA,Salvador,70,32,0
740,2020,14996,FACULDADE DE GESTAO E NEGOCIOS DE SALVADOR,BA,Salvador,51,1,40
799,2020,17816,FACULDADE UNINASSAU FEIRA DE SANTANA,BA,Feira de Santana,0,0,0
816,2020,18625,Faculdade Pitágoras de Vitória da Conquista,BA,Vitória da Conquista,19,9,10
817,2020,18628,Faculdade Pitágoras de Luis Eduardo Magalhães,BA,Luís Eduardo Magalhães,15,30,15
829,2020,19260,Faculdade Pitágoras de Jequié,BA,Jequié,22,60,0
862,2020,21226,FACULDADE SUDOESTE,BA,Vitória da Conquista,52,9,18
4038,2024,2380,Faculdade Estácio do Amapá - Estácio Amapá,AP,Macapá,49,31,14
4116,2024,3769,FACULDADE MADRE TEREZA,AP,Santana,89,6,11
4288,2024,15522,"INSTITUTO FEDERAL DE EDUCAÇÃO, CIÊNCIA E TECNOLOGIA DO AMAPÁ",AP,Macapá,111,83,27
3153,2023,2380,Faculdade Estácio do Amapá - Estácio Amapá,AP,Macapá,64,34,19
3233,2023,3769,FACULDADE MADRE TEREZA,AP,Santana,111,100,12
3412,2023,15522,"INSTITUTO FEDERAL DE EDUCAÇÃO, CIÊNCIA E TECNOLOGIA DO AMAPÁ",AP,Macapá,143,82,67
2249,2022,2380,Faculdade Estácio do Amapá - Estácio Amapá,AP,Macapá,89,53,24
2277,2022,2773,FACULDADE ANHANGUERA DE MACAPÁ,AP,Macapá,8,0,8
2333,2022,3769,FACULDADE MADRE TEREZA,AP,Santana,35,37,0
2471,2022,11593,FACULDADE CRISTÃ DA AMAZÔNIA,AP,Macapá,54,42,11
2537,2022,15522,"INSTITUTO FEDERAL DE EDUCAÇÃO, CIÊNCIA E TECNOLOGIA DO AMAPÁ",AP,Macapá,216,72,30
1347,2021,2380,Faculdade Estácio do Amapá - Estácio Amapá,AP,Macapá,102,61,21
1374,2021,2773,FACULDADE ANHANGUERA DE MACAPÁ,AP,Macapá,24,13,15
1572,2021,11593,FACULDADE CRISTÃ DA AMAZÔNIA,AP,Macapá,0,0,0
1641,2021,15522,"INSTITUTO FEDERAL DE EDUCAÇÃO, CIÊNCIA E TECNOLOGIA DO AMAPÁ",AP,Macapá,180,0,0
450,2020,2380,Faculdade Estácio do Amapá - Estácio Amapá,AP,Macapá,109,90,6
478,2020,2773,FACULDADE DE MACAPÁ,AP,Macapá,49,65,15
487,2020,2917,FACULDADE BRASIL NORTE,AP,Macapá,15,2,15
680,2020,11593,FACULDADE CRISTÃ DA AMAZÔNIA,AP,Macapá,7,34,0
751,2020,15522,"INSTITUTO FEDERAL DE EDUCAÇÃO, CIÊNCIA E TECNOLOGIA DO AMAPÁ",AP,Macapá,210,71,1
3782,2024,669,UNIVERSIDADE NILTON LINS,AM,Manaus,1042,488,444
3891,2024,1422,CENTRO UNIVERSITÁRIO DO NORTE,AM,Manaus,619,35,171
3897,2024,1436,ESCOLA SUPERIOR BATISTA DO AMAZONAS,AM,Manaus,59,39,21
3978,2024,1812,"INSTITUTO FEDERAL DE EDUCAÇÃO, CIÊNCIA E TECNOLOGIA  DO AMAZONAS",AM,Manaus,61,11,12
4027,2024,2147,Centro Universitário CEUNI - FAMETRO,AM,Manaus,2869,836,664
4030,2024,2186,FACULDADE SALESIANA DOM BOSCO,AM,Manaus,0,0,0
4058,2024,2676,FACULDADE LA SALLE,AM,Manaus,19,13,5
4164,2024,4277,FACULDADE ESTÁCIO DO AMAZONAS - ESTÁCIO AMAZONAS,AM,Manaus,326,220,129
4280,2024,15135,FACULDADE DE TECNOLOGIA SENAC AMAZONAS,AM,Manaus,37,22,19
4361,2024,18684,Faculdade Santa Teresa,AM,Manaus,19,0,18
4414,2024,21592,FACULDADE AMAZONAS,AM,Manacapuru,4,4,0
4421,2024,21819,FACULDADE REGIONAL DO AMAZONAS,AM,Manaus,0,0,0
4447,2024,22566,Faculdade Metropolitana de Itacoatiara,AM,Itacoatiara,3,3,0
4452,2024,22640,Faculdade Metropolitana de Coari,AM,Coari,5,5,0
4453,2024,22641,Faculdade Metropolitana de Parintins,AM,Parintins,5,5,0
4454,2024,22643,Faculdade Metropolitana de Tefé,AM,Tefé,5,5,0
4492,2024,24211,Instituto Amazônico de Ensino Superior,AM,Manaus,0,0,0
4494,2024,24223,Faculdade de Tecnologia da Amazônia,AM,Manaus,107,103,0
2877,2023,669,UNIVERSIDADE NILTON LINS,AM,Manaus,1087,506,439
2980,2023,1381,Faculdade Martha Falcão Wyden,AM,Manaus,0,0,0
2990,2023,1422,CENTRO UNIVERSITÁRIO DO NORTE,AM,Manaus,828,466,157
2996,2023,1436,ESCOLA SUPERIOR BATISTA DO AMAZONAS,AM,Manaus,72,28,41
3079,2023,1812,"INSTITUTO FEDERAL DE EDUCAÇÃO, CIÊNCIA E TECNOLOGIA  DO AMAZONAS",AM,Manaus,80,41,0
3135,2023,2147,Centro Universitário CEUNI - FAMETRO,AM,Manaus,2754,1333,123
3140,2023,2186,FACULDADE SALESIANA DOM BOSCO,AM,Manaus,62,5,62
3172,2023,2676,FACULDADE LA SALLE,AM,Manaus,19,16,5
3197,2023,3172,UNIVERSIDADE DO ESTADO DO AMAZONAS,AM,Manaus,0,0,0
3282,2023,4277,FACULDADE ESTÁCIO DO AMAZONAS - ESTÁCIO AMAZONAS,AM,Manaus,386,243,83
3405,2023,15135,FACULDADE DE TECNOLOGIA SENAC AMAZONAS,AM,Manaus,59,28,37
3485,2023,18684,Faculdade Santa Teresa,AM,Manaus,26,0,0
3544,2023,21819,FACULDADE REGIONAL DO AMAZONAS,AM,Manaus,0,2,0
3606,2023,24211,Instituto Amazônico de Ensino Superior,AM,Manaus,19,3,19
3608,2023,24223,Faculdade de Tecnologia da Amazônia,AM,Manaus,36,36,0
1909,2022,452,CENTRO UNIVERSITÁRIO LUTERANO DE MANAUS,AM,Manaus,0,0,0
1957,2022,668,CENTRO UNIVERSITÁRIO DE ENSINO SUPERIOR DO AMAZONAS,AM,Manaus,0,0,0
1958,2022,669,UNIVERSIDADE NILTON LINS,AM,Manaus,681,412,120
2062,2022,1381,Faculdade Martha Falcão Wyden,AM,Manaus,0,0,0
2075,2022,1422,CENTRO UNIVERSITÁRIO DO NORTE,AM,Manaus,911,864,71
2082,2022,1436,ESCOLA SUPERIOR BATISTA DO AMAZONAS,AM,Manaus,69,31,16
2171,2022,1812,"INSTITUTO FEDERAL DE EDUCAÇÃO, CIÊNCIA E TECNOLOGIA  DO AMAZONAS",AM,Manaus,64,0,21
2230,2022,2147,Centro Universitário CEUNI - FAMETRO,AM,Manaus,1439,823,424
2236,2022,2186,FACULDADE SALESIANA DOM BOSCO,AM,Manaus,132,18,70
2269,2022,2676,FACULDADE LA SALLE,AM,Manaus,19,0,9
2297,2022,3172,UNIVERSIDADE DO ESTADO DO AMAZONAS,AM,Manaus,1,0,0
2390,2022,4277,FACULDADE ESTÁCIO DO AMAZONAS - ESTÁCIO AMAZONAS,AM,Manaus,466,386,109
2530,2022,15135,FACULDADE DE TECNOLOGIA SENAC AMAZONAS,AM,Manaus,30,0,13
2609,2022,18684,Faculdade Santa Teresa,AM,Manaus,27,27,0
2669,2022,21819,FACULDADE REGIONAL DO AMAZONAS,AM,Manaus,0,0,0
2718,2022,24211,Instituto Amazônico de Ensino Superior,AM,Manaus,27,30,0
997,2021,452,CENTRO UNIVERSITÁRIO LUTERANO DE MANAUS,AM,Manaus,4,0,3
1047,2021,668,CENTRO UNIVERSITÁRIO DE ENSINO SUPERIOR DO AMAZONAS,AM,Manaus,0,0,0
1048,2021,669,UNIVERSIDADE NILTON LINS,AM,Manaus,461,289,139
1155,2021,1381,Faculdade Martha Falcão Wyden,AM,Manaus,3,0,3
1168,2021,1422,CENTRO UNIVERSITÁRIO DO NORTE,AM,Manaus,514,411,73
1175,2021,1436,ESCOLA SUPERIOR BATISTA DO AMAZONAS,AM,Manaus,77,71,7
1268,2021,1812,"INSTITUTO FEDERAL DE EDUCAÇÃO, CIÊNCIA E TECNOLOGIA  DO AMAZONAS",AM,Manaus,99,31,3
1325,2021,2147,Centro Universitário CEUNI - FAMETRO,AM,Manaus,1535,314,221
1331,2021,2186,FACULDADE SALESIANA DOM BOSCO,AM,Manaus,143,83,45
1367,2021,2676,FACULDADE LA SALLE,AM,Manaus,44,12,15
1397,2021,3172,UNIVERSIDADE DO ESTADO DO AMAZONAS,AM,Manaus,1,0,0
1481,2021,4135,Faculdade Uninorte,AM,Manaus,8,0,6
1491,2021,4277,FACULDADE ESTÁCIO DO AMAZONAS - ESTÁCIO AMAZONAS,AM,Manaus,509,428,55
1633,2021,15135,FACULDADE DE TECNOLOGIA SENAC AMAZONAS,AM,Manaus,100,60,56
1715,2021,18684,Faculdade Santa Teresa,AM,Manaus,0,0,0
1772,2021,21819,FACULDADE REGIONAL DO AMAZONAS,AM,Manaus,0,0,0
96,2020,452,CENTRO UNIVERSITÁRIO LUTERANO DE MANAUS,AM,Manaus,10,0,5
144,2020,668,CENTRO UNIVERSITÁRIO DE ENSINO SUPERIOR DO AMAZONAS,AM,Manaus,9,6,7
145,2020,669,UNIVERSIDADE NILTON LINS,AM,Manaus,380,225,189
257,2020,1381,Faculdade Martha Falcão Wyden,AM,Manaus,26,15,10
269,2020,1422,CENTRO UNIVERSITÁRIO DO NORTE,AM,Manaus,703,249,222
276,2020,1436,ESCOLA SUPERIOR BATISTA DO AMAZONAS,AM,Manaus,34,26,10
367,2020,1812,"INSTITUTO FEDERAL DE EDUCAÇÃO, CIÊNCIA E TECNOLOGIA  DO AMAZONAS",AM,Manaus,53,23,8
425,2020,2147,Centro Universitário CEUNI - FAMETRO,AM,Manaus,1641,752,302
432,2020,2186,FACULDADE SALESIANA DOM BOSCO,AM,Manaus,188,94,85
472,2020,2676,FACULDADE LA SALLE,AM,Manaus,95,25,37
501,2020,3172,UNIVERSIDADE DO ESTADO DO AMAZONAS,AM,Manaus,1,0,0
587,2020,4135,Faculdade Uninorte,AM,Manaus,49,1,19
597,2020,4277,FACULDADE ESTÁCIO DO AMAZONAS - ESTÁCIO AMAZONAS,AM,Manaus,525,563,45
743,2020,15135,FACULDADE DE TECNOLOGIA SENAC AMAZONAS,AM,Manaus,33,58,0
822,2020,18684,Faculdade Santa Teresa,AM,Manaus,12,0,7
874,2020,21819,FACULDADE REGIONAL DO AMAZONAS,AM,Manaus,2,6,0
3643,2024,32,UNIVERSIDADE ESTADUAL DE CIÊNCIAS DA SAÚDE DE ALAGOAS - UNCISAL,AL,Maceió,106,9,25
3771,2024,621,CENTRO UNIVERSITÁRIO CESMAC,AL,Maceió,107,72,25
3911,2024,1504,CENTRO UNIVERSITÁRIO MAURÍCIO DE NASSAU DE MACEIÓ,AL,Maceió,10,0,9
4011,2024,1965,Centro Universitário Mario Pontes Jucá,AL,Maceió,74,57,1
4033,2024,2244,FACULDADE DA CIDADE DE MACEIÓ,AL,Maceió,41,52,0
4078,2024,3160,"INSTITUTO FEDERAL DE EDUCAÇÃO, CIÊNCIA E TECNOLOGIA DE ALAGOAS",AL,Maceió,9,13,0
2739,2023,32,UNIVERSIDADE ESTADUAL DE CIÊNCIAS DA SAÚDE DE ALAGOAS - UNCISAL,AL,Maceió,159,82,36
2866,2023,621,CENTRO UNIVERSITÁRIO CESMAC,AL,Maceió,117,83,16
3011,2023,1504,CENTRO UNIVERSITÁRIO MAURÍCIO DE NASSAU DE MACEIÓ,AL,Maceió,27,0,5
3119,2023,1965,Centro Universitário Mario Pontes Jucá,AL,Maceió,79,60,10
3145,2023,2244,FACULDADE DA CIDADE DE MACEIÓ,AL,Maceió,5,14,0
3392,2023,14429,FACULDADE ANHANGUERA DE MACEIÓ,AL,Maceió,0,0,0
3488,2023,18874,FACULDADE RAIMUNDO MARINHO DE PENEDO,AL,Penedo,0,0,0
1821,2022,32,UNIVERSIDADE ESTADUAL DE CIÊNCIAS DA SAÚDE DE ALAGOAS - UNCISAL,AL,Maceió,91,13,2
1946,2022,621,CENTRO UNIVERSITÁRIO CESMAC,AL,Maceió,129,159,0
2098,2022,1504,CENTRO UNIVERSITÁRIO MAURÍCIO DE NASSAU DE MACEIÓ,AL,Maceió,50,44,5
2211,2022,1965,Centro Universitário Mario Pontes Jucá,AL,Maceió,78,0,31
2241,2022,2244,FACULDADE DA CIDADE DE MACEIÓ,AL,Maceió,4,5,4
2406,2022,4530,CENTRO UNIVERSITÁRIO TIRADENTES,AL,Maceió,5,2,4
2516,2022,14429,FACULDADE ANHANGUERA DE MACEIÓ,AL,Maceió,2,0,1
2611,2022,18874,FACULDADE RAIMUNDO MARINHO DE PENEDO,AL,Penedo,6,0,6
912,2021,32,UNIVERSIDADE ESTADUAL DE CIÊNCIAS DA SAÚDE DE ALAGOAS - UNCISAL,AL,Maceió,118,26,23
1036,2021,621,CENTRO UNIVERSITÁRIO CESMAC,AL,Maceió,132,227,0
1190,2021,1504,CENTRO UNIVERSITÁRIO MAURÍCIO DE NASSAU DE MACEIÓ,AL,Maceió,18,18,0
1306,2021,1965,Centro Universitário Mario Pontes Jucá,AL,Maceió,166,55,41
1338,2021,2244,FACULDADE DA CIDADE DE MACEIÓ,AL,Maceió,35,0,27
1506,2021,4530,CENTRO UNIVERSITÁRIO TIRADENTES,AL,Maceió,10,1,7
1619,2021,14429,FACULDADE PITÁGORAS DE MACEIÓ,AL,Maceió,39,7,34
1717,2021,18874,FACULDADE RAIMUNDO MARINHO DE PENEDO,AL,Penedo,5,9,0
10,2020,32,UNIVERSIDADE ESTADUAL DE CIÊNCIAS DA SAÚDE DE ALAGOAS - UNCISAL,AL,Maceió,270,25,180
133,2020,621,CENTRO UNIVERSITÁRIO CESMAC,AL,Maceió,95,96,14
407,2020,1965,Centro Universitário Mario Pontes Jucá,AL,Maceió,212,69,38
439,2020,2244,FACULDADE DA CIDADE DE MACEIÓ,AL,Maceió,67,59,24
502,2020,3182,Faculdade UNIRB - ARAPIRACA,AL,Arapiraca,0,2,0
611,2020,4530,CENTRO UNIVERSITÁRIO TIRADENTES,AL,Maceió,29,14,9
731,2020,14429,FACULDADE PITÁGORAS DE MACEIÓ,AL,Maceió,111,49,56
4024,2024,2132,CENTRO UNIVERSITÁRIO UNINORTE,AC,Rio Branco,221,81,106
4286,2024,15507,"Instituto Federal de Educação, Ciência e Tecnologia do Acre",AC,Rio Branco,296,84,53
3132,2023,2132,CENTRO UNIVERSITÁRIO UNINORTE,AC,Rio Branco,349,92,122
3152,2023,2343,Centro Univeritário UniVOLTAIRE,AC,Rio Branco,0,0,0
3411,2023,15507,"Instituto Federal de Educação, Ciência e Tecnologia do Acre",AC,Rio Branco,306,110,53
2227,2022,2132,CENTRO UNIVERSITÁRIO UNINORTE,AC,Rio Branco,496,352,112
2248,2022,2343,Centro Universitário U:VERSE,AC,Rio Branco,38,8,13
2536,2022,15507,"Instituto Federal de Educação, Ciência e Tecnologia do Acre",AC,Rio Branco,255,70,29
1322,2021,2132,CENTRO UNIVERSITÁRIO UNINORTE,AC,Rio Branco,469,370,17
1346,2021,2343,Centro Universitário U:VERSE,AC,Rio Branco,33,0,2
1640,2021,15507,"Instituto Federal de Educação, Ciência e Tecnologia do Acre",AC,Rio Branco,254,71,19
422,2020,2132,CENTRO UNIVERSITÁRIO UNINORTE,AC,Rio Branco,248,217,30
449,2020,2343,Centro Universitário U:VERSE,AC,Rio Branco,55,13,21
750,2020,15507,"Instituto Federal de Educação, Ciência e Tecnologia do Acre",AC,Rio Branco,232,71,8
